"year","em","sector","month","global_total","units"
1900,"CO2","AGR",1,0,"kt"
1900,"CO2","AGR",2,0,"kt"
1900,"CO2","AGR",3,0,"kt"
1900,"CO2","AGR",4,0,"kt"
1900,"CO2","AGR",5,0,"kt"
1900,"CO2","AGR",6,0,"kt"
1900,"CO2","AGR",7,0,"kt"
1900,"CO2","AGR",8,0,"kt"
1900,"CO2","AGR",9,0,"kt"
1900,"CO2","AGR",10,0,"kt"
1900,"CO2","AGR",11,0,"kt"
1900,"CO2","AGR",12,0,"kt"
1900,"CO2","ENE",1,52033.7556593139,"kt"
1900,"CO2","ENE",2,43551.9686013156,"kt"
1900,"CO2","ENE",3,44258.5453146541,"kt"
1900,"CO2","ENE",4,39720.1189449376,"kt"
1900,"CO2","ENE",5,38466.1008824283,"kt"
1900,"CO2","ENE",6,37579.9320270903,"kt"
1900,"CO2","ENE",7,39975.2756536161,"kt"
1900,"CO2","ENE",8,39216.4910914639,"kt"
1900,"CO2","ENE",9,37040.7009621604,"kt"
1900,"CO2","ENE",10,39458.9986704923,"kt"
1900,"CO2","ENE",11,40771.0544969152,"kt"
1900,"CO2","ENE",12,48898.3062644281,"kt"
1900,"CO2","IND",1,80108.3161367304,"kt"
1900,"CO2","IND",2,72391.0242250689,"kt"
1900,"CO2","IND",3,72243.0874216182,"kt"
1900,"CO2","IND",4,69987.934773134,"kt"
1900,"CO2","IND",5,60542.4674872252,"kt"
1900,"CO2","IND",6,54840.1809799687,"kt"
1900,"CO2","IND",7,52716.1280274231,"kt"
1900,"CO2","IND",8,56668.1870126343,"kt"
1900,"CO2","IND",9,54764.9114535619,"kt"
1900,"CO2","IND",10,64494.5264724364,"kt"
1900,"CO2","IND",11,69950.3000099307,"kt"
1900,"CO2","IND",12,80147.2053920406,"kt"
1900,"CO2","TRA",1,10725.1228372008,"kt"
1900,"CO2","TRA",2,9687.20772392335,"kt"
1900,"CO2","TRA",3,10725.1228372008,"kt"
1900,"CO2","TRA",4,10379.151132775,"kt"
1900,"CO2","TRA",5,10725.1228372008,"kt"
1900,"CO2","TRA",6,10379.151132775,"kt"
1900,"CO2","TRA",7,10725.1228372008,"kt"
1900,"CO2","TRA",8,10725.1228372008,"kt"
1900,"CO2","TRA",9,10379.151132775,"kt"
1900,"CO2","TRA",10,10725.1228372008,"kt"
1900,"CO2","TRA",11,10379.151132775,"kt"
1900,"CO2","TRA",12,10725.1228372008,"kt"
1900,"CO2","SLV",1,57.6661463544194,"kt"
1900,"CO2","SLV",2,52.0855515459272,"kt"
1900,"CO2","SLV",3,57.6661463544194,"kt"
1900,"CO2","SLV",4,55.805948084922,"kt"
1900,"CO2","SLV",5,57.6661463544194,"kt"
1900,"CO2","SLV",6,55.805948084922,"kt"
1900,"CO2","SLV",7,57.6661463544194,"kt"
1900,"CO2","SLV",8,57.6661463544194,"kt"
1900,"CO2","SLV",9,55.805948084922,"kt"
1900,"CO2","SLV",10,57.6661463544194,"kt"
1900,"CO2","SLV",11,55.805948084922,"kt"
1900,"CO2","SLV",12,57.6661463544194,"kt"
1900,"CO2","WST",1,0,"kt"
1900,"CO2","WST",2,0,"kt"
1900,"CO2","WST",3,0,"kt"
1900,"CO2","WST",4,0,"kt"
1900,"CO2","WST",5,0,"kt"
1900,"CO2","WST",6,0,"kt"
1900,"CO2","WST",7,0,"kt"
1900,"CO2","WST",8,0,"kt"
1900,"CO2","WST",9,0,"kt"
1900,"CO2","WST",10,0,"kt"
1900,"CO2","WST",11,0,"kt"
1900,"CO2","WST",12,0,"kt"
1900,"CO2","SHP",1,0,"kt"
1900,"CO2","SHP",2,0,"kt"
1900,"CO2","SHP",3,0,"kt"
1900,"CO2","SHP",4,0,"kt"
1900,"CO2","SHP",5,0,"kt"
1900,"CO2","SHP",6,0,"kt"
1900,"CO2","SHP",7,0,"kt"
1900,"CO2","SHP",8,0,"kt"
1900,"CO2","SHP",9,0,"kt"
1900,"CO2","SHP",10,0,"kt"
1900,"CO2","SHP",11,0,"kt"
1900,"CO2","SHP",12,0,"kt"
1900,"CO2","RCO",1,60487.6121770698,"kt"
1900,"CO2","RCO",2,47112.7405802352,"kt"
1900,"CO2","RCO",3,41651.0589276339,"kt"
1900,"CO2","RCO",4,24811.4566133069,"kt"
1900,"CO2","RCO",5,17262.2364339329,"kt"
1900,"CO2","RCO",6,15748.908878168,"kt"
1900,"CO2","RCO",7,16785.1983145005,"kt"
1900,"CO2","RCO",8,16782.7908161702,"kt"
1900,"CO2","RCO",9,15808.1716015273,"kt"
1900,"CO2","RCO",10,21011.5860355071,"kt"
1900,"CO2","RCO",11,34763.2460427561,"kt"
1900,"CO2","RCO",12,58675.0654514109,"kt"
1901,"CO2","AGR",1,0,"kt"
1901,"CO2","AGR",2,0,"kt"
1901,"CO2","AGR",3,0,"kt"
1901,"CO2","AGR",4,0,"kt"
1901,"CO2","AGR",5,0,"kt"
1901,"CO2","AGR",6,0,"kt"
1901,"CO2","AGR",7,0,"kt"
1901,"CO2","AGR",8,0,"kt"
1901,"CO2","AGR",9,0,"kt"
1901,"CO2","AGR",10,0,"kt"
1901,"CO2","AGR",11,0,"kt"
1901,"CO2","AGR",12,0,"kt"
1901,"CO2","ENE",1,54718.368115651,"kt"
1901,"CO2","ENE",2,45740.667174875,"kt"
1901,"CO2","ENE",3,46492.0972156598,"kt"
1901,"CO2","ENE",4,41732.0456847133,"kt"
1901,"CO2","ENE",5,40705.3837982196,"kt"
1901,"CO2","ENE",6,39876.4001244929,"kt"
1901,"CO2","ENE",7,42515.4625427657,"kt"
1901,"CO2","ENE",8,41770.1798961406,"kt"
1901,"CO2","ENE",9,39201.0213551494,"kt"
1901,"CO2","ENE",10,41561.0996800024,"kt"
1901,"CO2","ENE",11,42913.9665112457,"kt"
1901,"CO2","ENE",12,51505.8931686038,"kt"
1901,"CO2","IND",1,81550.4711925668,"kt"
1901,"CO2","IND",2,73711.6761689779,"kt"
1901,"CO2","IND",3,73597.646162731,"kt"
1901,"CO2","IND",4,71337.4986722128,"kt"
1901,"CO2","IND",5,61815.6200328385,"kt"
1901,"CO2","IND",6,56058.9042259716,"kt"
1901,"CO2","IND",7,53921.6795689473,"kt"
1901,"CO2","IND",8,57927.5343668373,"kt"
1901,"CO2","IND",9,55944.9340983372,"kt"
1901,"CO2","IND",10,65821.4748307286,"kt"
1901,"CO2","IND",11,71280.5136083956,"kt"
1901,"CO2","IND",12,81609.3557585112,"kt"
1901,"CO2","TRA",1,11386.1479351541,"kt"
1901,"CO2","TRA",2,10284.262651107,"kt"
1901,"CO2","TRA",3,11386.1479351541,"kt"
1901,"CO2","TRA",4,11018.8528404717,"kt"
1901,"CO2","TRA",5,11386.1479351541,"kt"
1901,"CO2","TRA",6,11018.8528404717,"kt"
1901,"CO2","TRA",7,11386.1479351541,"kt"
1901,"CO2","TRA",8,11386.1479351541,"kt"
1901,"CO2","TRA",9,11018.8528404717,"kt"
1901,"CO2","TRA",10,11386.1479351541,"kt"
1901,"CO2","TRA",11,11018.8528404717,"kt"
1901,"CO2","TRA",12,11386.1479351541,"kt"
1901,"CO2","SLV",1,64.9504418450944,"kt"
1901,"CO2","SLV",2,58.6649152149239,"kt"
1901,"CO2","SLV",3,64.9504418450944,"kt"
1901,"CO2","SLV",4,62.8552663017042,"kt"
1901,"CO2","SLV",5,64.9504418450944,"kt"
1901,"CO2","SLV",6,62.8552663017042,"kt"
1901,"CO2","SLV",7,64.9504418450944,"kt"
1901,"CO2","SLV",8,64.9504418450944,"kt"
1901,"CO2","SLV",9,62.8552663017042,"kt"
1901,"CO2","SLV",10,64.9504418450944,"kt"
1901,"CO2","SLV",11,62.8552663017042,"kt"
1901,"CO2","SLV",12,64.9504418450944,"kt"
1901,"CO2","WST",1,0.508493538284015,"kt"
1901,"CO2","WST",2,0.459284486192013,"kt"
1901,"CO2","WST",3,0.508493538284015,"kt"
1901,"CO2","WST",4,0.492090520920014,"kt"
1901,"CO2","WST",5,0.508493538284015,"kt"
1901,"CO2","WST",6,0.492090520920014,"kt"
1901,"CO2","WST",7,0.508493538284015,"kt"
1901,"CO2","WST",8,0.508493538284015,"kt"
1901,"CO2","WST",9,0.492090520920014,"kt"
1901,"CO2","WST",10,0.508493538284015,"kt"
1901,"CO2","WST",11,0.492090520920014,"kt"
1901,"CO2","WST",12,0.508493538284015,"kt"
1901,"CO2","SHP",1,70.204014660955,"kt"
1901,"CO2","SHP",2,60.246717821155,"kt"
1901,"CO2","SHP",3,73.6341043921709,"kt"
1901,"CO2","SHP",4,70.6917579944837,"kt"
1901,"CO2","SHP",5,74.3285907289189,"kt"
1901,"CO2","SHP",6,69.1310414533684,"kt"
1901,"CO2","SHP",7,76.4414776805517,"kt"
1901,"CO2","SHP",8,77.4934514514754,"kt"
1901,"CO2","SHP",9,73.7787237509948,"kt"
1901,"CO2","SHP",10,79.311222739189,"kt"
1901,"CO2","SHP",11,77.2178377883472,"kt"
1901,"CO2","SHP",12,78.0113019564282,"kt"
1901,"CO2","RCO",1,61600.5577337481,"kt"
1901,"CO2","RCO",2,47956.8722491034,"kt"
1901,"CO2","RCO",3,42465.2066136856,"kt"
1901,"CO2","RCO",4,25237.8293771466,"kt"
1901,"CO2","RCO",5,17680.6279794171,"kt"
1901,"CO2","RCO",6,16151.8832819883,"kt"
1901,"CO2","RCO",7,17213.2091561974,"kt"
1901,"CO2","RCO",8,17208.6066652984,"kt"
1901,"CO2","RCO",9,16208.6844572551,"kt"
1901,"CO2","RCO",10,21455.2950329675,"kt"
1901,"CO2","RCO",11,35413.9872160599,"kt"
1901,"CO2","RCO",12,59738.921956795,"kt"
1902,"CO2","AGR",1,0,"kt"
1902,"CO2","AGR",2,0,"kt"
1902,"CO2","AGR",3,0,"kt"
1902,"CO2","AGR",4,0,"kt"
1902,"CO2","AGR",5,0,"kt"
1902,"CO2","AGR",6,0,"kt"
1902,"CO2","AGR",7,0,"kt"
1902,"CO2","AGR",8,0,"kt"
1902,"CO2","AGR",9,0,"kt"
1902,"CO2","AGR",10,0,"kt"
1902,"CO2","AGR",11,0,"kt"
1902,"CO2","AGR",12,0,"kt"
1902,"CO2","ENE",1,56736.5630378416,"kt"
1902,"CO2","ENE",2,47383.5394894304,"kt"
1902,"CO2","ENE",3,48290.9518712276,"kt"
1902,"CO2","ENE",4,43335.2914381891,"kt"
1902,"CO2","ENE",5,42431.1092550496,"kt"
1902,"CO2","ENE",6,41723.6183053667,"kt"
1902,"CO2","ENE",7,44548.2908984702,"kt"
1902,"CO2","ENE",8,43739.909466495,"kt"
1902,"CO2","ENE",9,40897.3945874407,"kt"
1902,"CO2","ENE",10,43208.6674580925,"kt"
1902,"CO2","ENE",11,44537.2905887486,"kt"
1902,"CO2","ENE",12,53501.793065352,"kt"
1902,"CO2","IND",1,83315.2856815412,"kt"
1902,"CO2","IND",2,75313.5697621065,"kt"
1902,"CO2","IND",3,75207.3841631483,"kt"
1902,"CO2","IND",4,72912.168789831,"kt"
1902,"CO2","IND",5,63214.5197018219,"kt"
1902,"CO2","IND",6,57350.2854506935,"kt"
1902,"CO2","IND",7,55174.2133099342,"kt"
1902,"CO2","IND",8,59261.9616323833,"kt"
1902,"CO2","IND",9,57219.4561735866,"kt"
1902,"CO2","IND",10,67302.268024271,"kt"
1902,"CO2","IND",11,72846.7541512776,"kt"
1902,"CO2","IND",12,83382.8808080465,"kt"
1902,"CO2","TRA",1,12002.3725891708,"kt"
1902,"CO2","TRA",2,10840.8526611865,"kt"
1902,"CO2","TRA",3,12002.3725891708,"kt"
1902,"CO2","TRA",4,11615.1992798427,"kt"
1902,"CO2","TRA",5,12002.3725891708,"kt"
1902,"CO2","TRA",6,11615.1992798427,"kt"
1902,"CO2","TRA",7,12002.3725891708,"kt"
1902,"CO2","TRA",8,12002.3725891708,"kt"
1902,"CO2","TRA",9,11615.1992798427,"kt"
1902,"CO2","TRA",10,12002.3725891708,"kt"
1902,"CO2","TRA",11,11615.1992798427,"kt"
1902,"CO2","TRA",12,12002.3725891708,"kt"
1902,"CO2","SLV",1,68.376557424808,"kt"
1902,"CO2","SLV",2,61.7594712224073,"kt"
1902,"CO2","SLV",3,68.376557424808,"kt"
1902,"CO2","SLV",4,66.1708620240078,"kt"
1902,"CO2","SLV",5,68.376557424808,"kt"
1902,"CO2","SLV",6,66.1708620240078,"kt"
1902,"CO2","SLV",7,68.376557424808,"kt"
1902,"CO2","SLV",8,68.376557424808,"kt"
1902,"CO2","SLV",9,66.1708620240078,"kt"
1902,"CO2","SLV",10,68.376557424808,"kt"
1902,"CO2","SLV",11,66.1708620240078,"kt"
1902,"CO2","SLV",12,68.376557424808,"kt"
1902,"CO2","WST",1,1.03562801080639,"kt"
1902,"CO2","WST",2,0.93540594524448,"kt"
1902,"CO2","WST",3,1.03562801080639,"kt"
1902,"CO2","WST",4,1.00222065561909,"kt"
1902,"CO2","WST",5,1.03562801080639,"kt"
1902,"CO2","WST",6,1.00222065561909,"kt"
1902,"CO2","WST",7,1.03562801080639,"kt"
1902,"CO2","WST",8,1.03562801080639,"kt"
1902,"CO2","WST",9,1.00222065561909,"kt"
1902,"CO2","WST",10,1.03562801080639,"kt"
1902,"CO2","WST",11,1.00222065561909,"kt"
1902,"CO2","WST",12,1.03562801080639,"kt"
1902,"CO2","SHP",1,140.40802932191,"kt"
1902,"CO2","SHP",2,120.49343564231,"kt"
1902,"CO2","SHP",3,147.268208784342,"kt"
1902,"CO2","SHP",4,141.383515988968,"kt"
1902,"CO2","SHP",5,148.657181457838,"kt"
1902,"CO2","SHP",6,138.262082906737,"kt"
1902,"CO2","SHP",7,152.882955361104,"kt"
1902,"CO2","SHP",8,154.986902902951,"kt"
1902,"CO2","SHP",9,147.55744750199,"kt"
1902,"CO2","SHP",10,158.622445478378,"kt"
1902,"CO2","SHP",11,154.435675576695,"kt"
1902,"CO2","SHP",12,156.022603912857,"kt"
1902,"CO2","RCO",1,62475.2368912905,"kt"
1902,"CO2","RCO",2,48678.3948055228,"kt"
1902,"CO2","RCO",3,43149.5423726201,"kt"
1902,"CO2","RCO",4,25801.6791280848,"kt"
1902,"CO2","RCO",5,18085.0748766099,"kt"
1902,"CO2","RCO",6,16521.6986748149,"kt"
1902,"CO2","RCO",7,17605.9309509681,"kt"
1902,"CO2","RCO",8,17599.1735938542,"kt"
1902,"CO2","RCO",9,16576.7180189941,"kt"
1902,"CO2","RCO",10,21908.3823431702,"kt"
1902,"CO2","RCO",11,35947.8544625701,"kt"
1902,"CO2","RCO",12,60581.7962326383,"kt"
1903,"CO2","AGR",1,0,"kt"
1903,"CO2","AGR",2,0,"kt"
1903,"CO2","AGR",3,0,"kt"
1903,"CO2","AGR",4,0,"kt"
1903,"CO2","AGR",5,0,"kt"
1903,"CO2","AGR",6,0,"kt"
1903,"CO2","AGR",7,0,"kt"
1903,"CO2","AGR",8,0,"kt"
1903,"CO2","AGR",9,0,"kt"
1903,"CO2","AGR",10,0,"kt"
1903,"CO2","AGR",11,0,"kt"
1903,"CO2","AGR",12,0,"kt"
1903,"CO2","ENE",1,63601.3736001591,"kt"
1903,"CO2","ENE",2,53035.2193775236,"kt"
1903,"CO2","ENE",3,53912.6865223254,"kt"
1903,"CO2","ENE",4,48365.9100859227,"kt"
1903,"CO2","ENE",5,47758.9891616845,"kt"
1903,"CO2","ENE",6,47047.4397363343,"kt"
1903,"CO2","ENE",7,50376.9814407256,"kt"
1903,"CO2","ENE",8,49571.9779192995,"kt"
1903,"CO2","ENE",9,45987.6023282337,"kt"
1903,"CO2","ENE",10,48325.3861380266,"kt"
1903,"CO2","ENE",11,49861.6418909786,"kt"
1903,"CO2","ENE",12,60025.8941291301,"kt"
1903,"CO2","IND",1,89055.9940310699,"kt"
1903,"CO2","IND",2,80504.4127582965,"kt"
1903,"CO2","IND",3,80398.8464067239,"kt"
1903,"CO2","IND",4,77948.3510828133,"kt"
1903,"CO2","IND",5,67597.8537771005,"kt"
1903,"CO2","IND",6,61335.5973378048,"kt"
1903,"CO2","IND",7,59014.5976755128,"kt"
1903,"CO2","IND",8,63380.117249065,"kt"
1903,"CO2","IND",9,61192.5814873049,"kt"
1903,"CO2","IND",10,71963.3733506527,"kt"
1903,"CO2","IND",11,77876.8431575634,"kt"
1903,"CO2","IND",12,89129.8855538282,"kt"
1903,"CO2","TRA",1,13385.4672882351,"kt"
1903,"CO2","TRA",2,12090.0994861479,"kt"
1903,"CO2","TRA",3,13385.4672882351,"kt"
1903,"CO2","TRA",4,12953.6780208727,"kt"
1903,"CO2","TRA",5,13385.4672882351,"kt"
1903,"CO2","TRA",6,12953.6780208727,"kt"
1903,"CO2","TRA",7,13385.4672882351,"kt"
1903,"CO2","TRA",8,13385.4672882351,"kt"
1903,"CO2","TRA",9,12953.6780208727,"kt"
1903,"CO2","TRA",10,13385.4672882351,"kt"
1903,"CO2","TRA",11,12953.6780208727,"kt"
1903,"CO2","TRA",12,13385.4672882351,"kt"
1903,"CO2","SLV",1,71.6852039037781,"kt"
1903,"CO2","SLV",2,64.7479261066382,"kt"
1903,"CO2","SLV",3,71.6852039037781,"kt"
1903,"CO2","SLV",4,69.3727779713981,"kt"
1903,"CO2","SLV",5,71.6852039037781,"kt"
1903,"CO2","SLV",6,69.3727779713981,"kt"
1903,"CO2","SLV",7,71.6852039037781,"kt"
1903,"CO2","SLV",8,71.6852039037781,"kt"
1903,"CO2","SLV",9,69.3727779713981,"kt"
1903,"CO2","SLV",10,71.6852039037781,"kt"
1903,"CO2","SLV",11,69.3727779713981,"kt"
1903,"CO2","SLV",12,71.6852039037781,"kt"
1903,"CO2","WST",1,1.58140341756714,"kt"
1903,"CO2","WST",2,1.42836437715741,"kt"
1903,"CO2","WST",3,1.58140341756714,"kt"
1903,"CO2","WST",4,1.53039040409723,"kt"
1903,"CO2","WST",5,1.58140341756714,"kt"
1903,"CO2","WST",6,1.53039040409723,"kt"
1903,"CO2","WST",7,1.58140341756714,"kt"
1903,"CO2","WST",8,1.58140341756714,"kt"
1903,"CO2","WST",9,1.53039040409723,"kt"
1903,"CO2","WST",10,1.58140341756714,"kt"
1903,"CO2","WST",11,1.53039040409723,"kt"
1903,"CO2","WST",12,1.58140341756714,"kt"
1903,"CO2","SHP",1,210.612043982866,"kt"
1903,"CO2","SHP",2,180.740153463465,"kt"
1903,"CO2","SHP",3,220.902313176513,"kt"
1903,"CO2","SHP",4,212.075273983451,"kt"
1903,"CO2","SHP",5,222.985772186757,"kt"
1903,"CO2","SHP",6,207.393124360106,"kt"
1903,"CO2","SHP",7,229.324433041656,"kt"
1903,"CO2","SHP",8,232.480354354427,"kt"
1903,"CO2","SHP",9,221.336171252985,"kt"
1903,"CO2","SHP",10,237.933668217567,"kt"
1903,"CO2","SHP",11,231.653513365042,"kt"
1903,"CO2","SHP",12,234.033905869285,"kt"
1903,"CO2","RCO",1,67500.4549485409,"kt"
1903,"CO2","RCO",2,52517.1609457778,"kt"
1903,"CO2","RCO",3,46525.7496553334,"kt"
1903,"CO2","RCO",4,27698.8478755423,"kt"
1903,"CO2","RCO",5,19604.8996974374,"kt"
1903,"CO2","RCO",6,17936.8470108369,"kt"
1903,"CO2","RCO",7,19113.1472021634,"kt"
1903,"CO2","RCO",8,19103.7178711198,"kt"
1903,"CO2","RCO",9,17993.4348561161,"kt"
1903,"CO2","RCO",10,23638.5446640252,"kt"
1903,"CO2","RCO",11,38745.8404067905,"kt"
1903,"CO2","RCO",12,65448.7694246256,"kt"
1904,"CO2","AGR",1,0,"kt"
1904,"CO2","AGR",2,0,"kt"
1904,"CO2","AGR",3,0,"kt"
1904,"CO2","AGR",4,0,"kt"
1904,"CO2","AGR",5,0,"kt"
1904,"CO2","AGR",6,0,"kt"
1904,"CO2","AGR",7,0,"kt"
1904,"CO2","AGR",8,0,"kt"
1904,"CO2","AGR",9,0,"kt"
1904,"CO2","AGR",10,0,"kt"
1904,"CO2","AGR",11,0,"kt"
1904,"CO2","AGR",12,0,"kt"
1904,"CO2","ENE",1,65743.2746818346,"kt"
1904,"CO2","ENE",2,54885.1511157113,"kt"
1904,"CO2","ENE",3,55694.5095112279,"kt"
1904,"CO2","ENE",4,50010.4009567051,"kt"
1904,"CO2","ENE",5,49234.7923331885,"kt"
1904,"CO2","ENE",6,48315.0805479847,"kt"
1904,"CO2","ENE",7,51657.2393062094,"kt"
1904,"CO2","ENE",8,50854.0874550381,"kt"
1904,"CO2","ENE",9,47329.2283154184,"kt"
1904,"CO2","ENE",10,49890.1143354404,"kt"
1904,"CO2","ENE",11,51560.9175098954,"kt"
1904,"CO2","ENE",12,61987.5835541123,"kt"
1904,"CO2","IND",1,90022.0661363496,"kt"
1904,"CO2","IND",2,81382.2260513181,"kt"
1904,"CO2","IND",3,81287.1858331577,"kt"
1904,"CO2","IND",4,78819.245905803,"kt"
1904,"CO2","IND",5,68384.0757152517,"kt"
1904,"CO2","IND",6,62067.2533217272,"kt"
1904,"CO2","IND",7,59728.8795468126,"kt"
1904,"CO2","IND",8,64136.1617657848,"kt"
1904,"CO2","IND",9,61913.0259641414,"kt"
1904,"CO2","IND",10,72791.3579342239,"kt"
1904,"CO2","IND",11,78742.1322270101,"kt"
1904,"CO2","IND",12,90101.7502711022,"kt"
1904,"CO2","TRA",1,13714.0425801335,"kt"
1904,"CO2","TRA",2,12386.8771691528,"kt"
1904,"CO2","TRA",3,13714.0425801335,"kt"
1904,"CO2","TRA",4,13271.6541098066,"kt"
1904,"CO2","TRA",5,13714.0425801335,"kt"
1904,"CO2","TRA",6,13271.6541098066,"kt"
1904,"CO2","TRA",7,13714.0425801335,"kt"
1904,"CO2","TRA",8,13714.0425801335,"kt"
1904,"CO2","TRA",9,13271.6541098066,"kt"
1904,"CO2","TRA",10,13714.0425801335,"kt"
1904,"CO2","TRA",11,13271.6541098066,"kt"
1904,"CO2","TRA",12,13714.0425801335,"kt"
1904,"CO2","SLV",1,79.9701587684059,"kt"
1904,"CO2","SLV",2,72.231111145657,"kt"
1904,"CO2","SLV",3,79.9701587684059,"kt"
1904,"CO2","SLV",4,77.3904762274896,"kt"
1904,"CO2","SLV",5,79.9701587684059,"kt"
1904,"CO2","SLV",6,77.3904762274896,"kt"
1904,"CO2","SLV",7,79.9701587684059,"kt"
1904,"CO2","SLV",8,79.9701587684059,"kt"
1904,"CO2","SLV",9,77.3904762274896,"kt"
1904,"CO2","SLV",10,79.9701587684059,"kt"
1904,"CO2","SLV",11,77.3904762274896,"kt"
1904,"CO2","SLV",12,79.9701587684059,"kt"
1904,"CO2","WST",1,2.14581975856624,"kt"
1904,"CO2","WST",2,1.9381597819308,"kt"
1904,"CO2","WST",3,2.14581975856624,"kt"
1904,"CO2","WST",4,2.07659976635443,"kt"
1904,"CO2","WST",5,2.14581975856624,"kt"
1904,"CO2","WST",6,2.07659976635443,"kt"
1904,"CO2","WST",7,2.14581975856624,"kt"
1904,"CO2","WST",8,2.14581975856624,"kt"
1904,"CO2","WST",9,2.07659976635443,"kt"
1904,"CO2","WST",10,2.14581975856624,"kt"
1904,"CO2","WST",11,2.07659976635443,"kt"
1904,"CO2","WST",12,2.14581975856624,"kt"
1904,"CO2","SHP",1,280.81605864382,"kt"
1904,"CO2","SHP",2,240.98687128462,"kt"
1904,"CO2","SHP",3,294.536417568684,"kt"
1904,"CO2","SHP",4,282.767031977934,"kt"
1904,"CO2","SHP",5,297.314362915676,"kt"
1904,"CO2","SHP",6,276.524165813473,"kt"
1904,"CO2","SHP",7,305.765910722207,"kt"
1904,"CO2","SHP",8,309.973805805901,"kt"
1904,"CO2","SHP",9,295.114895003979,"kt"
1904,"CO2","SHP",10,317.244890956756,"kt"
1904,"CO2","SHP",11,308.871351153389,"kt"
1904,"CO2","SHP",12,312.045207825713,"kt"
1904,"CO2","RCO",1,66903.0605917338,"kt"
1904,"CO2","RCO",2,52086.6847622644,"kt"
1904,"CO2","RCO",3,46282.9301665313,"kt"
1904,"CO2","RCO",4,27693.5276659048,"kt"
1904,"CO2","RCO",5,19519.9571791918,"kt"
1904,"CO2","RCO",6,17851.1455523124,"kt"
1904,"CO2","RCO",7,19019.5140934587,"kt"
1904,"CO2","RCO",8,19007.8750712972,"kt"
1904,"CO2","RCO",9,17911.6126785922,"kt"
1904,"CO2","RCO",10,23619.4717032969,"kt"
1904,"CO2","RCO",11,38621.9950147272,"kt"
1904,"CO2","RCO",12,64833.2645157303,"kt"
1905,"CO2","AGR",1,0,"kt"
1905,"CO2","AGR",2,0,"kt"
1905,"CO2","AGR",3,0,"kt"
1905,"CO2","AGR",4,0,"kt"
1905,"CO2","AGR",5,0,"kt"
1905,"CO2","AGR",6,0,"kt"
1905,"CO2","AGR",7,0,"kt"
1905,"CO2","AGR",8,0,"kt"
1905,"CO2","AGR",9,0,"kt"
1905,"CO2","AGR",10,0,"kt"
1905,"CO2","AGR",11,0,"kt"
1905,"CO2","AGR",12,0,"kt"
1905,"CO2","ENE",1,71382.1733586448,"kt"
1905,"CO2","ENE",2,59546.8609042161,"kt"
1905,"CO2","ENE",3,60424.2420701734,"kt"
1905,"CO2","ENE",4,54251.5165233223,"kt"
1905,"CO2","ENE",5,53757.1152445956,"kt"
1905,"CO2","ENE",6,52915.4727092107,"kt"
1905,"CO2","ENE",7,56698.7781532504,"kt"
1905,"CO2","ENE",8,55893.9616321504,"kt"
1905,"CO2","ENE",9,51739.1311758953,"kt"
1905,"CO2","ENE",10,54270.2755303073,"kt"
1905,"CO2","ENE",11,56015.1884408607,"kt"
1905,"CO2","ENE",12,67371.4253355663,"kt"
1905,"CO2","IND",1,94531.0803275202,"kt"
1905,"CO2","IND",2,85459.2374610174,"kt"
1905,"CO2","IND",3,85360.5204463418,"kt"
1905,"CO2","IND",4,82770.5114080479,"kt"
1905,"CO2","IND",5,71815.9406353755,"kt"
1905,"CO2","IND",6,65184.5968076778,"kt"
1905,"CO2","IND",7,62729.8847585176,"kt"
1905,"CO2","IND",8,67357.4167012671,"kt"
1905,"CO2","IND",9,65021.0406702833,"kt"
1905,"CO2","IND",10,76443.4725781249,"kt"
1905,"CO2","IND",11,82688.7333393506,"kt"
1905,"CO2","IND",12,94615.5843318407,"kt"
1905,"CO2","TRA",1,14807.167591429,"kt"
1905,"CO2","TRA",2,13374.2158890327,"kt"
1905,"CO2","TRA",3,14807.167591429,"kt"
1905,"CO2","TRA",4,14329.5170239636,"kt"
1905,"CO2","TRA",5,14807.167591429,"kt"
1905,"CO2","TRA",6,14329.5170239636,"kt"
1905,"CO2","TRA",7,14807.167591429,"kt"
1905,"CO2","TRA",8,14807.167591429,"kt"
1905,"CO2","TRA",9,14329.5170239636,"kt"
1905,"CO2","TRA",10,14807.167591429,"kt"
1905,"CO2","TRA",11,14329.5170239636,"kt"
1905,"CO2","TRA",12,14807.167591429,"kt"
1905,"CO2","SLV",1,76.1634822686452,"kt"
1905,"CO2","SLV",2,68.7928226942602,"kt"
1905,"CO2","SLV",3,76.1634822686452,"kt"
1905,"CO2","SLV",4,73.7065957438502,"kt"
1905,"CO2","SLV",5,76.1634822686452,"kt"
1905,"CO2","SLV",6,73.7065957438502,"kt"
1905,"CO2","SLV",7,76.1634822686452,"kt"
1905,"CO2","SLV",8,76.1634822686452,"kt"
1905,"CO2","SLV",9,73.7065957438502,"kt"
1905,"CO2","SLV",10,76.1634822686452,"kt"
1905,"CO2","SLV",11,73.7065957438502,"kt"
1905,"CO2","SLV",12,76.1634822686452,"kt"
1905,"CO2","WST",1,2.72887703380371,"kt"
1905,"CO2","WST",2,2.46479215956464,"kt"
1905,"CO2","WST",3,2.72887703380371,"kt"
1905,"CO2","WST",4,2.64084874239068,"kt"
1905,"CO2","WST",5,2.72887703380371,"kt"
1905,"CO2","WST",6,2.64084874239068,"kt"
1905,"CO2","WST",7,2.72887703380371,"kt"
1905,"CO2","WST",8,2.72887703380371,"kt"
1905,"CO2","WST",9,2.64084874239068,"kt"
1905,"CO2","WST",10,2.72887703380371,"kt"
1905,"CO2","WST",11,2.64084874239068,"kt"
1905,"CO2","WST",12,2.72887703380371,"kt"
1905,"CO2","SHP",1,351.020073304776,"kt"
1905,"CO2","SHP",2,301.233589105776,"kt"
1905,"CO2","SHP",3,368.170521960856,"kt"
1905,"CO2","SHP",4,353.458789972419,"kt"
1905,"CO2","SHP",5,371.642953644595,"kt"
1905,"CO2","SHP",6,345.655207266842,"kt"
1905,"CO2","SHP",7,382.20738840276,"kt"
1905,"CO2","SHP",8,387.467257257378,"kt"
1905,"CO2","SHP",9,368.893618754975,"kt"
1905,"CO2","SHP",10,396.556113695946,"kt"
1905,"CO2","SHP",11,386.089188941737,"kt"
1905,"CO2","SHP",12,390.056509782142,"kt"
1905,"CO2","RCO",1,70259.7844841153,"kt"
1905,"CO2","RCO",2,54657.2009466122,"kt"
1905,"CO2","RCO",3,48560.6716857317,"kt"
1905,"CO2","RCO",4,28991.7407875357,"kt"
1905,"CO2","RCO",5,20530.2233905845,"kt"
1905,"CO2","RCO",6,18791.4785268127,"kt"
1905,"CO2","RCO",7,20021.5798915489,"kt"
1905,"CO2","RCO",8,20007.386034982,"kt"
1905,"CO2","RCO",9,18851.7438379756,"kt"
1905,"CO2","RCO",10,24770.7289810206,"kt"
1905,"CO2","RCO",11,40505.7210288523,"kt"
1905,"CO2","RCO",12,68071.8109310825,"kt"
1906,"CO2","AGR",1,0,"kt"
1906,"CO2","AGR",2,0,"kt"
1906,"CO2","AGR",3,0,"kt"
1906,"CO2","AGR",4,0,"kt"
1906,"CO2","AGR",5,0,"kt"
1906,"CO2","AGR",6,0,"kt"
1906,"CO2","AGR",7,0,"kt"
1906,"CO2","AGR",8,0,"kt"
1906,"CO2","AGR",9,0,"kt"
1906,"CO2","AGR",10,0,"kt"
1906,"CO2","AGR",11,0,"kt"
1906,"CO2","AGR",12,0,"kt"
1906,"CO2","ENE",1,75091.7022770462,"kt"
1906,"CO2","ENE",2,62596.3914200142,"kt"
1906,"CO2","ENE",3,63617.7164335592,"kt"
1906,"CO2","ENE",4,57135.7275856012,"kt"
1906,"CO2","ENE",5,56707.8138628626,"kt"
1906,"CO2","ENE",6,55850.7411646593,"kt"
1906,"CO2","ENE",7,59854.0476773654,"kt"
1906,"CO2","ENE",8,58985.2679995343,"kt"
1906,"CO2","ENE",9,54526.7013399479,"kt"
1906,"CO2","ENE",10,57174.2760639856,"kt"
1906,"CO2","ENE",11,59009.2526210733,"kt"
1906,"CO2","ENE",12,70986.7661314995,"kt"
1906,"CO2","IND",1,99495.5266561103,"kt"
1906,"CO2","IND",2,89958.8289064356,"kt"
1906,"CO2","IND",3,89907.143717471,"kt"
1906,"CO2","IND",4,87203.8452838485,"kt"
1906,"CO2","IND",5,75778.9398209777,"kt"
1906,"CO2","IND",6,68842.6167663265,"kt"
1906,"CO2","IND",7,66292.3050869247,"kt"
1906,"CO2","IND",8,71137.3706585374,"kt"
1906,"CO2","IND",9,68645.68475745,"kt"
1906,"CO2","IND",10,80624.0053925904,"kt"
1906,"CO2","IND",11,87105.3792794102,"kt"
1906,"CO2","IND",12,99597.2748606965,"kt"
1906,"CO2","TRA",1,15377.192772383,"kt"
1906,"CO2","TRA",2,13889.0773427975,"kt"
1906,"CO2","TRA",3,15377.192772383,"kt"
1906,"CO2","TRA",4,14881.1542958545,"kt"
1906,"CO2","TRA",5,15377.192772383,"kt"
1906,"CO2","TRA",6,14881.1542958545,"kt"
1906,"CO2","TRA",7,15377.192772383,"kt"
1906,"CO2","TRA",8,15377.192772383,"kt"
1906,"CO2","TRA",9,14881.1542958545,"kt"
1906,"CO2","TRA",10,15377.192772383,"kt"
1906,"CO2","TRA",11,14881.1542958545,"kt"
1906,"CO2","TRA",12,15377.192772383,"kt"
1906,"CO2","SLV",1,77.5988475816141,"kt"
1906,"CO2","SLV",2,70.0892816866191,"kt"
1906,"CO2","SLV",3,77.5988475816141,"kt"
1906,"CO2","SLV",4,75.0956589499491,"kt"
1906,"CO2","SLV",5,77.5988475816141,"kt"
1906,"CO2","SLV",6,75.0956589499491,"kt"
1906,"CO2","SLV",7,77.5988475816141,"kt"
1906,"CO2","SLV",8,77.5988475816141,"kt"
1906,"CO2","SLV",9,75.0956589499491,"kt"
1906,"CO2","SLV",10,77.5988475816141,"kt"
1906,"CO2","SLV",11,75.0956589499491,"kt"
1906,"CO2","SLV",12,77.5988475816141,"kt"
1906,"CO2","WST",1,3.33057524327955,"kt"
1906,"CO2","WST",2,3.00826151005895,"kt"
1906,"CO2","WST",3,3.33057524327955,"kt"
1906,"CO2","WST",4,3.22313733220601,"kt"
1906,"CO2","WST",5,3.33057524327955,"kt"
1906,"CO2","WST",6,3.22313733220601,"kt"
1906,"CO2","WST",7,3.33057524327955,"kt"
1906,"CO2","WST",8,3.33057524327955,"kt"
1906,"CO2","WST",9,3.22313733220601,"kt"
1906,"CO2","WST",10,3.33057524327955,"kt"
1906,"CO2","WST",11,3.22313733220601,"kt"
1906,"CO2","WST",12,3.33057524327955,"kt"
1906,"CO2","SHP",1,421.224087965732,"kt"
1906,"CO2","SHP",2,361.480306926932,"kt"
1906,"CO2","SHP",3,441.804626353027,"kt"
1906,"CO2","SHP",4,424.150547966904,"kt"
1906,"CO2","SHP",5,445.971544373515,"kt"
1906,"CO2","SHP",6,414.786248720212,"kt"
1906,"CO2","SHP",7,458.648866083312,"kt"
1906,"CO2","SHP",8,464.960708708854,"kt"
1906,"CO2","SHP",9,442.67234250597,"kt"
1906,"CO2","SHP",10,475.867336435136,"kt"
1906,"CO2","SHP",11,463.307026730085,"kt"
1906,"CO2","SHP",12,468.067811738571,"kt"
1906,"CO2","RCO",1,73647.0064847986,"kt"
1906,"CO2","RCO",2,57276.3170473557,"kt"
1906,"CO2","RCO",3,50932.7932987859,"kt"
1906,"CO2","RCO",4,30482.3502973206,"kt"
1906,"CO2","RCO",5,21618.0082664164,"kt"
1906,"CO2","RCO",6,19785.667286859,"kt"
1906,"CO2","RCO",7,21079.3459388384,"kt"
1906,"CO2","RCO",8,21063.2356156731,"kt"
1906,"CO2","RCO",9,19853.467232384,"kt"
1906,"CO2","RCO",10,26087.9930158496,"kt"
1906,"CO2","RCO",11,42515.3458762549,"kt"
1906,"CO2","RCO",12,71313.2503058412,"kt"
1907,"CO2","AGR",1,0,"kt"
1907,"CO2","AGR",2,0,"kt"
1907,"CO2","AGR",3,0,"kt"
1907,"CO2","AGR",4,0,"kt"
1907,"CO2","AGR",5,0,"kt"
1907,"CO2","AGR",6,0,"kt"
1907,"CO2","AGR",7,0,"kt"
1907,"CO2","AGR",8,0,"kt"
1907,"CO2","AGR",9,0,"kt"
1907,"CO2","AGR",10,0,"kt"
1907,"CO2","AGR",11,0,"kt"
1907,"CO2","AGR",12,0,"kt"
1907,"CO2","ENE",1,85725.2862338099,"kt"
1907,"CO2","ENE",2,71463.6736844601,"kt"
1907,"CO2","ENE",3,72675.5174075236,"kt"
1907,"CO2","ENE",4,65293.3633640293,"kt"
1907,"CO2","ENE",5,65149.9900571312,"kt"
1907,"CO2","ENE",6,64374.7059454691,"kt"
1907,"CO2","ENE",7,69085.272096516,"kt"
1907,"CO2","ENE",8,68208.3411589835,"kt"
1907,"CO2","ENE",9,62871.3384995442,"kt"
1907,"CO2","ENE",10,65666.6259182601,"kt"
1907,"CO2","ENE",11,67560.9757969674,"kt"
1907,"CO2","ENE",12,81083.5826249607,"kt"
1907,"CO2","IND",1,111401.875470866,"kt"
1907,"CO2","IND",2,100719.676843079,"kt"
1907,"CO2","IND",3,100649.676560242,"kt"
1907,"CO2","IND",4,97614.2585802699,"kt"
1907,"CO2","IND",5,84794.3664935183,"kt"
1907,"CO2","IND",6,77014.8967913554,"kt"
1907,"CO2","IND",7,74151.3629025791,"kt"
1907,"CO2","IND",8,79582.0600177339,"kt"
1907,"CO2","IND",9,76803.5510113195,"kt"
1907,"CO2","IND",10,90225.0636086731,"kt"
1907,"CO2","IND",11,97508.585690252,"kt"
1907,"CO2","IND",12,111511.070790551,"kt"
1907,"CO2","TRA",1,17517.228577581,"kt"
1907,"CO2","TRA",2,15822.0129087828,"kt"
1907,"CO2","TRA",3,17517.228577581,"kt"
1907,"CO2","TRA",4,16952.1566879816,"kt"
1907,"CO2","TRA",5,17517.228577581,"kt"
1907,"CO2","TRA",6,16952.1566879816,"kt"
1907,"CO2","TRA",7,17517.228577581,"kt"
1907,"CO2","TRA",8,17517.228577581,"kt"
1907,"CO2","TRA",9,16952.1566879816,"kt"
1907,"CO2","TRA",10,17517.228577581,"kt"
1907,"CO2","TRA",11,16952.1566879816,"kt"
1907,"CO2","TRA",12,17517.228577581,"kt"
1907,"CO2","SLV",1,94.3202407297912,"kt"
1907,"CO2","SLV",2,85.1924754978759,"kt"
1907,"CO2","SLV",3,94.3202407297912,"kt"
1907,"CO2","SLV",4,91.2776523191527,"kt"
1907,"CO2","SLV",5,94.3202407297912,"kt"
1907,"CO2","SLV",6,91.2776523191527,"kt"
1907,"CO2","SLV",7,94.3202407297912,"kt"
1907,"CO2","SLV",8,94.3202407297912,"kt"
1907,"CO2","SLV",9,91.2776523191527,"kt"
1907,"CO2","SLV",10,94.3202407297912,"kt"
1907,"CO2","SLV",11,91.2776523191527,"kt"
1907,"CO2","SLV",12,94.3202407297912,"kt"
1907,"CO2","WST",1,3.95091438699376,"kt"
1907,"CO2","WST",2,3.56856783341372,"kt"
1907,"CO2","WST",3,3.95091438699376,"kt"
1907,"CO2","WST",4,3.82346553580041,"kt"
1907,"CO2","WST",5,3.95091438699376,"kt"
1907,"CO2","WST",6,3.82346553580041,"kt"
1907,"CO2","WST",7,3.95091438699376,"kt"
1907,"CO2","WST",8,3.95091438699376,"kt"
1907,"CO2","WST",9,3.82346553580041,"kt"
1907,"CO2","WST",10,3.95091438699376,"kt"
1907,"CO2","WST",11,3.82346553580041,"kt"
1907,"CO2","WST",12,3.95091438699376,"kt"
1907,"CO2","SHP",1,491.428102626685,"kt"
1907,"CO2","SHP",2,421.727024748085,"kt"
1907,"CO2","SHP",3,515.438730745197,"kt"
1907,"CO2","SHP",4,494.842305961386,"kt"
1907,"CO2","SHP",5,520.300135102433,"kt"
1907,"CO2","SHP",6,483.917290173579,"kt"
1907,"CO2","SHP",7,535.090343763863,"kt"
1907,"CO2","SHP",8,542.454160160328,"kt"
1907,"CO2","SHP",9,516.451066256964,"kt"
1907,"CO2","SHP",10,555.178559174323,"kt"
1907,"CO2","SHP",11,540.524864518431,"kt"
1907,"CO2","SHP",12,546.079113694998,"kt"
1907,"CO2","RCO",1,81934.9245774286,"kt"
1907,"CO2","RCO",2,63686.2473108463,"kt"
1907,"CO2","RCO",3,56690.8537897413,"kt"
1907,"CO2","RCO",4,33776.5927659747,"kt"
1907,"CO2","RCO",5,24032.5408822713,"kt"
1907,"CO2","RCO",6,21999.1663699257,"kt"
1907,"CO2","RCO",7,23433.3436311248,"kt"
1907,"CO2","RCO",8,23416.3371262699,"kt"
1907,"CO2","RCO",9,22082.0404899647,"kt"
1907,"CO2","RCO",10,29014.9422833509,"kt"
1907,"CO2","RCO",11,47333.6528914327,"kt"
1907,"CO2","RCO",12,79339.8796288266,"kt"
1908,"CO2","AGR",1,0,"kt"
1908,"CO2","AGR",2,0,"kt"
1908,"CO2","AGR",3,0,"kt"
1908,"CO2","AGR",4,0,"kt"
1908,"CO2","AGR",5,0,"kt"
1908,"CO2","AGR",6,0,"kt"
1908,"CO2","AGR",7,0,"kt"
1908,"CO2","AGR",8,0,"kt"
1908,"CO2","AGR",9,0,"kt"
1908,"CO2","AGR",10,0,"kt"
1908,"CO2","AGR",11,0,"kt"
1908,"CO2","AGR",12,0,"kt"
1908,"CO2","ENE",1,82710.7767237426,"kt"
1908,"CO2","ENE",2,69160.791930541,"kt"
1908,"CO2","ENE",3,70066.9073170844,"kt"
1908,"CO2","ENE",4,63023.3334826851,"kt"
1908,"CO2","ENE",5,62216.775080378,"kt"
1908,"CO2","ENE",6,60927.3038712153,"kt"
1908,"CO2","ENE",7,65113.2042083152,"kt"
1908,"CO2","ENE",8,64311.0382213573,"kt"
1908,"CO2","ENE",9,59903.6702252923,"kt"
1908,"CO2","ENE",10,63117.4589313016,"kt"
1908,"CO2","ENE",11,65151.6350598387,"kt"
1908,"CO2","ENE",12,77976.4523210945,"kt"
1908,"CO2","IND",1,109073.057107705,"kt"
1908,"CO2","IND",2,98626.3040964833,"kt"
1908,"CO2","IND",3,98602.3855864334,"kt"
1908,"CO2","IND",4,95654.6008883858,"kt"
1908,"CO2","IND",5,83197.2558023163,"kt"
1908,"CO2","IND",6,75621.7224584076,"kt"
1908,"CO2","IND",7,72846.9352801608,"kt"
1908,"CO2","IND",8,78142.4465403545,"kt"
1908,"CO2","IND",9,75388.7850407638,"kt"
1908,"CO2","IND",10,88492.7670625099,"kt"
1908,"CO2","IND",11,95538.1321795639,"kt"
1908,"CO2","IND",12,109193.408106821,"kt"
1908,"CO2","TRA",1,16814.7810635112,"kt"
1908,"CO2","TRA",2,15187.5441863972,"kt"
1908,"CO2","TRA",3,16814.7810635112,"kt"
1908,"CO2","TRA",4,16272.3687711398,"kt"
1908,"CO2","TRA",5,16814.7810635112,"kt"
1908,"CO2","TRA",6,16272.3687711398,"kt"
1908,"CO2","TRA",7,16814.7810635112,"kt"
1908,"CO2","TRA",8,16814.7810635112,"kt"
1908,"CO2","TRA",9,16272.3687711398,"kt"
1908,"CO2","TRA",10,16814.7810635112,"kt"
1908,"CO2","TRA",11,16272.3687711398,"kt"
1908,"CO2","TRA",12,16814.7810635112,"kt"
1908,"CO2","SLV",1,106.004570351837,"kt"
1908,"CO2","SLV",2,95.7460635435943,"kt"
1908,"CO2","SLV",3,106.004570351837,"kt"
1908,"CO2","SLV",4,102.585068082422,"kt"
1908,"CO2","SLV",5,106.004570351837,"kt"
1908,"CO2","SLV",6,102.585068082422,"kt"
1908,"CO2","SLV",7,106.004570351837,"kt"
1908,"CO2","SLV",8,106.004570351837,"kt"
1908,"CO2","SLV",9,102.585068082422,"kt"
1908,"CO2","SLV",10,106.004570351837,"kt"
1908,"CO2","SLV",11,102.585068082422,"kt"
1908,"CO2","SLV",12,106.004570351837,"kt"
1908,"CO2","WST",1,4.5898944649463,"kt"
1908,"CO2","WST",2,4.14571112962892,"kt"
1908,"CO2","WST",3,4.5898944649463,"kt"
1908,"CO2","WST",4,4.44183335317384,"kt"
1908,"CO2","WST",5,4.5898944649463,"kt"
1908,"CO2","WST",6,4.44183335317384,"kt"
1908,"CO2","WST",7,4.5898944649463,"kt"
1908,"CO2","WST",8,4.5898944649463,"kt"
1908,"CO2","WST",9,4.44183335317384,"kt"
1908,"CO2","WST",10,4.5898944649463,"kt"
1908,"CO2","WST",11,4.44183335317384,"kt"
1908,"CO2","WST",12,4.5898944649463,"kt"
1908,"CO2","SHP",1,561.63211728764,"kt"
1908,"CO2","SHP",2,481.97374256924,"kt"
1908,"CO2","SHP",3,589.072835137367,"kt"
1908,"CO2","SHP",4,565.534063955869,"kt"
1908,"CO2","SHP",5,594.628725831351,"kt"
1908,"CO2","SHP",6,553.048331626946,"kt"
1908,"CO2","SHP",7,611.531821444413,"kt"
1908,"CO2","SHP",8,619.947611611803,"kt"
1908,"CO2","SHP",9,590.229790007958,"kt"
1908,"CO2","SHP",10,634.489781913511,"kt"
1908,"CO2","SHP",11,617.742702306777,"kt"
1908,"CO2","SHP",12,624.090415651425,"kt"
1908,"CO2","RCO",1,78144.7290800567,"kt"
1908,"CO2","RCO",2,60738.7217817391,"kt"
1908,"CO2","RCO",3,54219.7954096377,"kt"
1908,"CO2","RCO",4,32513.0383032834,"kt"
1908,"CO2","RCO",5,22927.0356329044,"kt"
1908,"CO2","RCO",6,20954.9991604964,"kt"
1908,"CO2","RCO",7,22315.7998927693,"kt"
1908,"CO2","RCO",8,22297.821980723,"kt"
1908,"CO2","RCO",9,21047.6202326459,"kt"
1908,"CO2","RCO",10,27841.4801343363,"kt"
1908,"CO2","RCO",11,45479.3016766637,"kt"
1908,"CO2","RCO",12,75582.5380024818,"kt"
1909,"CO2","AGR",1,0,"kt"
1909,"CO2","AGR",2,0,"kt"
1909,"CO2","AGR",3,0,"kt"
1909,"CO2","AGR",4,0,"kt"
1909,"CO2","AGR",5,0,"kt"
1909,"CO2","AGR",6,0,"kt"
1909,"CO2","AGR",7,0,"kt"
1909,"CO2","AGR",8,0,"kt"
1909,"CO2","AGR",9,0,"kt"
1909,"CO2","AGR",10,0,"kt"
1909,"CO2","AGR",11,0,"kt"
1909,"CO2","AGR",12,0,"kt"
1909,"CO2","ENE",1,86532.8802911529,"kt"
1909,"CO2","ENE",2,72205.9777191245,"kt"
1909,"CO2","ENE",3,73394.8421283349,"kt"
1909,"CO2","ENE",4,65983.9776941155,"kt"
1909,"CO2","ENE",5,65661.1041759569,"kt"
1909,"CO2","ENE",6,64740.0341241367,"kt"
1909,"CO2","ENE",7,69383.5203487928,"kt"
1909,"CO2","ENE",8,68509.2054511764,"kt"
1909,"CO2","ENE",9,63343.2945240711,"kt"
1909,"CO2","ENE",10,66331.2440868583,"kt"
1909,"CO2","ENE",11,68278.2779320537,"kt"
1909,"CO2","ENE",12,81802.483931042,"kt"
1909,"CO2","IND",1,111896.912823597,"kt"
1909,"CO2","IND",2,101175.563609247,"kt"
1909,"CO2","IND",3,101142.372543722,"kt"
1909,"CO2","IND",4,98109.8245464092,"kt"
1909,"CO2","IND",5,85307.7864833686,"kt"
1909,"CO2","IND",6,77524.6944765546,"kt"
1909,"CO2","IND",7,74672.1359472771,"kt"
1909,"CO2","IND",8,80108.8509591064,"kt"
1909,"CO2","IND",9,77294.5852950379,"kt"
1909,"CO2","IND",10,90744.501495198,"kt"
1909,"CO2","IND",11,97994.7699556509,"kt"
1909,"CO2","IND",12,112015.802567381,"kt"
1909,"CO2","TRA",1,17478.5504963167,"kt"
1909,"CO2","TRA",2,15787.0778676409,"kt"
1909,"CO2","TRA",3,17478.5504963167,"kt"
1909,"CO2","TRA",4,16914.7262867581,"kt"
1909,"CO2","TRA",5,17478.5504963167,"kt"
1909,"CO2","TRA",6,16914.7262867581,"kt"
1909,"CO2","TRA",7,17478.5504963167,"kt"
1909,"CO2","TRA",8,17478.5504963167,"kt"
1909,"CO2","TRA",9,16914.7262867581,"kt"
1909,"CO2","TRA",10,17478.5504963167,"kt"
1909,"CO2","TRA",11,16914.7262867581,"kt"
1909,"CO2","TRA",12,17478.5504963167,"kt"
1909,"CO2","SLV",1,114.692991849225,"kt"
1909,"CO2","SLV",2,103.593670057364,"kt"
1909,"CO2","SLV",3,114.692991849225,"kt"
1909,"CO2","SLV",4,110.993217918604,"kt"
1909,"CO2","SLV",5,114.692991849225,"kt"
1909,"CO2","SLV",6,110.993217918604,"kt"
1909,"CO2","SLV",7,114.692991849225,"kt"
1909,"CO2","SLV",8,114.692991849225,"kt"
1909,"CO2","SLV",9,110.993217918604,"kt"
1909,"CO2","SLV",10,114.692991849225,"kt"
1909,"CO2","SLV",11,110.993217918604,"kt"
1909,"CO2","SLV",12,114.692991849225,"kt"
1909,"CO2","WST",1,5.24751547713724,"kt"
1909,"CO2","WST",2,4.7396913987046,"kt"
1909,"CO2","WST",3,5.24751547713724,"kt"
1909,"CO2","WST",4,5.07824078432636,"kt"
1909,"CO2","WST",5,5.24751547713724,"kt"
1909,"CO2","WST",6,5.07824078432636,"kt"
1909,"CO2","WST",7,5.24751547713724,"kt"
1909,"CO2","WST",8,5.24751547713724,"kt"
1909,"CO2","WST",9,5.07824078432636,"kt"
1909,"CO2","WST",10,5.24751547713724,"kt"
1909,"CO2","WST",11,5.07824078432636,"kt"
1909,"CO2","WST",12,5.24751547713724,"kt"
1909,"CO2","SHP",1,631.836131948596,"kt"
1909,"CO2","SHP",2,542.220460390396,"kt"
1909,"CO2","SHP",3,662.706939529539,"kt"
1909,"CO2","SHP",4,636.225821950354,"kt"
1909,"CO2","SHP",5,668.957316560271,"kt"
1909,"CO2","SHP",6,622.179373080316,"kt"
1909,"CO2","SHP",7,687.973299124966,"kt"
1909,"CO2","SHP",8,697.441063063279,"kt"
1909,"CO2","SHP",9,664.008513758953,"kt"
1909,"CO2","SHP",10,713.801004652701,"kt"
1909,"CO2","SHP",11,694.960540095126,"kt"
1909,"CO2","SHP",12,702.101717607854,"kt"
1909,"CO2","RCO",1,80694.6522927648,"kt"
1909,"CO2","RCO",2,62744.6527227274,"kt"
1909,"CO2","RCO",3,56008.6790663322,"kt"
1909,"CO2","RCO",4,33567.3878028049,"kt"
1909,"CO2","RCO",5,23822.6528280916,"kt"
1909,"CO2","RCO",6,21802.1545854718,"kt"
1909,"CO2","RCO",7,23218.2748349326,"kt"
1909,"CO2","RCO",8,23197.5336311092,"kt"
1909,"CO2","RCO",9,21887.0081525303,"kt"
1909,"CO2","RCO",10,28819.2369386738,"kt"
1909,"CO2","RCO",11,46868.1181577581,"kt"
1909,"CO2","RCO",12,78064.5953977322,"kt"
1910,"CO2","AGR",1,0,"kt"
1910,"CO2","AGR",2,0,"kt"
1910,"CO2","AGR",3,0,"kt"
1910,"CO2","AGR",4,0,"kt"
1910,"CO2","AGR",5,0,"kt"
1910,"CO2","AGR",6,0,"kt"
1910,"CO2","AGR",7,0,"kt"
1910,"CO2","AGR",8,0,"kt"
1910,"CO2","AGR",9,0,"kt"
1910,"CO2","AGR",10,0,"kt"
1910,"CO2","AGR",11,0,"kt"
1910,"CO2","AGR",12,0,"kt"
1910,"CO2","ENE",1,90888.4883202735,"kt"
1910,"CO2","ENE",2,75754.6291929146,"kt"
1910,"CO2","ENE",3,77232.4900041797,"kt"
1910,"CO2","ENE",4,69418.1348499905,"kt"
1910,"CO2","ENE",5,69529.08190295,"kt"
1910,"CO2","ENE",6,68891.7267901383,"kt"
1910,"CO2","ENE",7,73984.1963386688,"kt"
1910,"CO2","ENE",8,73099.669096672,"kt"
1910,"CO2","ENE",9,67264.621160656,"kt"
1910,"CO2","ENE",10,70074.7474988974,"kt"
1910,"CO2","ENE",11,71891.5030207245,"kt"
1910,"CO2","ENE",12,86114.4040723886,"kt"
1910,"CO2","IND",1,116936.152712348,"kt"
1910,"CO2","IND",2,105747.034406725,"kt"
1910,"CO2","IND",3,105724.056202498,"kt"
1910,"CO2","IND",4,102586.353283251,"kt"
1910,"CO2","IND",5,89258.2141754667,"kt"
1910,"CO2","IND",6,81158.271835343,"kt"
1910,"CO2","IND",7,78187.038760714,"kt"
1910,"CO2","IND",8,83863.5475631877,"kt"
1910,"CO2","IND",9,80885.5213287029,"kt"
1910,"CO2","IND",10,94934.7229779403,"kt"
1910,"CO2","IND",11,102449.978029931,"kt"
1910,"CO2","IND",12,117077.073807446,"kt"
1910,"CO2","TRA",1,18515.2208737962,"kt"
1910,"CO2","TRA",2,16723.4253053643,"kt"
1910,"CO2","TRA",3,18515.2208737962,"kt"
1910,"CO2","TRA",4,17917.9556843189,"kt"
1910,"CO2","TRA",5,18515.2208737962,"kt"
1910,"CO2","TRA",6,17917.9556843189,"kt"
1910,"CO2","TRA",7,18515.2208737962,"kt"
1910,"CO2","TRA",8,18515.2208737962,"kt"
1910,"CO2","TRA",9,17917.9556843189,"kt"
1910,"CO2","TRA",10,18515.2208737962,"kt"
1910,"CO2","TRA",11,17917.9556843189,"kt"
1910,"CO2","TRA",12,18515.2208737962,"kt"
1910,"CO2","SLV",1,116.710959841875,"kt"
1910,"CO2","SLV",2,105.416350824919,"kt"
1910,"CO2","SLV",3,116.710959841875,"kt"
1910,"CO2","SLV",4,112.946090169556,"kt"
1910,"CO2","SLV",5,116.710959841875,"kt"
1910,"CO2","SLV",6,112.946090169556,"kt"
1910,"CO2","SLV",7,116.710959841875,"kt"
1910,"CO2","SLV",8,116.710959841875,"kt"
1910,"CO2","SLV",9,112.946090169556,"kt"
1910,"CO2","SLV",10,116.710959841875,"kt"
1910,"CO2","SLV",11,112.946090169556,"kt"
1910,"CO2","SLV",12,116.710959841875,"kt"
1910,"CO2","WST",1,5.92377742356654,"kt"
1910,"CO2","WST",2,5.35050864064075,"kt"
1910,"CO2","WST",3,5.92377742356654,"kt"
1910,"CO2","WST",4,5.73268782925794,"kt"
1910,"CO2","WST",5,5.92377742356654,"kt"
1910,"CO2","WST",6,5.73268782925794,"kt"
1910,"CO2","WST",7,5.92377742356654,"kt"
1910,"CO2","WST",8,5.92377742356654,"kt"
1910,"CO2","WST",9,5.73268782925794,"kt"
1910,"CO2","WST",10,5.92377742356654,"kt"
1910,"CO2","WST",11,5.73268782925794,"kt"
1910,"CO2","WST",12,5.92377742356654,"kt"
1910,"CO2","SHP",1,702.04014660955,"kt"
1910,"CO2","SHP",2,602.46717821155,"kt"
1910,"CO2","SHP",3,736.341043921709,"kt"
1910,"CO2","SHP",4,706.917579944836,"kt"
1910,"CO2","SHP",5,743.285907289189,"kt"
1910,"CO2","SHP",6,691.310414533683,"kt"
1910,"CO2","SHP",7,764.414776805517,"kt"
1910,"CO2","SHP",8,774.934514514754,"kt"
1910,"CO2","SHP",9,737.787237509948,"kt"
1910,"CO2","SHP",10,793.11222739189,"kt"
1910,"CO2","SHP",11,772.178377883472,"kt"
1910,"CO2","SHP",12,780.113019564282,"kt"
1910,"CO2","RCO",1,84072.6115277415,"kt"
1910,"CO2","RCO",2,65344.9750819621,"kt"
1910,"CO2","RCO",3,58329.0600460862,"kt"
1910,"CO2","RCO",4,34913.0153333958,"kt"
1910,"CO2","RCO",5,24868.5344794416,"kt"
1910,"CO2","RCO",6,22761.862060085,"kt"
1910,"CO2","RCO",7,24239.5814664807,"kt"
1910,"CO2","RCO",8,24216.0017803826,"kt"
1910,"CO2","RCO",9,22852.8325635389,"kt"
1910,"CO2","RCO",10,30023.8315548058,"kt"
1910,"CO2","RCO",11,48767.3984780601,"kt"
1910,"CO2","RCO",12,81349.5178251815,"kt"
1911,"CO2","AGR",1,0,"kt"
1911,"CO2","AGR",2,0,"kt"
1911,"CO2","AGR",3,0,"kt"
1911,"CO2","AGR",4,0,"kt"
1911,"CO2","AGR",5,0,"kt"
1911,"CO2","AGR",6,0,"kt"
1911,"CO2","AGR",7,0,"kt"
1911,"CO2","AGR",8,0,"kt"
1911,"CO2","AGR",9,0,"kt"
1911,"CO2","AGR",10,0,"kt"
1911,"CO2","AGR",11,0,"kt"
1911,"CO2","AGR",12,0,"kt"
1911,"CO2","ENE",1,94238.1234661726,"kt"
1911,"CO2","ENE",2,78618.4611410897,"kt"
1911,"CO2","ENE",3,80088.6987748633,"kt"
1911,"CO2","ENE",4,72035.0024762171,"kt"
1911,"CO2","ENE",5,71973.8847978718,"kt"
1911,"CO2","ENE",6,71142.8291971682,"kt"
1911,"CO2","ENE",7,76309.0454012644,"kt"
1911,"CO2","ENE",8,75375.7694152708,"kt"
1911,"CO2","ENE",9,69524.2904304821,"kt"
1911,"CO2","ENE",10,72602.7248804941,"kt"
1911,"CO2","ENE",11,74574.2821876952,"kt"
1911,"CO2","ENE",12,89242.3799142346,"kt"
1911,"CO2","IND",1,117515.078862623,"kt"
1911,"CO2","IND",2,106276.36476469,"kt"
1911,"CO2","IND",3,106294.919209921,"kt"
1911,"CO2","IND",4,103152.578467109,"kt"
1911,"CO2","IND",5,89834.7779051491,"kt"
1911,"CO2","IND",6,81722.6680484198,"kt"
1911,"CO2","IND",7,78762.6575221596,"kt"
1911,"CO2","IND",8,84446.7569833671,"kt"
1911,"CO2","IND",9,81436.140429621,"kt"
1911,"CO2","IND",10,95518.8773663566,"kt"
1911,"CO2","IND",11,103009.31465771,"kt"
1911,"CO2","IND",12,117663.118132336,"kt"
1911,"CO2","TRA",1,19003.2756037222,"kt"
1911,"CO2","TRA",2,17164.2489323942,"kt"
1911,"CO2","TRA",3,19003.2756037222,"kt"
1911,"CO2","TRA",4,18390.2667132795,"kt"
1911,"CO2","TRA",5,19003.2756037222,"kt"
1911,"CO2","TRA",6,18390.2667132795,"kt"
1911,"CO2","TRA",7,19003.2756037222,"kt"
1911,"CO2","TRA",8,19003.2756037222,"kt"
1911,"CO2","TRA",9,18390.2667132795,"kt"
1911,"CO2","TRA",10,19003.2756037222,"kt"
1911,"CO2","TRA",11,18390.2667132795,"kt"
1911,"CO2","TRA",12,19003.2756037222,"kt"
1911,"CO2","SLV",1,116.579199079591,"kt"
1911,"CO2","SLV",2,105.297341104147,"kt"
1911,"CO2","SLV",3,116.579199079591,"kt"
1911,"CO2","SLV",4,112.818579754443,"kt"
1911,"CO2","SLV",5,116.579199079591,"kt"
1911,"CO2","SLV",6,112.818579754443,"kt"
1911,"CO2","SLV",7,116.579199079591,"kt"
1911,"CO2","SLV",8,116.579199079591,"kt"
1911,"CO2","SLV",9,112.818579754443,"kt"
1911,"CO2","SLV",10,116.579199079591,"kt"
1911,"CO2","SLV",11,112.818579754443,"kt"
1911,"CO2","SLV",12,116.579199079591,"kt"
1911,"CO2","WST",1,6.6102132406167,"kt"
1911,"CO2","WST",2,5.97051518507315,"kt"
1911,"CO2","WST",3,6.6102132406167,"kt"
1911,"CO2","WST",4,6.39698055543552,"kt"
1911,"CO2","WST",5,6.6102132406167,"kt"
1911,"CO2","WST",6,6.39698055543552,"kt"
1911,"CO2","WST",7,6.6102132406167,"kt"
1911,"CO2","WST",8,6.6102132406167,"kt"
1911,"CO2","WST",9,6.39698055543552,"kt"
1911,"CO2","WST",10,6.6102132406167,"kt"
1911,"CO2","WST",11,6.39698055543552,"kt"
1911,"CO2","WST",12,6.6102132406167,"kt"
1911,"CO2","SHP",1,772.244161270508,"kt"
1911,"CO2","SHP",2,662.713896032707,"kt"
1911,"CO2","SHP",3,809.975148313883,"kt"
1911,"CO2","SHP",4,777.609337939323,"kt"
1911,"CO2","SHP",5,817.614498018111,"kt"
1911,"CO2","SHP",6,760.441455987054,"kt"
1911,"CO2","SHP",7,840.856254486072,"kt"
1911,"CO2","SHP",8,852.427965966232,"kt"
1911,"CO2","SHP",9,811.565961260945,"kt"
1911,"CO2","SHP",10,872.423450131081,"kt"
1911,"CO2","SHP",11,849.396215671822,"kt"
1911,"CO2","SHP",12,858.124321520713,"kt"
1911,"CO2","RCO",1,85708.0177654376,"kt"
1911,"CO2","RCO",2,66630.5212904236,"kt"
1911,"CO2","RCO",3,59535.0855978539,"kt"
1911,"CO2","RCO",4,35735.947463959,"kt"
1911,"CO2","RCO",5,25405.5832627017,"kt"
1911,"CO2","RCO",6,23249.867789599,"kt"
1911,"CO2","RCO",7,24759.1281212839,"kt"
1911,"CO2","RCO",8,24734.8781385119,"kt"
1911,"CO2","RCO",9,23342.2325565207,"kt"
1911,"CO2","RCO",10,30702.6461389211,"kt"
1911,"CO2","RCO",11,49815.3494298411,"kt"
1911,"CO2","RCO",12,82895.0143642286,"kt"
1912,"CO2","AGR",1,0,"kt"
1912,"CO2","AGR",2,0,"kt"
1912,"CO2","AGR",3,0,"kt"
1912,"CO2","AGR",4,0,"kt"
1912,"CO2","AGR",5,0,"kt"
1912,"CO2","AGR",6,0,"kt"
1912,"CO2","AGR",7,0,"kt"
1912,"CO2","AGR",8,0,"kt"
1912,"CO2","AGR",9,0,"kt"
1912,"CO2","AGR",10,0,"kt"
1912,"CO2","AGR",11,0,"kt"
1912,"CO2","AGR",12,0,"kt"
1912,"CO2","ENE",1,101486.401339012,"kt"
1912,"CO2","ENE",2,84656.8876957338,"kt"
1912,"CO2","ENE",3,86122.6064281614,"kt"
1912,"CO2","ENE",4,77531.5902982165,"kt"
1912,"CO2","ENE",5,77736.6930108812,"kt"
1912,"CO2","ENE",6,76827.8062440941,"kt"
1912,"CO2","ENE",7,82434.7331949805,"kt"
1912,"CO2","ENE",8,81574.4012977085,"kt"
1912,"CO2","ENE",9,75132.4664493253,"kt"
1912,"CO2","ENE",10,78398.8653076858,"kt"
1912,"CO2","ENE",11,80503.4243008824,"kt"
1912,"CO2","ENE",12,96137.7036751094,"kt"
1912,"CO2","IND",1,120728.472124373,"kt"
1912,"CO2","IND",2,109186.887176136,"kt"
1912,"CO2","IND",3,109175.805620617,"kt"
1912,"CO2","IND",4,105957.895967725,"kt"
1912,"CO2","IND",5,92239.3311308568,"kt"
1912,"CO2","IND",6,83901.7868114541,"kt"
1912,"CO2","IND",7,80843.6747334504,"kt"
1912,"CO2","IND",8,86698.5130385026,"kt"
1912,"CO2","IND",9,83597.8962830368,"kt"
1912,"CO2","IND",10,98094.1694359089,"kt"
1912,"CO2","IND",11,105805.950703516,"kt"
1912,"CO2","IND",12,120885.482230722,"kt"
1912,"CO2","TRA",1,19976.5040065943,"kt"
1912,"CO2","TRA",2,18043.29394144,"kt"
1912,"CO2","TRA",3,19976.5040065943,"kt"
1912,"CO2","TRA",4,19332.1006515428,"kt"
1912,"CO2","TRA",5,19976.5040065943,"kt"
1912,"CO2","TRA",6,19332.1006515428,"kt"
1912,"CO2","TRA",7,19976.5040065943,"kt"
1912,"CO2","TRA",8,19976.5040065943,"kt"
1912,"CO2","TRA",9,19332.1006515428,"kt"
1912,"CO2","TRA",10,19976.5040065943,"kt"
1912,"CO2","TRA",11,19332.1006515428,"kt"
1912,"CO2","TRA",12,19976.5040065943,"kt"
1912,"CO2","SLV",1,115.06205559223,"kt"
1912,"CO2","SLV",2,103.927017954272,"kt"
1912,"CO2","SLV",3,115.06205559223,"kt"
1912,"CO2","SLV",4,111.350376379577,"kt"
1912,"CO2","SLV",5,115.06205559223,"kt"
1912,"CO2","SLV",6,111.350376379577,"kt"
1912,"CO2","SLV",7,115.06205559223,"kt"
1912,"CO2","SLV",8,115.06205559223,"kt"
1912,"CO2","SLV",9,111.350376379577,"kt"
1912,"CO2","SLV",10,115.06205559223,"kt"
1912,"CO2","SLV",11,111.350376379577,"kt"
1912,"CO2","SLV",12,115.06205559223,"kt"
1912,"CO2","WST",1,7.31375052579294,"kt"
1912,"CO2","WST",2,6.60596821684524,"kt"
1912,"CO2","WST",3,7.31375052579294,"kt"
1912,"CO2","WST",4,7.07782308947704,"kt"
1912,"CO2","WST",5,7.31375052579294,"kt"
1912,"CO2","WST",6,7.07782308947704,"kt"
1912,"CO2","WST",7,7.31375052579294,"kt"
1912,"CO2","WST",8,7.31375052579294,"kt"
1912,"CO2","WST",9,7.07782308947704,"kt"
1912,"CO2","WST",10,7.31375052579294,"kt"
1912,"CO2","WST",11,7.07782308947704,"kt"
1912,"CO2","WST",12,7.31375052579294,"kt"
1912,"CO2","SHP",1,842.448175931464,"kt"
1912,"CO2","SHP",2,722.960613853863,"kt"
1912,"CO2","SHP",3,883.609252706055,"kt"
1912,"CO2","SHP",4,848.301095933807,"kt"
1912,"CO2","SHP",5,891.943088747031,"kt"
1912,"CO2","SHP",6,829.572497440424,"kt"
1912,"CO2","SHP",7,917.297732166625,"kt"
1912,"CO2","SHP",8,929.921417417708,"kt"
1912,"CO2","SHP",9,885.344685011941,"kt"
1912,"CO2","SHP",10,951.734672870271,"kt"
1912,"CO2","SHP",11,926.61405346017,"kt"
1912,"CO2","SHP",12,936.135623477142,"kt"
1912,"CO2","RCO",1,90035.2528991974,"kt"
1912,"CO2","RCO",2,69897.0407270315,"kt"
1912,"CO2","RCO",3,62626.4426424396,"kt"
1912,"CO2","RCO",4,37225.5745844253,"kt"
1912,"CO2","RCO",5,26562.9943360542,"kt"
1912,"CO2","RCO",6,24320.2868876252,"kt"
1912,"CO2","RCO",7,25897.0702490141,"kt"
1912,"CO2","RCO",8,25871.2995182032,"kt"
1912,"CO2","RCO",9,24423.9057557972,"kt"
1912,"CO2","RCO",10,32164.252160387,"kt"
1912,"CO2","RCO",11,52389.1006324483,"kt"
1912,"CO2","RCO",12,87042.0960765874,"kt"
1913,"CO2","AGR",1,0,"kt"
1913,"CO2","AGR",2,0,"kt"
1913,"CO2","AGR",3,0,"kt"
1913,"CO2","AGR",4,0,"kt"
1913,"CO2","AGR",5,0,"kt"
1913,"CO2","AGR",6,0,"kt"
1913,"CO2","AGR",7,0,"kt"
1913,"CO2","AGR",8,0,"kt"
1913,"CO2","AGR",9,0,"kt"
1913,"CO2","AGR",10,0,"kt"
1913,"CO2","AGR",11,0,"kt"
1913,"CO2","AGR",12,0,"kt"
1913,"CO2","ENE",1,111517.51777656,"kt"
1913,"CO2","ENE",2,93036.6057917619,"kt"
1913,"CO2","ENE",3,94645.3048487347,"kt"
1913,"CO2","ENE",4,85208.8179690607,"kt"
1913,"CO2","ENE",5,85334.3183218169,"kt"
1913,"CO2","ENE",6,84262.7254696801,"kt"
1913,"CO2","ENE",7,90380.2967073003,"kt"
1913,"CO2","ENE",8,89429.0311807783,"kt"
1913,"CO2","ENE",9,82450.947895896,"kt"
1913,"CO2","ENE",10,86124.284252246,"kt"
1913,"CO2","ENE",11,88459.8638477179,"kt"
1913,"CO2","ENE",12,105629.223323506,"kt"
1913,"CO2","IND",1,129096.371982115,"kt"
1913,"CO2","IND",2,116753.337924147,"kt"
1913,"CO2","IND",3,116738.789356735,"kt"
1913,"CO2","IND",4,113294.800309466,"kt"
1913,"CO2","IND",5,98618.0457891391,"kt"
1913,"CO2","IND",6,89698.6768052265,"kt"
1913,"CO2","IND",7,86426.7153119487,"kt"
1913,"CO2","IND",8,92688.632698734,"kt"
1913,"CO2","IND",9,89376.8984538907,"kt"
1913,"CO2","IND",10,104879.963175924,"kt"
1913,"CO2","IND",11,113133.911133798,"kt"
1913,"CO2","IND",12,129262.624130305,"kt"
1913,"CO2","TRA",1,21953.5132639556,"kt"
1913,"CO2","TRA",2,19828.9797222825,"kt"
1913,"CO2","TRA",3,21953.5132639556,"kt"
1913,"CO2","TRA",4,21245.3354167312,"kt"
1913,"CO2","TRA",5,21953.5132639556,"kt"
1913,"CO2","TRA",6,21245.3354167312,"kt"
1913,"CO2","TRA",7,21953.5132639556,"kt"
1913,"CO2","TRA",8,21953.5132639556,"kt"
1913,"CO2","TRA",9,21245.3354167312,"kt"
1913,"CO2","TRA",10,21953.5132639556,"kt"
1913,"CO2","TRA",11,21245.3354167312,"kt"
1913,"CO2","TRA",12,21953.5132639556,"kt"
1913,"CO2","SLV",1,125.700855761264,"kt"
1913,"CO2","SLV",2,113.536256816625,"kt"
1913,"CO2","SLV",3,125.700855761264,"kt"
1913,"CO2","SLV",4,121.645989446384,"kt"
1913,"CO2","SLV",5,125.700855761264,"kt"
1913,"CO2","SLV",6,121.645989446384,"kt"
1913,"CO2","SLV",7,125.700855761264,"kt"
1913,"CO2","SLV",8,125.700855761264,"kt"
1913,"CO2","SLV",9,121.645989446384,"kt"
1913,"CO2","SLV",10,125.700855761264,"kt"
1913,"CO2","SLV",11,121.645989446384,"kt"
1913,"CO2","SLV",12,125.700855761264,"kt"
1913,"CO2","WST",1,8.03438927909528,"kt"
1913,"CO2","WST",2,7.25686773595702,"kt"
1913,"CO2","WST",3,8.03438927909528,"kt"
1913,"CO2","WST",4,7.77521543138253,"kt"
1913,"CO2","WST",5,8.03438927909528,"kt"
1913,"CO2","WST",6,7.77521543138253,"kt"
1913,"CO2","WST",7,8.03438927909528,"kt"
1913,"CO2","WST",8,8.03438927909528,"kt"
1913,"CO2","WST",9,7.77521543138253,"kt"
1913,"CO2","WST",10,8.03438927909528,"kt"
1913,"CO2","WST",11,7.77521543138253,"kt"
1913,"CO2","WST",12,8.03438927909528,"kt"
1913,"CO2","SHP",1,912.65219059242,"kt"
1913,"CO2","SHP",2,783.207331675019,"kt"
1913,"CO2","SHP",3,957.243357098227,"kt"
1913,"CO2","SHP",4,918.992853928292,"kt"
1913,"CO2","SHP",5,966.27167947595,"kt"
1913,"CO2","SHP",6,898.703538893793,"kt"
1913,"CO2","SHP",7,993.739209847177,"kt"
1913,"CO2","SHP",8,1007.41486886918,"kt"
1913,"CO2","SHP",9,959.123408762936,"kt"
1913,"CO2","SHP",10,1031.04589560946,"kt"
1913,"CO2","SHP",11,1003.83189124852,"kt"
1913,"CO2","SHP",12,1014.14692543357,"kt"
1913,"CO2","RCO",1,97932.3453517741,"kt"
1913,"CO2","RCO",2,76038.9476493224,"kt"
1913,"CO2","RCO",3,68146.9684646834,"kt"
1913,"CO2","RCO",4,40577.1197152837,"kt"
1913,"CO2","RCO",5,28914.4375260999,"kt"
1913,"CO2","RCO",6,26459.2651114167,"kt"
1913,"CO2","RCO",7,28172.899360902,"kt"
1913,"CO2","RCO",8,28145.8945724508,"kt"
1913,"CO2","RCO",9,26579.9753987321,"kt"
1913,"CO2","RCO",10,35044.0905085676,"kt"
1913,"CO2","RCO",11,57034.2341902943,"kt"
1913,"CO2","RCO",12,94669.2311314996,"kt"
1914,"CO2","AGR",1,0,"kt"
1914,"CO2","AGR",2,0,"kt"
1914,"CO2","AGR",3,0,"kt"
1914,"CO2","AGR",4,0,"kt"
1914,"CO2","AGR",5,0,"kt"
1914,"CO2","AGR",6,0,"kt"
1914,"CO2","AGR",7,0,"kt"
1914,"CO2","AGR",8,0,"kt"
1914,"CO2","AGR",9,0,"kt"
1914,"CO2","AGR",10,0,"kt"
1914,"CO2","AGR",11,0,"kt"
1914,"CO2","AGR",12,0,"kt"
1914,"CO2","ENE",1,101147.994535725,"kt"
1914,"CO2","ENE",2,84443.5777937183,"kt"
1914,"CO2","ENE",3,86705.4263200956,"kt"
1914,"CO2","ENE",4,78126.0649057414,"kt"
1914,"CO2","ENE",5,78432.4094383867,"kt"
1914,"CO2","ENE",6,78032.103352531,"kt"
1914,"CO2","ENE",7,83728.8339920135,"kt"
1914,"CO2","ENE",8,82737.3297938457,"kt"
1914,"CO2","ENE",9,76298.2329318687,"kt"
1914,"CO2","ENE",10,79363.1903392071,"kt"
1914,"CO2","ENE",11,80845.8198442331,"kt"
1914,"CO2","ENE",12,96106.4490138286,"kt"
1914,"CO2","IND",1,116209.460496351,"kt"
1914,"CO2","IND",2,105105.984827766,"kt"
1914,"CO2","IND",3,105131.819224736,"kt"
1914,"CO2","IND",4,102046.044118149,"kt"
1914,"CO2","IND",5,88910.0569390027,"kt"
1914,"CO2","IND",6,80911.022009234,"kt"
1914,"CO2","IND",7,77990.2955160634,"kt"
1914,"CO2","IND",8,83608.0560762084,"kt"
1914,"CO2","IND",9,80605.4481085719,"kt"
1914,"CO2","IND",10,94527.8174991477,"kt"
1914,"CO2","IND",11,101893.257167818,"kt"
1914,"CO2","IND",12,116367.340345026,"kt"
1914,"CO2","TRA",1,20599.2668832604,"kt"
1914,"CO2","TRA",2,18605.7894429448,"kt"
1914,"CO2","TRA",3,20599.2668832604,"kt"
1914,"CO2","TRA",4,19934.7744031552,"kt"
1914,"CO2","TRA",5,20599.2668832604,"kt"
1914,"CO2","TRA",6,19934.7744031552,"kt"
1914,"CO2","TRA",7,20599.2668832604,"kt"
1914,"CO2","TRA",8,20599.2668832604,"kt"
1914,"CO2","TRA",9,19934.7744031552,"kt"
1914,"CO2","TRA",10,20599.2668832604,"kt"
1914,"CO2","TRA",11,19934.7744031552,"kt"
1914,"CO2","TRA",12,20599.2668832604,"kt"
1914,"CO2","SLV",1,126.789913199953,"kt"
1914,"CO2","SLV",2,114.519921599957,"kt"
1914,"CO2","SLV",3,126.789913199953,"kt"
1914,"CO2","SLV",4,122.699915999954,"kt"
1914,"CO2","SLV",5,126.789913199953,"kt"
1914,"CO2","SLV",6,122.699915999954,"kt"
1914,"CO2","SLV",7,126.789913199953,"kt"
1914,"CO2","SLV",8,126.789913199953,"kt"
1914,"CO2","SLV",9,122.699915999954,"kt"
1914,"CO2","SLV",10,126.789913199953,"kt"
1914,"CO2","SLV",11,122.699915999954,"kt"
1914,"CO2","SLV",12,126.789913199953,"kt"
1914,"CO2","WST",1,8.7721295005237,"kt"
1914,"CO2","WST",2,7.92321374240851,"kt"
1914,"CO2","WST",3,8.7721295005237,"kt"
1914,"CO2","WST",4,8.48915758115197,"kt"
1914,"CO2","WST",5,8.7721295005237,"kt"
1914,"CO2","WST",6,8.48915758115197,"kt"
1914,"CO2","WST",7,8.7721295005237,"kt"
1914,"CO2","WST",8,8.7721295005237,"kt"
1914,"CO2","WST",9,8.48915758115197,"kt"
1914,"CO2","WST",10,8.7721295005237,"kt"
1914,"CO2","WST",11,8.48915758115197,"kt"
1914,"CO2","WST",12,8.7721295005237,"kt"
1914,"CO2","SHP",1,1499.79512187914,"kt"
1914,"CO2","SHP",2,1287.07359449133,"kt"
1914,"CO2","SHP",3,1573.07343610846,"kt"
1914,"CO2","SHP",4,1510.21496860568,"kt"
1914,"CO2","SHP",5,1587.91001240821,"kt"
1914,"CO2","SHP",6,1476.87278630592,"kt"
1914,"CO2","SHP",7,1633.04842163516,"kt"
1914,"CO2","SHP",8,1655.52213823949,"kt"
1914,"CO2","SHP",9,1576.16299458942,"kt"
1914,"CO2","SHP",10,1694.35587906145,"kt"
1914,"CO2","SHP",11,1649.63409851015,"kt"
1914,"CO2","SHP",12,1666.58517594384,"kt"
1914,"CO2","RCO",1,87797.9672923402,"kt"
1914,"CO2","RCO",2,68366.66793465,"kt"
1914,"CO2","RCO",3,61386.7724034958,"kt"
1914,"CO2","RCO",4,36783.47492502,"kt"
1914,"CO2","RCO",5,26139.6015903264,"kt"
1914,"CO2","RCO",6,23905.6663690154,"kt"
1914,"CO2","RCO",7,25451.0528242597,"kt"
1914,"CO2","RCO",8,25422.0529010995,"kt"
1914,"CO2","RCO",9,24008.1062380329,"kt"
1914,"CO2","RCO",10,31698.0605767779,"kt"
1914,"CO2","RCO",11,51221.9756675624,"kt"
1914,"CO2","RCO",12,84911.0155011198,"kt"
1915,"CO2","AGR",1,0,"kt"
1915,"CO2","AGR",2,0,"kt"
1915,"CO2","AGR",3,0,"kt"
1915,"CO2","AGR",4,0,"kt"
1915,"CO2","AGR",5,0,"kt"
1915,"CO2","AGR",6,0,"kt"
1915,"CO2","AGR",7,0,"kt"
1915,"CO2","AGR",8,0,"kt"
1915,"CO2","AGR",9,0,"kt"
1915,"CO2","AGR",10,0,"kt"
1915,"CO2","AGR",11,0,"kt"
1915,"CO2","AGR",12,0,"kt"
1915,"CO2","ENE",1,100261.183285496,"kt"
1915,"CO2","ENE",2,83540.2156239438,"kt"
1915,"CO2","ENE",3,86275.7354929795,"kt"
1915,"CO2","ENE",4,77685.4148281005,"kt"
1915,"CO2","ENE",5,78486.7063927354,"kt"
1915,"CO2","ENE",6,78662.8178969779,"kt"
1915,"CO2","ENE",7,84602.7796438862,"kt"
1915,"CO2","ENE",8,83512.3734186092,"kt"
1915,"CO2","ENE",9,76578.2626121693,"kt"
1915,"CO2","ENE",10,79183.7229529348,"kt"
1915,"CO2","ENE",11,80324.3352550749,"kt"
1915,"CO2","ENE",12,95577.1264812454,"kt"
1915,"CO2","IND",1,112544.755716934,"kt"
1915,"CO2","IND",2,101786.325574391,"kt"
1915,"CO2","IND",3,101815.851087558,"kt"
1915,"CO2","IND",4,98816.4641445488,"kt"
1915,"CO2","IND",5,86090.6131374228,"kt"
1915,"CO2","IND",6,78335.837631379,"kt"
1915,"CO2","IND",7,75508.9561056184,"kt"
1915,"CO2","IND",8,80947.0322190917,"kt"
1915,"CO2","IND",9,78050.8422812415,"kt"
1915,"CO2","IND",10,91528.6892508961,"kt"
1915,"CO2","IND",11,98673.96646948,"kt"
1915,"CO2","IND",12,112692.003314505,"kt"
1915,"CO2","TRA",1,20872.0833151937,"kt"
1915,"CO2","TRA",2,18852.2042846911,"kt"
1915,"CO2","TRA",3,20872.0833151937,"kt"
1915,"CO2","TRA",4,20198.7903050262,"kt"
1915,"CO2","TRA",5,20872.0833151937,"kt"
1915,"CO2","TRA",6,20198.7903050262,"kt"
1915,"CO2","TRA",7,20872.0833151937,"kt"
1915,"CO2","TRA",8,20872.0833151937,"kt"
1915,"CO2","TRA",9,20198.7903050262,"kt"
1915,"CO2","TRA",10,20872.0833151937,"kt"
1915,"CO2","TRA",11,20198.7903050262,"kt"
1915,"CO2","TRA",12,20872.0833151937,"kt"
1915,"CO2","SLV",1,131.73078039248,"kt"
1915,"CO2","SLV",2,118.982640354498,"kt"
1915,"CO2","SLV",3,131.73078039248,"kt"
1915,"CO2","SLV",4,127.48140037982,"kt"
1915,"CO2","SLV",5,131.73078039248,"kt"
1915,"CO2","SLV",6,127.48140037982,"kt"
1915,"CO2","SLV",7,131.73078039248,"kt"
1915,"CO2","SLV",8,131.73078039248,"kt"
1915,"CO2","SLV",9,127.48140037982,"kt"
1915,"CO2","SLV",10,131.73078039248,"kt"
1915,"CO2","SLV",11,127.48140037982,"kt"
1915,"CO2","SLV",12,131.73078039248,"kt"
1915,"CO2","WST",1,9.52697119007829,"kt"
1915,"CO2","WST",2,8.60500623619975,"kt"
1915,"CO2","WST",3,9.52697119007829,"kt"
1915,"CO2","WST",4,9.21964953878545,"kt"
1915,"CO2","WST",5,9.52697119007829,"kt"
1915,"CO2","WST",6,9.21964953878545,"kt"
1915,"CO2","WST",7,9.52697119007829,"kt"
1915,"CO2","WST",8,9.52697119007829,"kt"
1915,"CO2","WST",9,9.21964953878545,"kt"
1915,"CO2","WST",10,9.52697119007829,"kt"
1915,"CO2","WST",11,9.21964953878545,"kt"
1915,"CO2","WST",12,9.52697119007829,"kt"
1915,"CO2","SHP",1,2086.93805316587,"kt"
1915,"CO2","SHP",2,1790.93985730765,"kt"
1915,"CO2","SHP",3,2188.90351511871,"kt"
1915,"CO2","SHP",4,2101.43708328309,"kt"
1915,"CO2","SHP",5,2209.54834534049,"kt"
1915,"CO2","SHP",6,2055.04203371806,"kt"
1915,"CO2","SHP",7,2272.35763342317,"kt"
1915,"CO2","SHP",8,2303.6294076098,"kt"
1915,"CO2","SHP",9,2193.20258041592,"kt"
1915,"CO2","SHP",10,2357.66586251345,"kt"
1915,"CO2","SHP",11,2295.43630577179,"kt"
1915,"CO2","SHP",12,2319.02342645412,"kt"
1915,"CO2","RCO",1,86886.660095818,"kt"
1915,"CO2","RCO",2,67746.8501110947,"kt"
1915,"CO2","RCO",3,60833.4807921313,"kt"
1915,"CO2","RCO",4,36548.5030045895,"kt"
1915,"CO2","RCO",5,26057.776290128,"kt"
1915,"CO2","RCO",6,23841.9974877016,"kt"
1915,"CO2","RCO",7,25380.7842554696,"kt"
1915,"CO2","RCO",8,25350.6802682603,"kt"
1915,"CO2","RCO",9,23933.0223841793,"kt"
1915,"CO2","RCO",10,31469.711057647,"kt"
1915,"CO2","RCO",11,50608.0068024175,"kt"
1915,"CO2","RCO",12,84089.150592027,"kt"
1916,"CO2","AGR",1,0,"kt"
1916,"CO2","AGR",2,0,"kt"
1916,"CO2","AGR",3,0,"kt"
1916,"CO2","AGR",4,0,"kt"
1916,"CO2","AGR",5,0,"kt"
1916,"CO2","AGR",6,0,"kt"
1916,"CO2","AGR",7,0,"kt"
1916,"CO2","AGR",8,0,"kt"
1916,"CO2","AGR",9,0,"kt"
1916,"CO2","AGR",10,0,"kt"
1916,"CO2","AGR",11,0,"kt"
1916,"CO2","AGR",12,0,"kt"
1916,"CO2","ENE",1,109369.068231342,"kt"
1916,"CO2","ENE",2,91061.674172582,"kt"
1916,"CO2","ENE",3,94159.6499191173,"kt"
1916,"CO2","ENE",4,84783.7730012754,"kt"
1916,"CO2","ENE",5,86153.9921490803,"kt"
1916,"CO2","ENE",6,86722.9814677743,"kt"
1916,"CO2","ENE",7,93415.8219123095,"kt"
1916,"CO2","ENE",8,92222.1417983053,"kt"
1916,"CO2","ENE",9,84184.1237682283,"kt"
1916,"CO2","ENE",10,86685.9156403686,"kt"
1916,"CO2","ENE",11,87771.3470996168,"kt"
1916,"CO2","ENE",12,104391.511709745,"kt"
1916,"CO2","IND",1,119271.058037742,"kt"
1916,"CO2","IND",2,107862.329232576,"kt"
1916,"CO2","IND",3,107885.394525048,"kt"
1916,"CO2","IND",4,104691.574044039,"kt"
1916,"CO2","IND",5,91176.772573248,"kt"
1916,"CO2","IND",6,82941.1594908824,"kt"
1916,"CO2","IND",7,79939.0583874505,"kt"
1916,"CO2","IND",8,85705.8648072451,"kt"
1916,"CO2","IND",9,82654.8059549549,"kt"
1916,"CO2","IND",10,96943.5789930427,"kt"
1916,"CO2","IND",11,104548.397276075,"kt"
1916,"CO2","IND",12,119419.007364638,"kt"
1916,"CO2","TRA",1,22535.8464858914,"kt"
1916,"CO2","TRA",2,20354.958116289,"kt"
1916,"CO2","TRA",3,22535.8464858914,"kt"
1916,"CO2","TRA",4,21808.8836960239,"kt"
1916,"CO2","TRA",5,22535.8464858914,"kt"
1916,"CO2","TRA",6,21808.8836960239,"kt"
1916,"CO2","TRA",7,22535.8464858914,"kt"
1916,"CO2","TRA",8,22535.8464858914,"kt"
1916,"CO2","TRA",9,21808.8836960239,"kt"
1916,"CO2","TRA",10,22535.8464858914,"kt"
1916,"CO2","TRA",11,21808.8836960239,"kt"
1916,"CO2","TRA",12,22535.8464858914,"kt"
1916,"CO2","SLV",1,142.804221930865,"kt"
1916,"CO2","SLV",2,128.9844585182,"kt"
1916,"CO2","SLV",3,142.804221930865,"kt"
1916,"CO2","SLV",4,138.197634126643,"kt"
1916,"CO2","SLV",5,142.804221930865,"kt"
1916,"CO2","SLV",6,138.197634126643,"kt"
1916,"CO2","SLV",7,142.804221930865,"kt"
1916,"CO2","SLV",8,142.804221930865,"kt"
1916,"CO2","SLV",9,138.197634126643,"kt"
1916,"CO2","SLV",10,142.804221930865,"kt"
1916,"CO2","SLV",11,138.197634126643,"kt"
1916,"CO2","SLV",12,142.804221930865,"kt"
1916,"CO2","WST",1,10.2989143477589,"kt"
1916,"CO2","WST",2,9.30224521733061,"kt"
1916,"CO2","WST",3,10.2989143477589,"kt"
1916,"CO2","WST",4,9.96669130428279,"kt"
1916,"CO2","WST",5,10.2989143477589,"kt"
1916,"CO2","WST",6,9.96669130428279,"kt"
1916,"CO2","WST",7,10.2989143477589,"kt"
1916,"CO2","WST",8,10.2989143477589,"kt"
1916,"CO2","WST",9,9.96669130428279,"kt"
1916,"CO2","WST",10,10.2989143477589,"kt"
1916,"CO2","WST",11,9.96669130428279,"kt"
1916,"CO2","WST",12,10.2989143477589,"kt"
1916,"CO2","SHP",1,2674.08098445259,"kt"
1916,"CO2","SHP",2,2294.80612012396,"kt"
1916,"CO2","SHP",3,2804.73359412894,"kt"
1916,"CO2","SHP",4,2692.65919796048,"kt"
1916,"CO2","SHP",5,2831.18667827275,"kt"
1916,"CO2","SHP",6,2633.21128113019,"kt"
1916,"CO2","SHP",7,2911.66684521115,"kt"
1916,"CO2","SHP",8,2951.73667698011,"kt"
1916,"CO2","SHP",9,2810.2421662424,"kt"
1916,"CO2","SHP",10,3020.97584596544,"kt"
1916,"CO2","SHP",11,2941.23851303342,"kt"
1916,"CO2","SHP",12,2971.46167696438,"kt"
1916,"CO2","RCO",1,92957.2567864203,"kt"
1916,"CO2","RCO",2,72478.353450368,"kt"
1916,"CO2","RCO",3,65159.4548420412,"kt"
1916,"CO2","RCO",4,39086.8632220209,"kt"
1916,"CO2","RCO",5,27932.330847685,"kt"
1916,"CO2","RCO",6,25588.7488016458,"kt"
1916,"CO2","RCO",7,27245.0654363853,"kt"
1916,"CO2","RCO",8,27209.5613132286,"kt"
1916,"CO2","RCO",9,25668.9436530354,"kt"
1916,"CO2","RCO",10,33692.4505923153,"kt"
1916,"CO2","RCO",11,54115.6180293228,"kt"
1916,"CO2","RCO",12,89949.4801821446,"kt"
1917,"CO2","AGR",1,0,"kt"
1917,"CO2","AGR",2,0,"kt"
1917,"CO2","AGR",3,0,"kt"
1917,"CO2","AGR",4,0,"kt"
1917,"CO2","AGR",5,0,"kt"
1917,"CO2","AGR",6,0,"kt"
1917,"CO2","AGR",7,0,"kt"
1917,"CO2","AGR",8,0,"kt"
1917,"CO2","AGR",9,0,"kt"
1917,"CO2","AGR",10,0,"kt"
1917,"CO2","AGR",11,0,"kt"
1917,"CO2","AGR",12,0,"kt"
1917,"CO2","ENE",1,116047.477730843,"kt"
1917,"CO2","ENE",2,96504.3315543964,"kt"
1917,"CO2","ENE",3,99794.0724595229,"kt"
1917,"CO2","ENE",4,89781.4105816612,"kt"
1917,"CO2","ENE",5,91949.3520710178,"kt"
1917,"CO2","ENE",6,93001.2513810617,"kt"
1917,"CO2","ENE",7,100484.600529297,"kt"
1917,"CO2","ENE",8,99326.9130280868,"kt"
1917,"CO2","ENE",9,90032.3152016563,"kt"
1917,"CO2","ENE",10,92068.4986040446,"kt"
1917,"CO2","ENE",11,93046.4377279161,"kt"
1917,"CO2","ENE",12,110843.877612454,"kt"
1917,"CO2","IND",1,119667.485065185,"kt"
1917,"CO2","IND",2,108220.005555137,"kt"
1917,"CO2","IND",3,108254.432482121,"kt"
1917,"CO2","IND",4,105047.878695881,"kt"
1917,"CO2","IND",5,91503.6563203872,"kt"
1917,"CO2","IND",6,83243.6241837798,"kt"
1917,"CO2","IND",7,80238.1248224681,"kt"
1917,"CO2","IND",8,86018.4116565725,"kt"
1917,"CO2","IND",9,82958.0995028543,"kt"
1917,"CO2","IND",10,97283.9431544916,"kt"
1917,"CO2","IND",11,104905.116355419,"kt"
1917,"CO2","IND",12,119815.00615033,"kt"
1917,"CO2","TRA",1,23931.5694709216,"kt"
1917,"CO2","TRA",2,21615.611135026,"kt"
1917,"CO2","TRA",3,23931.5694709216,"kt"
1917,"CO2","TRA",4,23159.5833589564,"kt"
1917,"CO2","TRA",5,23931.5694709216,"kt"
1917,"CO2","TRA",6,23159.5833589564,"kt"
1917,"CO2","TRA",7,23931.5694709216,"kt"
1917,"CO2","TRA",8,23931.5694709216,"kt"
1917,"CO2","TRA",9,23159.5833589564,"kt"
1917,"CO2","TRA",10,23931.5694709216,"kt"
1917,"CO2","TRA",11,23159.5833589564,"kt"
1917,"CO2","TRA",12,23931.5694709216,"kt"
1917,"CO2","SLV",1,148.688754441993,"kt"
1917,"CO2","SLV",2,134.299520141155,"kt"
1917,"CO2","SLV",3,148.688754441993,"kt"
1917,"CO2","SLV",4,143.892343008381,"kt"
1917,"CO2","SLV",5,148.688754441993,"kt"
1917,"CO2","SLV",6,143.892343008381,"kt"
1917,"CO2","SLV",7,148.688754441993,"kt"
1917,"CO2","SLV",8,148.688754441993,"kt"
1917,"CO2","SLV",9,143.892343008381,"kt"
1917,"CO2","SLV",10,148.688754441993,"kt"
1917,"CO2","SLV",11,143.892343008381,"kt"
1917,"CO2","SLV",12,148.688754441993,"kt"
1917,"CO2","WST",1,11.0879589735656,"kt"
1917,"CO2","WST",2,10.0149306858012,"kt"
1917,"CO2","WST",3,11.0879589735656,"kt"
1917,"CO2","WST",4,10.7302828776441,"kt"
1917,"CO2","WST",5,11.0879589735656,"kt"
1917,"CO2","WST",6,10.7302828776441,"kt"
1917,"CO2","WST",7,11.0879589735656,"kt"
1917,"CO2","WST",8,11.0879589735656,"kt"
1917,"CO2","WST",9,10.7302828776441,"kt"
1917,"CO2","WST",10,11.0879589735656,"kt"
1917,"CO2","WST",11,10.7302828776441,"kt"
1917,"CO2","WST",12,11.0879589735656,"kt"
1917,"CO2","SHP",1,3261.22391573931,"kt"
1917,"CO2","SHP",2,2798.67238294026,"kt"
1917,"CO2","SHP",3,3420.56367313917,"kt"
1917,"CO2","SHP",4,3283.88131263787,"kt"
1917,"CO2","SHP",5,3452.82501120502,"kt"
1917,"CO2","SHP",6,3211.38052854231,"kt"
1917,"CO2","SHP",7,3550.97605699914,"kt"
1917,"CO2","SHP",8,3599.84394635041,"kt"
1917,"CO2","SHP",9,3427.28175206888,"kt"
1917,"CO2","SHP",10,3684.28582941743,"kt"
1917,"CO2","SHP",11,3587.04072029505,"kt"
1917,"CO2","SHP",12,3623.89992747465,"kt"
1917,"CO2","RCO",1,95277.2339449083,"kt"
1917,"CO2","RCO",2,74251.3189205315,"kt"
1917,"CO2","RCO",3,66632.5940440965,"kt"
1917,"CO2","RCO",4,39743.0015446321,"kt"
1917,"CO2","RCO",5,28662.8901354013,"kt"
1917,"CO2","RCO",6,26339.4535140142,"kt"
1917,"CO2","RCO",7,28054.6994885895,"kt"
1917,"CO2","RCO",8,28015.1252716765,"kt"
1917,"CO2","RCO",9,26396.1481637823,"kt"
1917,"CO2","RCO",10,34353.0456837425,"kt"
1917,"CO2","RCO",11,55307.2044223967,"kt"
1917,"CO2","RCO",12,92212.1377839998,"kt"
1918,"CO2","AGR",1,0,"kt"
1918,"CO2","AGR",2,0,"kt"
1918,"CO2","AGR",3,0,"kt"
1918,"CO2","AGR",4,0,"kt"
1918,"CO2","AGR",5,0,"kt"
1918,"CO2","AGR",6,0,"kt"
1918,"CO2","AGR",7,0,"kt"
1918,"CO2","AGR",8,0,"kt"
1918,"CO2","AGR",9,0,"kt"
1918,"CO2","AGR",10,0,"kt"
1918,"CO2","AGR",11,0,"kt"
1918,"CO2","AGR",12,0,"kt"
1918,"CO2","ENE",1,113906.642227636,"kt"
1918,"CO2","ENE",2,94585.650607464,"kt"
1918,"CO2","ENE",3,98294.8813754859,"kt"
1918,"CO2","ENE",4,88360.4419429705,"kt"
1918,"CO2","ENE",5,91637.9407280013,"kt"
1918,"CO2","ENE",6,93589.3553103657,"kt"
1918,"CO2","ENE",7,101522.193844702,"kt"
1918,"CO2","ENE",8,100438.245372709,"kt"
1918,"CO2","ENE",9,90218.2233044672,"kt"
1918,"CO2","ENE",10,91230.14977261,"kt"
1918,"CO2","ENE",11,91611.635028912,"kt"
1918,"CO2","ENE",12,109166.833566045,"kt"
1918,"CO2","IND",1,117403.472316186,"kt"
1918,"CO2","IND",2,106176.700651831,"kt"
1918,"CO2","IND",3,106240.699138945,"kt"
1918,"CO2","IND",4,103102.554145078,"kt"
1918,"CO2","IND",5,89869.7978867953,"kt"
1918,"CO2","IND",6,81786.1610384532,"kt"
1918,"CO2","IND",7,78856.3281150391,"kt"
1918,"CO2","IND",8,84512.3664064016,"kt"
1918,"CO2","IND",9,81497.1867052575,"kt"
1918,"CO2","IND",10,95525.8361781578,"kt"
1918,"CO2","IND",11,102958.06697848,"kt"
1918,"CO2","IND",12,117552.77572167,"kt"
1918,"CO2","TRA",1,24316.360024839,"kt"
1918,"CO2","TRA",2,21963.1638934029,"kt"
1918,"CO2","TRA",3,24316.360024839,"kt"
1918,"CO2","TRA",4,23531.9613143603,"kt"
1918,"CO2","TRA",5,24316.360024839,"kt"
1918,"CO2","TRA",6,23531.9613143603,"kt"
1918,"CO2","TRA",7,24316.360024839,"kt"
1918,"CO2","TRA",8,24316.360024839,"kt"
1918,"CO2","TRA",9,23531.9613143603,"kt"
1918,"CO2","TRA",10,24316.360024839,"kt"
1918,"CO2","TRA",11,23531.9613143603,"kt"
1918,"CO2","TRA",12,24316.360024839,"kt"
1918,"CO2","SLV",1,141.873622663652,"kt"
1918,"CO2","SLV",2,128.143917244589,"kt"
1918,"CO2","SLV",3,141.873622663652,"kt"
1918,"CO2","SLV",4,137.297054190631,"kt"
1918,"CO2","SLV",5,141.873622663652,"kt"
1918,"CO2","SLV",6,137.297054190631,"kt"
1918,"CO2","SLV",7,141.873622663652,"kt"
1918,"CO2","SLV",8,141.873622663652,"kt"
1918,"CO2","SLV",9,137.297054190631,"kt"
1918,"CO2","SLV",10,141.873622663652,"kt"
1918,"CO2","SLV",11,137.297054190631,"kt"
1918,"CO2","SLV",12,141.873622663652,"kt"
1918,"CO2","WST",1,11.8941050674984,"kt"
1918,"CO2","WST",2,10.7430626416115,"kt"
1918,"CO2","WST",3,11.8941050674984,"kt"
1918,"CO2","WST",4,11.5104242588695,"kt"
1918,"CO2","WST",5,11.8941050674984,"kt"
1918,"CO2","WST",6,11.5104242588695,"kt"
1918,"CO2","WST",7,11.8941050674984,"kt"
1918,"CO2","WST",8,11.8941050674984,"kt"
1918,"CO2","WST",9,11.5104242588695,"kt"
1918,"CO2","WST",10,11.8941050674984,"kt"
1918,"CO2","WST",11,11.5104242588695,"kt"
1918,"CO2","WST",12,11.8941050674984,"kt"
1918,"CO2","SHP",1,3848.36684702604,"kt"
1918,"CO2","SHP",2,3302.53864575658,"kt"
1918,"CO2","SHP",3,4036.39375214942,"kt"
1918,"CO2","SHP",4,3875.10342731528,"kt"
1918,"CO2","SHP",5,4074.4633441373,"kt"
1918,"CO2","SHP",6,3789.54977595446,"kt"
1918,"CO2","SHP",7,4190.28526878714,"kt"
1918,"CO2","SHP",8,4247.95121572073,"kt"
1918,"CO2","SHP",9,4044.32133789538,"kt"
1918,"CO2","SHP",10,4347.59581286943,"kt"
1918,"CO2","SHP",11,4232.84292755669,"kt"
1918,"CO2","SHP",12,4276.33817798493,"kt"
1918,"CO2","RCO",1,92722.0696701465,"kt"
1918,"CO2","RCO",2,72188.6106794767,"kt"
1918,"CO2","RCO",3,64586.7526503796,"kt"
1918,"CO2","RCO",4,38550.7820755071,"kt"
1918,"CO2","RCO",5,28127.1138230755,"kt"
1918,"CO2","RCO",6,25873.8906126894,"kt"
1918,"CO2","RCO",7,27557.4614253838,"kt"
1918,"CO2","RCO",8,27517.4113368901,"kt"
1918,"CO2","RCO",9,25915.091966727,"kt"
1918,"CO2","RCO",10,33309.6014215738,"kt"
1918,"CO2","RCO",11,53365.0743666639,"kt"
1918,"CO2","RCO",12,89722.0299275081,"kt"
1919,"CO2","AGR",1,0,"kt"
1919,"CO2","AGR",2,0,"kt"
1919,"CO2","AGR",3,0,"kt"
1919,"CO2","AGR",4,0,"kt"
1919,"CO2","AGR",5,0,"kt"
1919,"CO2","AGR",6,0,"kt"
1919,"CO2","AGR",7,0,"kt"
1919,"CO2","AGR",8,0,"kt"
1919,"CO2","AGR",9,0,"kt"
1919,"CO2","AGR",10,0,"kt"
1919,"CO2","AGR",11,0,"kt"
1919,"CO2","AGR",12,0,"kt"
1919,"CO2","ENE",1,97806.0790641762,"kt"
1919,"CO2","ENE",2,81279.0287799462,"kt"
1919,"CO2","ENE",3,84484.9693173786,"kt"
1919,"CO2","ENE",4,75926.2944951958,"kt"
1919,"CO2","ENE",5,78342.6544388541,"kt"
1919,"CO2","ENE",6,79808.7730660648,"kt"
1919,"CO2","ENE",7,86460.6180591856,"kt"
1919,"CO2","ENE",8,85328.7773791836,"kt"
1919,"CO2","ENE",9,76865.2408177481,"kt"
1919,"CO2","ENE",10,77920.6729729149,"kt"
1919,"CO2","ENE",11,78414.3537846196,"kt"
1919,"CO2","ENE",12,93695.0359787145,"kt"
1919,"CO2","IND",1,104252.51822288,"kt"
1919,"CO2","IND",2,94302.7385560059,"kt"
1919,"CO2","IND",3,94435.0827390893,"kt"
1919,"CO2","IND",4,91687.0191250776,"kt"
1919,"CO2","IND",5,80094.1424594333,"kt"
1919,"CO2","IND",6,72983.7604695058,"kt"
1919,"CO2","IND",7,70430.7921540545,"kt"
1919,"CO2","IND",8,75416.552485156,"kt"
1919,"CO2","IND",9,72685.531091934,"kt"
1919,"CO2","IND",10,85079.9027905347,"kt"
1919,"CO2","IND",11,91537.9044362917,"kt"
1919,"CO2","IND",12,104406.603401292,"kt"
1919,"CO2","TRA",1,22435.318270466,"kt"
1919,"CO2","TRA",2,20264.1584378403,"kt"
1919,"CO2","TRA",3,22435.318270466,"kt"
1919,"CO2","TRA",4,21711.5983262575,"kt"
1919,"CO2","TRA",5,22435.318270466,"kt"
1919,"CO2","TRA",6,21711.5983262575,"kt"
1919,"CO2","TRA",7,22435.318270466,"kt"
1919,"CO2","TRA",8,22435.318270466,"kt"
1919,"CO2","TRA",9,21711.5983262575,"kt"
1919,"CO2","TRA",10,22435.318270466,"kt"
1919,"CO2","TRA",11,21711.5983262575,"kt"
1919,"CO2","TRA",12,22435.318270466,"kt"
1919,"CO2","SLV",1,154.650983622672,"kt"
1919,"CO2","SLV",2,139.684759401124,"kt"
1919,"CO2","SLV",3,154.650983622672,"kt"
1919,"CO2","SLV",4,149.662242215489,"kt"
1919,"CO2","SLV",5,154.650983622672,"kt"
1919,"CO2","SLV",6,149.662242215489,"kt"
1919,"CO2","SLV",7,154.650983622672,"kt"
1919,"CO2","SLV",8,154.650983622672,"kt"
1919,"CO2","SLV",9,149.662242215489,"kt"
1919,"CO2","SLV",10,154.650983622672,"kt"
1919,"CO2","SLV",11,149.662242215489,"kt"
1919,"CO2","SLV",12,154.650983622672,"kt"
1919,"CO2","WST",1,12.7173526295574,"kt"
1919,"CO2","WST",2,11.4866410847615,"kt"
1919,"CO2","WST",3,12.7173526295574,"kt"
1919,"CO2","WST",4,12.3071154479587,"kt"
1919,"CO2","WST",5,12.7173526295574,"kt"
1919,"CO2","WST",6,12.3071154479587,"kt"
1919,"CO2","WST",7,12.7173526295574,"kt"
1919,"CO2","WST",8,12.7173526295574,"kt"
1919,"CO2","WST",9,12.3071154479587,"kt"
1919,"CO2","WST",10,12.7173526295574,"kt"
1919,"CO2","WST",11,12.3071154479587,"kt"
1919,"CO2","WST",12,12.7173526295574,"kt"
1919,"CO2","SHP",1,4435.50977831277,"kt"
1919,"CO2","SHP",2,3806.4049085729,"kt"
1919,"CO2","SHP",3,4652.22383115966,"kt"
1919,"CO2","SHP",4,4466.32554199268,"kt"
1919,"CO2","SHP",5,4696.10167706957,"kt"
1919,"CO2","SHP",6,4367.7190233666,"kt"
1919,"CO2","SHP",7,4829.59448057514,"kt"
1919,"CO2","SHP",8,4896.05848509104,"kt"
1919,"CO2","SHP",9,4661.36092372188,"kt"
1919,"CO2","SHP",10,5010.90579632144,"kt"
1919,"CO2","SHP",11,4878.64513481834,"kt"
1919,"CO2","SHP",12,4928.77642849521,"kt"
1919,"CO2","RCO",1,79174.8758888513,"kt"
1919,"CO2","RCO",2,61788.5824749195,"kt"
1919,"CO2","RCO",3,55005.0095014769,"kt"
1919,"CO2","RCO",4,33803.7400409372,"kt"
1919,"CO2","RCO",5,24709.9860938603,"kt"
1919,"CO2","RCO",6,22702.9669707276,"kt"
1919,"CO2","RCO",7,24175.8342026624,"kt"
1919,"CO2","RCO",8,24134.1635365575,"kt"
1919,"CO2","RCO",9,22732.0842142059,"kt"
1919,"CO2","RCO",10,29032.9608727813,"kt"
1919,"CO2","RCO",11,45408.6333931446,"kt"
1919,"CO2","RCO",12,76714.0895844806,"kt"
1920,"CO2","AGR",1,0,"kt"
1920,"CO2","AGR",2,0,"kt"
1920,"CO2","AGR",3,0,"kt"
1920,"CO2","AGR",4,0,"kt"
1920,"CO2","AGR",5,0,"kt"
1920,"CO2","AGR",6,0,"kt"
1920,"CO2","AGR",7,0,"kt"
1920,"CO2","AGR",8,0,"kt"
1920,"CO2","AGR",9,0,"kt"
1920,"CO2","AGR",10,0,"kt"
1920,"CO2","AGR",11,0,"kt"
1920,"CO2","AGR",12,0,"kt"
1920,"CO2","ENE",1,114381.336859881,"kt"
1920,"CO2","ENE",2,94971.9852605053,"kt"
1920,"CO2","ENE",3,98272.1915040525,"kt"
1920,"CO2","ENE",4,88297.2763687367,"kt"
1920,"CO2","ENE",5,91242.3188883681,"kt"
1920,"CO2","ENE",6,92692.8411973435,"kt"
1920,"CO2","ENE",7,100462.721783911,"kt"
1920,"CO2","ENE",8,99327.2245560072,"kt"
1920,"CO2","ENE",9,89307.1297709588,"kt"
1920,"CO2","ENE",10,90612.6561381398,"kt"
1920,"CO2","ENE",11,91511.642739247,"kt"
1920,"CO2","ENE",12,109481.604072488,"kt"
1920,"CO2","IND",1,119423.026748747,"kt"
1920,"CO2","IND",2,108020.897886717,"kt"
1920,"CO2","IND",3,108127.89340653,"kt"
1920,"CO2","IND",4,104971.907365073,"kt"
1920,"CO2","IND",5,91614.0403149276,"kt"
1920,"CO2","IND",6,83442.3694808254,"kt"
1920,"CO2","IND",7,80490.4457413998,"kt"
1920,"CO2","IND",8,86223.7817968529,"kt"
1920,"CO2","IND",9,83110.3589607818,"kt"
1920,"CO2","IND",10,97347.3763703808,"kt"
1920,"CO2","IND",11,104805.902105051,"kt"
1920,"CO2","IND",12,119594.565517436,"kt"
1920,"CO2","TRA",1,26048.3588740589,"kt"
1920,"CO2","TRA",2,23527.5499507629,"kt"
1920,"CO2","TRA",3,26048.3588740589,"kt"
1920,"CO2","TRA",4,25208.0892329602,"kt"
1920,"CO2","TRA",5,26048.3588740589,"kt"
1920,"CO2","TRA",6,25208.0892329602,"kt"
1920,"CO2","TRA",7,26048.3588740589,"kt"
1920,"CO2","TRA",8,26048.3588740589,"kt"
1920,"CO2","TRA",9,25208.0892329602,"kt"
1920,"CO2","TRA",10,26048.3588740589,"kt"
1920,"CO2","TRA",11,25208.0892329602,"kt"
1920,"CO2","TRA",12,26048.3588740589,"kt"
1920,"CO2","SLV",1,179.392186887369,"kt"
1920,"CO2","SLV",2,162.031652672462,"kt"
1920,"CO2","SLV",3,179.392186887369,"kt"
1920,"CO2","SLV",4,173.605342149067,"kt"
1920,"CO2","SLV",5,179.392186887369,"kt"
1920,"CO2","SLV",6,173.605342149067,"kt"
1920,"CO2","SLV",7,179.392186887369,"kt"
1920,"CO2","SLV",8,179.392186887369,"kt"
1920,"CO2","SLV",9,173.605342149067,"kt"
1920,"CO2","SLV",10,179.392186887369,"kt"
1920,"CO2","SLV",11,173.605342149067,"kt"
1920,"CO2","SLV",12,179.392186887369,"kt"
1920,"CO2","WST",1,13.5577016597423,"kt"
1920,"CO2","WST",2,12.2456660152511,"kt"
1920,"CO2","WST",3,13.5577016597423,"kt"
1920,"CO2","WST",4,13.1203564449119,"kt"
1920,"CO2","WST",5,13.5577016597423,"kt"
1920,"CO2","WST",6,13.1203564449119,"kt"
1920,"CO2","WST",7,13.5577016597423,"kt"
1920,"CO2","WST",8,13.5577016597423,"kt"
1920,"CO2","WST",9,13.1203564449119,"kt"
1920,"CO2","WST",10,13.5577016597423,"kt"
1920,"CO2","WST",11,13.1203564449119,"kt"
1920,"CO2","WST",12,13.5577016597423,"kt"
1920,"CO2","SHP",1,5022.6527095995,"kt"
1920,"CO2","SHP",2,4310.27117138922,"kt"
1920,"CO2","SHP",3,5268.05391016991,"kt"
1920,"CO2","SHP",4,5057.54765667008,"kt"
1920,"CO2","SHP",5,5317.74001000184,"kt"
1920,"CO2","SHP",6,4945.88827077873,"kt"
1920,"CO2","SHP",7,5468.90369236313,"kt"
1920,"CO2","SHP",8,5544.16575446136,"kt"
1920,"CO2","SHP",9,5278.40050954837,"kt"
1920,"CO2","SHP",10,5674.21577977344,"kt"
1920,"CO2","SHP",11,5524.44734207997,"kt"
1920,"CO2","SHP",12,5581.21467900548,"kt"
1920,"CO2","RCO",1,92701.4290696077,"kt"
1920,"CO2","RCO",2,72148.4783817932,"kt"
1920,"CO2","RCO",3,64376.5022251563,"kt"
1920,"CO2","RCO",4,38977.2302732196,"kt"
1920,"CO2","RCO",5,28461.3372264491,"kt"
1920,"CO2","RCO",6,26164.3964945531,"kt"
1920,"CO2","RCO",7,27859.9565790191,"kt"
1920,"CO2","RCO",8,27816.755576484,"kt"
1920,"CO2","RCO",9,26212.2736750586,"kt"
1920,"CO2","RCO",10,33549.0384989295,"kt"
1920,"CO2","RCO",11,53318.9262338036,"kt"
1920,"CO2","RCO",12,89699.9054000924,"kt"
1921,"CO2","AGR",1,0,"kt"
1921,"CO2","AGR",2,0,"kt"
1921,"CO2","AGR",3,0,"kt"
1921,"CO2","AGR",4,0,"kt"
1921,"CO2","AGR",5,0,"kt"
1921,"CO2","AGR",6,0,"kt"
1921,"CO2","AGR",7,0,"kt"
1921,"CO2","AGR",8,0,"kt"
1921,"CO2","AGR",9,0,"kt"
1921,"CO2","AGR",10,0,"kt"
1921,"CO2","AGR",11,0,"kt"
1921,"CO2","AGR",12,0,"kt"
1921,"CO2","ENE",1,101637.678771239,"kt"
1921,"CO2","ENE",2,84882.3567481647,"kt"
1921,"CO2","ENE",3,86851.3088337352,"kt"
1921,"CO2","ENE",4,78304.5442587692,"kt"
1921,"CO2","ENE",5,80390.0079812333,"kt"
1921,"CO2","ENE",6,80721.0015474548,"kt"
1921,"CO2","ENE",7,87129.2351143042,"kt"
1921,"CO2","ENE",8,86548.7092777198,"kt"
1921,"CO2","ENE",9,78567.7244945516,"kt"
1921,"CO2","ENE",10,80378.9593945896,"kt"
1921,"CO2","ENE",11,81523.8309108018,"kt"
1921,"CO2","ENE",12,96688.5507252078,"kt"
1921,"CO2","IND",1,102723.777727695,"kt"
1921,"CO2","IND",2,92931.9090256513,"kt"
1921,"CO2","IND",3,93091.9806527449,"kt"
1921,"CO2","IND",4,90408.6036330526,"kt"
1921,"CO2","IND",5,79057.0889170815,"kt"
1921,"CO2","IND",6,72086.0058441905,"kt"
1921,"CO2","IND",7,69590.4133928361,"kt"
1921,"CO2","IND",8,74488.8727056635,"kt"
1921,"CO2","IND",9,71766.4157460524,"kt"
1921,"CO2","IND",10,83955.5482299089,"kt"
1921,"CO2","IND",11,90248.8085839835,"kt"
1921,"CO2","IND",12,102888.8992784,"kt"
1921,"CO2","TRA",1,23915.3947822035,"kt"
1921,"CO2","TRA",2,21601.0017387645,"kt"
1921,"CO2","TRA",3,23915.3947822035,"kt"
1921,"CO2","TRA",4,23143.9304343905,"kt"
1921,"CO2","TRA",5,23915.3947822035,"kt"
1921,"CO2","TRA",6,23143.9304343905,"kt"
1921,"CO2","TRA",7,23915.3947822035,"kt"
1921,"CO2","TRA",8,23915.3947822035,"kt"
1921,"CO2","TRA",9,23143.9304343905,"kt"
1921,"CO2","TRA",10,23915.3947822035,"kt"
1921,"CO2","TRA",11,23143.9304343905,"kt"
1921,"CO2","TRA",12,23915.3947822035,"kt"
1921,"CO2","SLV",1,185.15977507569,"kt"
1921,"CO2","SLV",2,167.241087165139,"kt"
1921,"CO2","SLV",3,185.15977507569,"kt"
1921,"CO2","SLV",4,179.186879105507,"kt"
1921,"CO2","SLV",5,185.15977507569,"kt"
1921,"CO2","SLV",6,179.186879105507,"kt"
1921,"CO2","SLV",7,185.15977507569,"kt"
1921,"CO2","SLV",8,185.15977507569,"kt"
1921,"CO2","SLV",9,179.186879105507,"kt"
1921,"CO2","SLV",10,185.15977507569,"kt"
1921,"CO2","SLV",11,179.186879105507,"kt"
1921,"CO2","SLV",12,185.15977507569,"kt"
1921,"CO2","WST",1,14.4564403731369,"kt"
1921,"CO2","WST",2,13.0574300144462,"kt"
1921,"CO2","WST",3,14.4564403731369,"kt"
1921,"CO2","WST",4,13.9901035869066,"kt"
1921,"CO2","WST",5,14.4564403731369,"kt"
1921,"CO2","WST",6,13.9901035869066,"kt"
1921,"CO2","WST",7,14.4564403731369,"kt"
1921,"CO2","WST",8,14.4564403731369,"kt"
1921,"CO2","WST",9,13.9901035869066,"kt"
1921,"CO2","WST",10,14.4564403731369,"kt"
1921,"CO2","WST",11,13.9901035869066,"kt"
1921,"CO2","WST",12,14.4564403731369,"kt"
1921,"CO2","SHP",1,5609.79564088623,"kt"
1921,"CO2","SHP",2,4814.13743420554,"kt"
1921,"CO2","SHP",3,5883.88398918015,"kt"
1921,"CO2","SHP",4,5648.76977134749,"kt"
1921,"CO2","SHP",5,5939.37834293412,"kt"
1921,"CO2","SHP",6,5524.05751819088,"kt"
1921,"CO2","SHP",7,6108.21290415114,"kt"
1921,"CO2","SHP",8,6192.27302383167,"kt"
1921,"CO2","SHP",9,5895.44009537487,"kt"
1921,"CO2","SHP",10,6337.52576322544,"kt"
1921,"CO2","SHP",11,6170.24954934162,"kt"
1921,"CO2","SHP",12,6233.65292951577,"kt"
1921,"CO2","RCO",1,79874.6831303716,"kt"
1921,"CO2","RCO",2,61862.0968947881,"kt"
1921,"CO2","RCO",3,55298.0948869046,"kt"
1921,"CO2","RCO",4,33011.7637501019,"kt"
1921,"CO2","RCO",5,24332.1321776086,"kt"
1921,"CO2","RCO",6,22435.6574320693,"kt"
1921,"CO2","RCO",7,23890.2793634879,"kt"
1921,"CO2","RCO",8,23845.2536918398,"kt"
1921,"CO2","RCO",9,22471.6378001113,"kt"
1921,"CO2","RCO",10,28705.3243016961,"kt"
1921,"CO2","RCO",11,46068.8336236674,"kt"
1921,"CO2","RCO",12,77087.3607269183,"kt"
1922,"CO2","AGR",1,0,"kt"
1922,"CO2","AGR",2,0,"kt"
1922,"CO2","AGR",3,0,"kt"
1922,"CO2","AGR",4,0,"kt"
1922,"CO2","AGR",5,0,"kt"
1922,"CO2","AGR",6,0,"kt"
1922,"CO2","AGR",7,0,"kt"
1922,"CO2","AGR",8,0,"kt"
1922,"CO2","AGR",9,0,"kt"
1922,"CO2","AGR",10,0,"kt"
1922,"CO2","AGR",11,0,"kt"
1922,"CO2","AGR",12,0,"kt"
1922,"CO2","ENE",1,106360.499073647,"kt"
1922,"CO2","ENE",2,88859.5487416117,"kt"
1922,"CO2","ENE",3,90971.2374469745,"kt"
1922,"CO2","ENE",4,81924.9868131763,"kt"
1922,"CO2","ENE",5,83138.2185999857,"kt"
1922,"CO2","ENE",6,83098.2500771763,"kt"
1922,"CO2","ENE",7,89464.2220013158,"kt"
1922,"CO2","ENE",8,88558.5516567505,"kt"
1922,"CO2","ENE",9,80936.389888209,"kt"
1922,"CO2","ENE",10,83375.6600443569,"kt"
1922,"CO2","ENE",11,84885.110895999,"kt"
1922,"CO2","ENE",12,101051.082722923,"kt"
1922,"CO2","IND",1,109740.762817429,"kt"
1922,"CO2","IND",2,99270.5437411013,"kt"
1922,"CO2","IND",3,99423.8673422831,"kt"
1922,"CO2","IND",4,96537.7631252142,"kt"
1922,"CO2","IND",5,84363.3006551123,"kt"
1922,"CO2","IND",6,76890.6956447111,"kt"
1922,"CO2","IND",7,74212.3157901858,"kt"
1922,"CO2","IND",8,79453.7188328682,"kt"
1922,"CO2","IND",9,76569.5783346096,"kt"
1922,"CO2","IND",10,89604.7036977947,"kt"
1922,"CO2","IND",11,96377.2044701634,"kt"
1922,"CO2","IND",12,109906.673427648,"kt"
1922,"CO2","TRA",1,25731.3859458769,"kt"
1922,"CO2","TRA",2,23241.2518220824,"kt"
1922,"CO2","TRA",3,25731.3859458769,"kt"
1922,"CO2","TRA",4,24901.3412379454,"kt"
1922,"CO2","TRA",5,25731.3859458769,"kt"
1922,"CO2","TRA",6,24901.3412379454,"kt"
1922,"CO2","TRA",7,25731.3859458769,"kt"
1922,"CO2","TRA",8,25731.3859458769,"kt"
1922,"CO2","TRA",9,24901.3412379454,"kt"
1922,"CO2","TRA",10,25731.3859458769,"kt"
1922,"CO2","TRA",11,24901.3412379454,"kt"
1922,"CO2","TRA",12,25731.3859458769,"kt"
1922,"CO2","SLV",1,212.523758845117,"kt"
1922,"CO2","SLV",2,191.956943473009,"kt"
1922,"CO2","SLV",3,212.523758845117,"kt"
1922,"CO2","SLV",4,205.668153721081,"kt"
1922,"CO2","SLV",5,212.523758845117,"kt"
1922,"CO2","SLV",6,205.668153721081,"kt"
1922,"CO2","SLV",7,212.523758845117,"kt"
1922,"CO2","SLV",8,212.523758845117,"kt"
1922,"CO2","SLV",9,205.668153721081,"kt"
1922,"CO2","SLV",10,212.523758845117,"kt"
1922,"CO2","SLV",11,205.668153721081,"kt"
1922,"CO2","SLV",12,212.523758845117,"kt"
1922,"CO2","WST",1,15.3762127656177,"kt"
1922,"CO2","WST",2,13.8881921753967,"kt"
1922,"CO2","WST",3,15.3762127656177,"kt"
1922,"CO2","WST",4,14.8802059022107,"kt"
1922,"CO2","WST",5,15.3762127656177,"kt"
1922,"CO2","WST",6,14.8802059022107,"kt"
1922,"CO2","WST",7,15.3762127656177,"kt"
1922,"CO2","WST",8,15.3762127656177,"kt"
1922,"CO2","WST",9,14.8802059022107,"kt"
1922,"CO2","WST",10,15.3762127656177,"kt"
1922,"CO2","WST",11,14.8802059022107,"kt"
1922,"CO2","WST",12,15.3762127656177,"kt"
1922,"CO2","SHP",1,6196.93857217292,"kt"
1922,"CO2","SHP",2,5318.00369702183,"kt"
1922,"CO2","SHP",3,6499.71406819036,"kt"
1922,"CO2","SHP",4,6239.99188602486,"kt"
1922,"CO2","SHP",5,6561.01667586636,"kt"
1922,"CO2","SHP",6,6102.22676560298,"kt"
1922,"CO2","SHP",7,6747.5221159391,"kt"
1922,"CO2","SHP",8,6840.38029320195,"kt"
1922,"CO2","SHP",9,6512.47968120133,"kt"
1922,"CO2","SHP",10,7000.8357466774,"kt"
1922,"CO2","SHP",11,6816.05175660322,"kt"
1922,"CO2","SHP",12,6886.09118002601,"kt"
1922,"CO2","RCO",1,86591.2142559007,"kt"
1922,"CO2","RCO",2,67298.5874769529,"kt"
1922,"CO2","RCO",3,60111.1266215223,"kt"
1922,"CO2","RCO",4,36584.0373638721,"kt"
1922,"CO2","RCO",5,26624.0610079992,"kt"
1922,"CO2","RCO",6,24474.4883204189,"kt"
1922,"CO2","RCO",7,26054.3096667973,"kt"
1922,"CO2","RCO",8,26012.4771803863,"kt"
1922,"CO2","RCO",9,24526.0252946641,"kt"
1922,"CO2","RCO",10,31499.7590594618,"kt"
1922,"CO2","RCO",11,50084.1803203,"kt"
1922,"CO2","RCO",12,83606.6139290837,"kt"
1923,"CO2","AGR",1,0,"kt"
1923,"CO2","AGR",2,0,"kt"
1923,"CO2","AGR",3,0,"kt"
1923,"CO2","AGR",4,0,"kt"
1923,"CO2","AGR",5,0,"kt"
1923,"CO2","AGR",6,0,"kt"
1923,"CO2","AGR",7,0,"kt"
1923,"CO2","AGR",8,0,"kt"
1923,"CO2","AGR",9,0,"kt"
1923,"CO2","AGR",10,0,"kt"
1923,"CO2","AGR",11,0,"kt"
1923,"CO2","AGR",12,0,"kt"
1923,"CO2","ENE",1,119192.595256758,"kt"
1923,"CO2","ENE",2,98650.7653757226,"kt"
1923,"CO2","ENE",3,101934.87028575,"kt"
1923,"CO2","ENE",4,91505.6384599797,"kt"
1923,"CO2","ENE",5,95069.6658340123,"kt"
1923,"CO2","ENE",6,96603.1013194362,"kt"
1923,"CO2","ENE",7,104894.634806392,"kt"
1923,"CO2","ENE",8,103708.333794744,"kt"
1923,"CO2","ENE",9,92642.4713355176,"kt"
1923,"CO2","ENE",10,93804.6781381457,"kt"
1923,"CO2","ENE",11,95080.5273911052,"kt"
1923,"CO2","ENE",12,114324.371463517,"kt"
1923,"CO2","IND",1,123034.741828352,"kt"
1923,"CO2","IND",2,111296.835127193,"kt"
1923,"CO2","IND",3,111460.508443096,"kt"
1923,"CO2","IND",4,108226.467922982,"kt"
1923,"CO2","IND",5,94566.0438785274,"kt"
1923,"CO2","IND",6,86186.1856392468,"kt"
1923,"CO2","IND",7,83178.5646985976,"kt"
1923,"CO2","IND",8,89059.0584938883,"kt"
1923,"CO2","IND",9,85824.7258870033,"kt"
1923,"CO2","IND",10,100446.537673818,"kt"
1923,"CO2","IND",11,108045.73804686,"kt"
1923,"CO2","IND",12,123221.496033678,"kt"
1923,"CO2","TRA",1,30160.2623136113,"kt"
1923,"CO2","TRA",2,27241.5272510038,"kt"
1923,"CO2","TRA",3,30160.2623136113,"kt"
1923,"CO2","TRA",4,29187.3506260755,"kt"
1923,"CO2","TRA",5,30160.2623136113,"kt"
1923,"CO2","TRA",6,29187.3506260755,"kt"
1923,"CO2","TRA",7,30160.2623136113,"kt"
1923,"CO2","TRA",8,30160.2623136113,"kt"
1923,"CO2","TRA",9,29187.3506260755,"kt"
1923,"CO2","TRA",10,30160.2623136113,"kt"
1923,"CO2","TRA",11,29187.3506260755,"kt"
1923,"CO2","TRA",12,30160.2623136113,"kt"
1923,"CO2","SLV",1,248.106700979804,"kt"
1923,"CO2","SLV",2,224.096375078532,"kt"
1923,"CO2","SLV",3,248.106700979804,"kt"
1923,"CO2","SLV",4,240.103259012713,"kt"
1923,"CO2","SLV",5,248.106700979804,"kt"
1923,"CO2","SLV",6,240.103259012713,"kt"
1923,"CO2","SLV",7,248.106700979804,"kt"
1923,"CO2","SLV",8,248.106700979804,"kt"
1923,"CO2","SLV",9,240.103259012713,"kt"
1923,"CO2","SLV",10,248.106700979804,"kt"
1923,"CO2","SLV",11,240.103259012713,"kt"
1923,"CO2","SLV",12,248.106700979804,"kt"
1923,"CO2","WST",1,16.3170188371852,"kt"
1923,"CO2","WST",2,14.7379524981028,"kt"
1923,"CO2","WST",3,16.3170188371852,"kt"
1923,"CO2","WST",4,15.7906633908244,"kt"
1923,"CO2","WST",5,16.3170188371852,"kt"
1923,"CO2","WST",6,15.7906633908244,"kt"
1923,"CO2","WST",7,16.3170188371852,"kt"
1923,"CO2","WST",8,16.3170188371852,"kt"
1923,"CO2","WST",9,15.7906633908244,"kt"
1923,"CO2","WST",10,16.3170188371852,"kt"
1923,"CO2","WST",11,15.7906633908244,"kt"
1923,"CO2","WST",12,16.3170188371852,"kt"
1923,"CO2","SHP",1,6784.08150345964,"kt"
1923,"CO2","SHP",2,5821.86995983814,"kt"
1923,"CO2","SHP",3,7115.54414720059,"kt"
1923,"CO2","SHP",4,6831.21400070225,"kt"
1923,"CO2","SHP",5,7182.65500879862,"kt"
1923,"CO2","SHP",6,6680.3960130151,"kt"
1923,"CO2","SHP",7,7386.83132772708,"kt"
1923,"CO2","SHP",8,7488.48756257225,"kt"
1923,"CO2","SHP",9,7129.51926702781,"kt"
1923,"CO2","SHP",10,7664.14573012939,"kt"
1923,"CO2","SHP",11,7461.85396386485,"kt"
1923,"CO2","SHP",12,7538.52943053627,"kt"
1923,"CO2","RCO",1,99759.7116619761,"kt"
1923,"CO2","RCO",2,77602.0583905095,"kt"
1923,"CO2","RCO",3,69327.6986828821,"kt"
1923,"CO2","RCO",4,41981.1087222973,"kt"
1923,"CO2","RCO",5,31089.4374993324,"kt"
1923,"CO2","RCO",6,28593.850452202,"kt"
1923,"CO2","RCO",7,30433.6229647332,"kt"
1923,"CO2","RCO",8,30386.2919778137,"kt"
1923,"CO2","RCO",9,28657.3919894336,"kt"
1923,"CO2","RCO",10,36445.8396204356,"kt"
1923,"CO2","RCO",11,57354.6393404111,"kt"
1923,"CO2","RCO",12,96522.5153857266,"kt"
1924,"CO2","AGR",1,0,"kt"
1924,"CO2","AGR",2,0,"kt"
1924,"CO2","AGR",3,0,"kt"
1924,"CO2","AGR",4,0,"kt"
1924,"CO2","AGR",5,0,"kt"
1924,"CO2","AGR",6,0,"kt"
1924,"CO2","AGR",7,0,"kt"
1924,"CO2","AGR",8,0,"kt"
1924,"CO2","AGR",9,0,"kt"
1924,"CO2","AGR",10,0,"kt"
1924,"CO2","AGR",11,0,"kt"
1924,"CO2","AGR",12,0,"kt"
1924,"CO2","ENE",1,123121.759209947,"kt"
1924,"CO2","ENE",2,102648.557716492,"kt"
1924,"CO2","ENE",3,105009.909379661,"kt"
1924,"CO2","ENE",4,94511.7049241435,"kt"
1924,"CO2","ENE",5,96296.6445574679,"kt"
1924,"CO2","ENE",6,96331.7843045777,"kt"
1924,"CO2","ENE",7,103872.032461405,"kt"
1924,"CO2","ENE",8,102783.571547255,"kt"
1924,"CO2","ENE",9,93473.7030743053,"kt"
1924,"CO2","ENE",10,96097.666654752,"kt"
1924,"CO2","ENE",11,98028.1587629556,"kt"
1924,"CO2","ENE",12,117119.432236862,"kt"
1924,"CO2","IND",1,124382.040526557,"kt"
1924,"CO2","IND",2,112529.562759404,"kt"
1924,"CO2","IND",3,112739.771855197,"kt"
1924,"CO2","IND",4,109498.349085533,"kt"
1924,"CO2","IND",5,95787.0215979755,"kt"
1924,"CO2","IND",6,87360.2699150188,"kt"
1924,"CO2","IND",7,84349.0140265431,"kt"
1924,"CO2","IND",8,90272.2789121861,"kt"
1924,"CO2","IND",9,86964.9258506444,"kt"
1924,"CO2","IND",10,101710.286483619,"kt"
1924,"CO2","IND",11,109300.677053346,"kt"
1924,"CO2","IND",12,124586.301626483,"kt"
1924,"CO2","TRA",1,29337.9348266778,"kt"
1924,"CO2","TRA",2,26498.779843451,"kt"
1924,"CO2","TRA",3,29337.9348266778,"kt"
1924,"CO2","TRA",4,28391.5498322689,"kt"
1924,"CO2","TRA",5,29337.9348266778,"kt"
1924,"CO2","TRA",6,28391.5498322689,"kt"
1924,"CO2","TRA",7,29337.9348266778,"kt"
1924,"CO2","TRA",8,29337.9348266778,"kt"
1924,"CO2","TRA",9,28391.5498322689,"kt"
1924,"CO2","TRA",10,29337.9348266778,"kt"
1924,"CO2","TRA",11,28391.5498322689,"kt"
1924,"CO2","TRA",12,29337.9348266778,"kt"
1924,"CO2","SLV",1,247.318467135012,"kt"
1924,"CO2","SLV",2,223.384421928398,"kt"
1924,"CO2","SLV",3,247.318467135012,"kt"
1924,"CO2","SLV",4,239.34045206614,"kt"
1924,"CO2","SLV",5,247.318467135012,"kt"
1924,"CO2","SLV",6,239.34045206614,"kt"
1924,"CO2","SLV",7,247.318467135012,"kt"
1924,"CO2","SLV",8,247.318467135012,"kt"
1924,"CO2","SLV",9,239.34045206614,"kt"
1924,"CO2","SLV",10,247.318467135012,"kt"
1924,"CO2","SLV",11,239.34045206614,"kt"
1924,"CO2","SLV",12,247.318467135012,"kt"
1924,"CO2","WST",1,17.278858587839,"kt"
1924,"CO2","WST",2,15.6067109825643,"kt"
1924,"CO2","WST",3,17.278858587839,"kt"
1924,"CO2","WST",4,16.7214760527474,"kt"
1924,"CO2","WST",5,17.278858587839,"kt"
1924,"CO2","WST",6,16.7214760527474,"kt"
1924,"CO2","WST",7,17.278858587839,"kt"
1924,"CO2","WST",8,17.278858587839,"kt"
1924,"CO2","WST",9,16.7214760527474,"kt"
1924,"CO2","WST",10,17.278858587839,"kt"
1924,"CO2","WST",11,16.7214760527474,"kt"
1924,"CO2","WST",12,17.278858587839,"kt"
1924,"CO2","SHP",1,7371.22443474637,"kt"
1924,"CO2","SHP",2,6325.73622265445,"kt"
1924,"CO2","SHP",3,7731.37422621083,"kt"
1924,"CO2","SHP",4,7422.43611537964,"kt"
1924,"CO2","SHP",5,7804.29334173089,"kt"
1924,"CO2","SHP",6,7258.56526042724,"kt"
1924,"CO2","SHP",7,8026.14053951508,"kt"
1924,"CO2","SHP",8,8136.59483194256,"kt"
1924,"CO2","SHP",9,7746.5588528543,"kt"
1924,"CO2","SHP",10,8327.45571358138,"kt"
1924,"CO2","SHP",11,8107.65617112648,"kt"
1924,"CO2","SHP",12,8190.96768104654,"kt"
1924,"CO2","RCO",1,100550.164560765,"kt"
1924,"CO2","RCO",2,78161.8135876343,"kt"
1924,"CO2","RCO",3,69818.6541360453,"kt"
1924,"CO2","RCO",4,42626.6934912763,"kt"
1924,"CO2","RCO",5,31239.2089481144,"kt"
1924,"CO2","RCO",6,28712.6607503738,"kt"
1924,"CO2","RCO",7,30562.1282789664,"kt"
1924,"CO2","RCO",8,30511.751330183,"kt"
1924,"CO2","RCO",9,28777.962464912,"kt"
1924,"CO2","RCO",10,36841.0632745387,"kt"
1924,"CO2","RCO",11,58102.0177381429,"kt"
1924,"CO2","RCO",12,97141.4603582144,"kt"
1925,"CO2","AGR",1,0,"kt"
1925,"CO2","AGR",2,0,"kt"
1925,"CO2","AGR",3,0,"kt"
1925,"CO2","AGR",4,0,"kt"
1925,"CO2","AGR",5,0,"kt"
1925,"CO2","AGR",6,0,"kt"
1925,"CO2","AGR",7,0,"kt"
1925,"CO2","AGR",8,0,"kt"
1925,"CO2","AGR",9,0,"kt"
1925,"CO2","AGR",10,0,"kt"
1925,"CO2","AGR",11,0,"kt"
1925,"CO2","AGR",12,0,"kt"
1925,"CO2","ENE",1,125711.414283391,"kt"
1925,"CO2","ENE",2,104806.128214801,"kt"
1925,"CO2","ENE",3,107063.845913335,"kt"
1925,"CO2","ENE",4,96384.4919909487,"kt"
1925,"CO2","ENE",5,98452.3309255128,"kt"
1925,"CO2","ENE",6,98485.2874940826,"kt"
1925,"CO2","ENE",7,106255.718165833,"kt"
1925,"CO2","ENE",8,105247.084147237,"kt"
1925,"CO2","ENE",9,95547.4346277033,"kt"
1925,"CO2","ENE",10,98105.7239311549,"kt"
1925,"CO2","ENE",11,100107.563042835,"kt"
1925,"CO2","ENE",12,119571.829360394,"kt"
1925,"CO2","IND",1,124005.740949297,"kt"
1925,"CO2","IND",2,112196.438072789,"kt"
1925,"CO2","IND",3,112425.391405223,"kt"
1925,"CO2","IND",4,109208.593088659,"kt"
1925,"CO2","IND",5,95584.2272387676,"kt"
1925,"CO2","IND",6,87204.8405385716,"kt"
1925,"CO2","IND",7,84215.6217545558,"kt"
1925,"CO2","IND",8,90111.668556524,"kt"
1925,"CO2","IND",9,86795.0133259349,"kt"
1925,"CO2","IND",10,101480.274040736,"kt"
1925,"CO2","IND",11,109003.679482341,"kt"
1925,"CO2","IND",12,124217.485009159,"kt"
1925,"CO2","TRA",1,30294.0933321004,"kt"
1925,"CO2","TRA",2,27362.4068806068,"kt"
1925,"CO2","TRA",3,30294.0933321004,"kt"
1925,"CO2","TRA",4,29316.8645149359,"kt"
1925,"CO2","TRA",5,30294.0933321004,"kt"
1925,"CO2","TRA",6,29316.8645149359,"kt"
1925,"CO2","TRA",7,30294.0933321004,"kt"
1925,"CO2","TRA",8,30294.0933321004,"kt"
1925,"CO2","TRA",9,29316.8645149359,"kt"
1925,"CO2","TRA",10,30294.0933321004,"kt"
1925,"CO2","TRA",11,29316.8645149359,"kt"
1925,"CO2","TRA",12,30294.0933321004,"kt"
1925,"CO2","SLV",1,268.780799631198,"kt"
1925,"CO2","SLV",2,242.769754505598,"kt"
1925,"CO2","SLV",3,268.780799631198,"kt"
1925,"CO2","SLV",4,260.110451255998,"kt"
1925,"CO2","SLV",5,268.780799631198,"kt"
1925,"CO2","SLV",6,260.110451255998,"kt"
1925,"CO2","SLV",7,268.780799631198,"kt"
1925,"CO2","SLV",8,268.780799631198,"kt"
1925,"CO2","SLV",9,260.110451255998,"kt"
1925,"CO2","SLV",10,268.780799631198,"kt"
1925,"CO2","SLV",11,260.110451255998,"kt"
1925,"CO2","SLV",12,268.780799631198,"kt"
1925,"CO2","WST",1,18.2617320175793,"kt"
1925,"CO2","WST",2,16.4944676287813,"kt"
1925,"CO2","WST",3,18.2617320175793,"kt"
1925,"CO2","WST",4,17.67264388798,"kt"
1925,"CO2","WST",5,18.2617320175793,"kt"
1925,"CO2","WST",6,17.67264388798,"kt"
1925,"CO2","WST",7,18.2617320175793,"kt"
1925,"CO2","WST",8,18.2617320175793,"kt"
1925,"CO2","WST",9,17.67264388798,"kt"
1925,"CO2","WST",10,18.2617320175793,"kt"
1925,"CO2","WST",11,17.67264388798,"kt"
1925,"CO2","WST",12,18.2617320175793,"kt"
1925,"CO2","SHP",1,7958.3673660331,"kt"
1925,"CO2","SHP",2,6829.60248547077,"kt"
1925,"CO2","SHP",3,8347.20430522108,"kt"
1925,"CO2","SHP",4,8013.65823005705,"kt"
1925,"CO2","SHP",5,8425.93167466317,"kt"
1925,"CO2","SHP",6,7836.73450783938,"kt"
1925,"CO2","SHP",7,8665.44975130308,"kt"
1925,"CO2","SHP",8,8784.70210131288,"kt"
1925,"CO2","SHP",9,8363.5984386808,"kt"
1925,"CO2","SHP",10,8990.76569703339,"kt"
1925,"CO2","SHP",11,8753.45837838813,"kt"
1925,"CO2","SHP",12,8843.40593155683,"kt"
1925,"CO2","RCO",1,101392.452348569,"kt"
1925,"CO2","RCO",2,78751.1808153522,"kt"
1925,"CO2","RCO",3,70326.482546761,"kt"
1925,"CO2","RCO",4,42842.2910968092,"kt"
1925,"CO2","RCO",5,31594.3042568413,"kt"
1925,"CO2","RCO",6,29074.1484077709,"kt"
1925,"CO2","RCO",7,30944.251591561,"kt"
1925,"CO2","RCO",8,30891.1834344924,"kt"
1925,"CO2","RCO",9,29135.375305023,"kt"
1925,"CO2","RCO",10,37140.890963173,"kt"
1925,"CO2","RCO",11,58524.3842334146,"kt"
1925,"CO2","RCO",12,97943.1979550315,"kt"
1926,"CO2","AGR",1,0,"kt"
1926,"CO2","AGR",2,0,"kt"
1926,"CO2","AGR",3,0,"kt"
1926,"CO2","AGR",4,0,"kt"
1926,"CO2","AGR",5,0,"kt"
1926,"CO2","AGR",6,0,"kt"
1926,"CO2","AGR",7,0,"kt"
1926,"CO2","AGR",8,0,"kt"
1926,"CO2","AGR",9,0,"kt"
1926,"CO2","AGR",10,0,"kt"
1926,"CO2","AGR",11,0,"kt"
1926,"CO2","AGR",12,0,"kt"
1926,"CO2","ENE",1,126574.651199589,"kt"
1926,"CO2","ENE",2,105175.892674953,"kt"
1926,"CO2","ENE",3,107024.707404407,"kt"
1926,"CO2","ENE",4,96497.7050722029,"kt"
1926,"CO2","ENE",5,100479.502051837,"kt"
1926,"CO2","ENE",6,100825.442530845,"kt"
1926,"CO2","ENE",7,109258.178921935,"kt"
1926,"CO2","ENE",8,108794.67329411,"kt"
1926,"CO2","ENE",9,97416.3132715258,"kt"
1926,"CO2","ENE",10,99164.2329738908,"kt"
1926,"CO2","ENE",11,101222.930371009,"kt"
1926,"CO2","ENE",12,120798.18923849,"kt"
1926,"CO2","IND",1,120292.245861382,"kt"
1926,"CO2","IND",2,108846.417701546,"kt"
1926,"CO2","IND",3,109095.122318526,"kt"
1926,"CO2","IND",4,105994.546803359,"kt"
1926,"CO2","IND",5,92840.1570604239,"kt"
1926,"CO2","IND",6,84741.3167639078,"kt"
1926,"CO2","IND",7,81859.3215400406,"kt"
1926,"CO2","IND",8,87566.0273227047,"kt"
1926,"CO2","IND",9,84322.6947849288,"kt"
1926,"CO2","IND",10,98546.862843088,"kt"
1926,"CO2","IND",11,105785.23581387,"kt"
1926,"CO2","IND",12,120508.533883855,"kt"
1926,"CO2","TRA",1,30179.1839245794,"kt"
1926,"CO2","TRA",2,27258.6177383298,"kt"
1926,"CO2","TRA",3,30179.1839245794,"kt"
1926,"CO2","TRA",4,29205.6618624962,"kt"
1926,"CO2","TRA",5,30179.1839245794,"kt"
1926,"CO2","TRA",6,29205.6618624962,"kt"
1926,"CO2","TRA",7,30179.1839245794,"kt"
1926,"CO2","TRA",8,30179.1839245794,"kt"
1926,"CO2","TRA",9,29205.6618624962,"kt"
1926,"CO2","TRA",10,30179.1839245794,"kt"
1926,"CO2","TRA",11,29205.6618624962,"kt"
1926,"CO2","TRA",12,30179.1839245794,"kt"
1926,"CO2","SLV",1,273.289500855393,"kt"
1926,"CO2","SLV",2,246.842129804872,"kt"
1926,"CO2","SLV",3,273.289500855393,"kt"
1926,"CO2","SLV",4,264.47371050522,"kt"
1926,"CO2","SLV",5,273.289500855393,"kt"
1926,"CO2","SLV",6,264.47371050522,"kt"
1926,"CO2","SLV",7,273.289500855393,"kt"
1926,"CO2","SLV",8,273.289500855393,"kt"
1926,"CO2","SLV",9,264.47371050522,"kt"
1926,"CO2","SLV",10,273.289500855393,"kt"
1926,"CO2","SLV",11,264.47371050522,"kt"
1926,"CO2","SLV",12,273.289500855393,"kt"
1926,"CO2","WST",1,19.2656391264061,"kt"
1926,"CO2","WST",2,17.4012224367539,"kt"
1926,"CO2","WST",3,19.2656391264061,"kt"
1926,"CO2","WST",4,18.644166896522,"kt"
1926,"CO2","WST",5,19.2656391264061,"kt"
1926,"CO2","WST",6,18.644166896522,"kt"
1926,"CO2","WST",7,19.2656391264061,"kt"
1926,"CO2","WST",8,19.2656391264061,"kt"
1926,"CO2","WST",9,18.644166896522,"kt"
1926,"CO2","WST",10,19.2656391264061,"kt"
1926,"CO2","WST",11,18.644166896522,"kt"
1926,"CO2","WST",12,19.2656391264061,"kt"
1926,"CO2","SHP",1,8472.91698021628,"kt"
1926,"CO2","SHP",2,7271.17161168656,"kt"
1926,"CO2","SHP",3,8886.89423874831,"kt"
1926,"CO2","SHP",4,8531.78268458661,"kt"
1926,"CO2","SHP",5,8970.71173983537,"kt"
1926,"CO2","SHP",6,8343.41992860487,"kt"
1926,"CO2","SHP",7,9225.71589901665,"kt"
1926,"CO2","SHP",8,9352.67853027708,"kt"
1926,"CO2","SHP",9,8904.34833773345,"kt"
1926,"CO2","SHP",10,9572.06520330711,"kt"
1926,"CO2","SHP",11,9319.41473905979,"kt"
1926,"CO2","SHP",12,9415.1778667868,"kt"
1926,"CO2","RCO",1,96544.6482912176,"kt"
1926,"CO2","RCO",2,74551.6029327084,"kt"
1926,"CO2","RCO",3,66799.8900956984,"kt"
1926,"CO2","RCO",4,39456.2025238829,"kt"
1926,"CO2","RCO",5,30006.3110007166,"kt"
1926,"CO2","RCO",6,27712.9298990563,"kt"
1926,"CO2","RCO",7,29489.6963110477,"kt"
1926,"CO2","RCO",8,29432.5783530039,"kt"
1926,"CO2","RCO",9,27780.6672166638,"kt"
1926,"CO2","RCO",10,35070.8480485086,"kt"
1926,"CO2","RCO",11,55601.2505076023,"kt"
1926,"CO2","RCO",12,93095.5507394569,"kt"
1927,"CO2","AGR",1,0,"kt"
1927,"CO2","AGR",2,0,"kt"
1927,"CO2","AGR",3,0,"kt"
1927,"CO2","AGR",4,0,"kt"
1927,"CO2","AGR",5,0,"kt"
1927,"CO2","AGR",6,0,"kt"
1927,"CO2","AGR",7,0,"kt"
1927,"CO2","AGR",8,0,"kt"
1927,"CO2","AGR",9,0,"kt"
1927,"CO2","AGR",10,0,"kt"
1927,"CO2","AGR",11,0,"kt"
1927,"CO2","AGR",12,0,"kt"
1927,"CO2","ENE",1,137398.987669804,"kt"
1927,"CO2","ENE",2,114682.560105595,"kt"
1927,"CO2","ENE",3,117351.870694482,"kt"
1927,"CO2","ENE",4,105829.783763412,"kt"
1927,"CO2","ENE",5,107910.364812962,"kt"
1927,"CO2","ENE",6,107780.394636221,"kt"
1927,"CO2","ENE",7,116056.432547345,"kt"
1927,"CO2","ENE",8,114947.569066548,"kt"
1927,"CO2","ENE",9,104713.743561958,"kt"
1927,"CO2","ENE",10,107860.518336661,"kt"
1927,"CO2","ENE",11,109976.690570441,"kt"
1927,"CO2","ENE",12,130806.782159195,"kt"
1927,"CO2","IND",1,135663.148528533,"kt"
1927,"CO2","IND",2,122733.737470438,"kt"
1927,"CO2","IND",3,122963.885394499,"kt"
1927,"CO2","IND",4,119424.338592695,"kt"
1927,"CO2","IND",5,104466.571299222,"kt"
1927,"CO2","IND",6,95272.1497700028,"kt"
1927,"CO2","IND",7,91987.9404074979,"kt"
1927,"CO2","IND",8,98447.8880956695,"kt"
1927,"CO2","IND",9,94845.1196235974,"kt"
1927,"CO2","IND",10,110926.518987394,"kt"
1927,"CO2","IND",11,119210.823519492,"kt"
1927,"CO2","IND",12,135883.780770843,"kt"
1927,"CO2","TRA",1,32974.2609019571,"kt"
1927,"CO2","TRA",2,29783.203395316,"kt"
1927,"CO2","TRA",3,32974.2609019571,"kt"
1927,"CO2","TRA",4,31910.5750664101,"kt"
1927,"CO2","TRA",5,32974.2609019571,"kt"
1927,"CO2","TRA",6,31910.5750664101,"kt"
1927,"CO2","TRA",7,32974.2609019571,"kt"
1927,"CO2","TRA",8,32974.2609019571,"kt"
1927,"CO2","TRA",9,31910.5750664101,"kt"
1927,"CO2","TRA",10,32974.2609019571,"kt"
1927,"CO2","TRA",11,31910.5750664101,"kt"
1927,"CO2","TRA",12,32974.2609019571,"kt"
1927,"CO2","SLV",1,309.92135172134,"kt"
1927,"CO2","SLV",2,279.928962845082,"kt"
1927,"CO2","SLV",3,309.92135172134,"kt"
1927,"CO2","SLV",4,299.923888762588,"kt"
1927,"CO2","SLV",5,309.92135172134,"kt"
1927,"CO2","SLV",6,299.923888762588,"kt"
1927,"CO2","SLV",7,309.92135172134,"kt"
1927,"CO2","SLV",8,309.92135172134,"kt"
1927,"CO2","SLV",9,299.923888762588,"kt"
1927,"CO2","SLV",10,309.92135172134,"kt"
1927,"CO2","SLV",11,299.923888762588,"kt"
1927,"CO2","SLV",12,309.92135172134,"kt"
1927,"CO2","WST",1,20.290579914319,"kt"
1927,"CO2","WST",2,18.3269754064817,"kt"
1927,"CO2","WST",3,20.290579914319,"kt"
1927,"CO2","WST",4,19.6360450783733,"kt"
1927,"CO2","WST",5,20.290579914319,"kt"
1927,"CO2","WST",6,19.6360450783733,"kt"
1927,"CO2","WST",7,20.290579914319,"kt"
1927,"CO2","WST",8,20.290579914319,"kt"
1927,"CO2","WST",9,19.6360450783733,"kt"
1927,"CO2","WST",10,20.290579914319,"kt"
1927,"CO2","WST",11,19.6360450783733,"kt"
1927,"CO2","WST",12,20.290579914319,"kt"
1927,"CO2","SHP",1,8987.46659439947,"kt"
1927,"CO2","SHP",2,7712.74073790235,"kt"
1927,"CO2","SHP",3,9426.58417227555,"kt"
1927,"CO2","SHP",4,9049.90713911617,"kt"
1927,"CO2","SHP",5,9515.49180500757,"kt"
1927,"CO2","SHP",6,8850.10534937035,"kt"
1927,"CO2","SHP",7,9785.98204673022,"kt"
1927,"CO2","SHP",8,9920.65495924129,"kt"
1927,"CO2","SHP",9,9445.0982367861,"kt"
1927,"CO2","SHP",10,10153.3647095808,"kt"
1927,"CO2","SHP",11,9885.37109973144,"kt"
1927,"CO2","SHP",12,9986.94980201678,"kt"
1927,"CO2","RCO",1,107720.506528146,"kt"
1927,"CO2","RCO",2,83664.8845838009,"kt"
1927,"CO2","RCO",3,75060.2941192291,"kt"
1927,"CO2","RCO",4,45695.9596959891,"kt"
1927,"CO2","RCO",5,33517.7181499061,"kt"
1927,"CO2","RCO",6,30796.7931319228,"kt"
1927,"CO2","RCO",7,32772.3048937638,"kt"
1927,"CO2","RCO",8,32714.935810432,"kt"
1927,"CO2","RCO",9,30887.74576713,"kt"
1927,"CO2","RCO",10,39744.5369568536,"kt"
1927,"CO2","RCO",11,62553.8395073142,"kt"
1927,"CO2","RCO",12,103923.893248137,"kt"
1928,"CO2","AGR",1,0,"kt"
1928,"CO2","AGR",2,0,"kt"
1928,"CO2","AGR",3,0,"kt"
1928,"CO2","AGR",4,0,"kt"
1928,"CO2","AGR",5,0,"kt"
1928,"CO2","AGR",6,0,"kt"
1928,"CO2","AGR",7,0,"kt"
1928,"CO2","AGR",8,0,"kt"
1928,"CO2","AGR",9,0,"kt"
1928,"CO2","AGR",10,0,"kt"
1928,"CO2","AGR",11,0,"kt"
1928,"CO2","AGR",12,0,"kt"
1928,"CO2","ENE",1,137514.530138554,"kt"
1928,"CO2","ENE",2,114874.154407281,"kt"
1928,"CO2","ENE",3,117310.580753407,"kt"
1928,"CO2","ENE",4,105857.322583198,"kt"
1928,"CO2","ENE",5,107808.541411494,"kt"
1928,"CO2","ENE",6,107450.425375449,"kt"
1928,"CO2","ENE",7,115610.167985613,"kt"
1928,"CO2","ENE",8,114612.206841974,"kt"
1928,"CO2","ENE",9,104588.541122111,"kt"
1928,"CO2","ENE",10,107919.458792968,"kt"
1928,"CO2","ENE",11,110122.040908686,"kt"
1928,"CO2","ENE",12,130767.040654365,"kt"
1928,"CO2","IND",1,138301.210038129,"kt"
1928,"CO2","IND",2,125115.933496888,"kt"
1928,"CO2","IND",3,125348.663529325,"kt"
1928,"CO2","IND",4,121730.96866911,"kt"
1928,"CO2","IND",5,106469.848885397,"kt"
1928,"CO2","IND",6,97087.3342282854,"kt"
1928,"CO2","IND",7,93737.304424304,"kt"
1928,"CO2","IND",8,100323.578702562,"kt"
1928,"CO2","IND",9,96661.5238133605,"kt"
1928,"CO2","IND",10,113056.123163654,"kt"
1928,"CO2","IND",11,121518.063461648,"kt"
1928,"CO2","IND",12,138521.21208584,"kt"
1928,"CO2","TRA",1,32932.9045111507,"kt"
1928,"CO2","TRA",2,29745.8492358781,"kt"
1928,"CO2","TRA",3,32932.9045111507,"kt"
1928,"CO2","TRA",4,31870.5527527265,"kt"
1928,"CO2","TRA",5,32932.9045111507,"kt"
1928,"CO2","TRA",6,31870.5527527265,"kt"
1928,"CO2","TRA",7,32932.9045111507,"kt"
1928,"CO2","TRA",8,32932.9045111507,"kt"
1928,"CO2","TRA",9,31870.5527527265,"kt"
1928,"CO2","TRA",10,32932.9045111507,"kt"
1928,"CO2","TRA",11,31870.5527527265,"kt"
1928,"CO2","TRA",12,32932.9045111507,"kt"
1928,"CO2","SLV",1,319.371672497763,"kt"
1928,"CO2","SLV",2,288.464736449592,"kt"
1928,"CO2","SLV",3,319.371672497763,"kt"
1928,"CO2","SLV",4,309.069360481706,"kt"
1928,"CO2","SLV",5,319.371672497763,"kt"
1928,"CO2","SLV",6,309.069360481706,"kt"
1928,"CO2","SLV",7,319.371672497763,"kt"
1928,"CO2","SLV",8,319.371672497763,"kt"
1928,"CO2","SLV",9,309.069360481706,"kt"
1928,"CO2","SLV",10,319.371672497763,"kt"
1928,"CO2","SLV",11,309.069360481706,"kt"
1928,"CO2","SLV",12,319.371672497763,"kt"
1928,"CO2","WST",1,21.3365543813186,"kt"
1928,"CO2","WST",2,19.2717265379652,"kt"
1928,"CO2","WST",3,21.3365543813186,"kt"
1928,"CO2","WST",4,20.6482784335341,"kt"
1928,"CO2","WST",5,21.3365543813186,"kt"
1928,"CO2","WST",6,20.6482784335341,"kt"
1928,"CO2","WST",7,21.3365543813186,"kt"
1928,"CO2","WST",8,21.3365543813186,"kt"
1928,"CO2","WST",9,20.6482784335341,"kt"
1928,"CO2","WST",10,21.3365543813186,"kt"
1928,"CO2","WST",11,20.6482784335341,"kt"
1928,"CO2","WST",12,21.3365543813186,"kt"
1928,"CO2","SHP",1,9502.01620858265,"kt"
1928,"CO2","SHP",2,8154.30986411814,"kt"
1928,"CO2","SHP",3,9966.27410580278,"kt"
1928,"CO2","SHP",4,9568.03159364573,"kt"
1928,"CO2","SHP",5,10060.2718701798,"kt"
1928,"CO2","SHP",6,9356.79077013584,"kt"
1928,"CO2","SHP",7,10346.2481944438,"kt"
1928,"CO2","SHP",8,10488.6313882055,"kt"
1928,"CO2","SHP",9,9985.84813583875,"kt"
1928,"CO2","SHP",10,10734.6642158546,"kt"
1928,"CO2","SHP",11,10451.3274604031,"kt"
1928,"CO2","SHP",12,10558.7217372468,"kt"
1928,"CO2","RCO",1,105066.359376387,"kt"
1928,"CO2","RCO",2,81571.9714154927,"kt"
1928,"CO2","RCO",3,73288.3775334835,"kt"
1928,"CO2","RCO",4,44523.9392654349,"kt"
1928,"CO2","RCO",5,32651.1039137579,"kt"
1928,"CO2","RCO",6,30008.4023017864,"kt"
1928,"CO2","RCO",7,31930.2671014755,"kt"
1928,"CO2","RCO",8,31870.6820987687,"kt"
1928,"CO2","RCO",9,30100.8337981524,"kt"
1928,"CO2","RCO",10,38814.8908120817,"kt"
1928,"CO2","RCO",11,61191.4699878147,"kt"
1928,"CO2","RCO",12,101353.945385126,"kt"
1929,"CO2","AGR",1,0,"kt"
1929,"CO2","AGR",2,0,"kt"
1929,"CO2","AGR",3,0,"kt"
1929,"CO2","AGR",4,0,"kt"
1929,"CO2","AGR",5,0,"kt"
1929,"CO2","AGR",6,0,"kt"
1929,"CO2","AGR",7,0,"kt"
1929,"CO2","AGR",8,0,"kt"
1929,"CO2","AGR",9,0,"kt"
1929,"CO2","AGR",10,0,"kt"
1929,"CO2","AGR",11,0,"kt"
1929,"CO2","AGR",12,0,"kt"
1929,"CO2","ENE",1,147997.090762212,"kt"
1929,"CO2","ENE",2,123626.194017453,"kt"
1929,"CO2","ENE",3,126062.088029764,"kt"
1929,"CO2","ENE",4,113741.068122611,"kt"
1929,"CO2","ENE",5,115747.250190259,"kt"
1929,"CO2","ENE",6,115224.564071981,"kt"
1929,"CO2","ENE",7,123951.248089613,"kt"
1929,"CO2","ENE",8,122904.952951868,"kt"
1929,"CO2","ENE",9,112195.442644263,"kt"
1929,"CO2","ENE",10,115881.30999102,"kt"
1929,"CO2","ENE",11,118388.886786375,"kt"
1929,"CO2","ENE",12,140645.426855826,"kt"
1929,"CO2","IND",1,149264.459522249,"kt"
1929,"CO2","IND",2,135019.844096469,"kt"
1929,"CO2","IND",3,135234.67332784,"kt"
1929,"CO2","IND",4,131301.54794636,"kt"
1929,"CO2","IND",5,114744.485140475,"kt"
1929,"CO2","IND",6,104576.406489503,"kt"
1929,"CO2","IND",7,100936.495387765,"kt"
1929,"CO2","IND",8,108062.286705819,"kt"
1929,"CO2","IND",9,104147.123053956,"kt"
1929,"CO2","IND",10,121870.276458529,"kt"
1929,"CO2","IND",11,131086.906228586,"kt"
1929,"CO2","IND",12,149486.255963948,"kt"
1929,"CO2","TRA",1,35623.3106842182,"kt"
1929,"CO2","TRA",2,32175.8935212293,"kt"
1929,"CO2","TRA",3,35623.3106842182,"kt"
1929,"CO2","TRA",4,34474.1716298886,"kt"
1929,"CO2","TRA",5,35623.3106842182,"kt"
1929,"CO2","TRA",6,34474.1716298886,"kt"
1929,"CO2","TRA",7,35623.3106842182,"kt"
1929,"CO2","TRA",8,35623.3106842182,"kt"
1929,"CO2","TRA",9,34474.1716298886,"kt"
1929,"CO2","TRA",10,35623.3106842182,"kt"
1929,"CO2","TRA",11,34474.1716298886,"kt"
1929,"CO2","TRA",12,35623.3106842182,"kt"
1929,"CO2","SLV",1,354.225710610559,"kt"
1929,"CO2","SLV",2,319.945803132118,"kt"
1929,"CO2","SLV",3,354.225710610559,"kt"
1929,"CO2","SLV",4,342.799074784412,"kt"
1929,"CO2","SLV",5,354.225710610559,"kt"
1929,"CO2","SLV",6,342.799074784412,"kt"
1929,"CO2","SLV",7,354.225710610559,"kt"
1929,"CO2","SLV",8,354.225710610559,"kt"
1929,"CO2","SLV",9,342.799074784412,"kt"
1929,"CO2","SLV",10,354.225710610559,"kt"
1929,"CO2","SLV",11,342.799074784412,"kt"
1929,"CO2","SLV",12,354.225710610559,"kt"
1929,"CO2","WST",1,22.4035625274045,"kt"
1929,"CO2","WST",2,20.2354758312041,"kt"
1929,"CO2","WST",3,22.4035625274045,"kt"
1929,"CO2","WST",4,21.6808669620044,"kt"
1929,"CO2","WST",5,22.4035625274045,"kt"
1929,"CO2","WST",6,21.6808669620044,"kt"
1929,"CO2","WST",7,22.4035625274045,"kt"
1929,"CO2","WST",8,22.4035625274045,"kt"
1929,"CO2","WST",9,21.6808669620044,"kt"
1929,"CO2","WST",10,22.4035625274045,"kt"
1929,"CO2","WST",11,21.6808669620044,"kt"
1929,"CO2","WST",12,22.4035625274045,"kt"
1929,"CO2","SHP",1,10016.5658227658,"kt"
1929,"CO2","SHP",2,8595.87899033393,"kt"
1929,"CO2","SHP",3,10505.96403933,"kt"
1929,"CO2","SHP",4,10086.1560481753,"kt"
1929,"CO2","SHP",5,10605.051935352,"kt"
1929,"CO2","SHP",6,9863.47619090133,"kt"
1929,"CO2","SHP",7,10906.5143421574,"kt"
1929,"CO2","SHP",8,11056.6078171697,"kt"
1929,"CO2","SHP",9,10526.5980348914,"kt"
1929,"CO2","SHP",10,11315.9637221283,"kt"
1929,"CO2","SHP",11,11017.2838210748,"kt"
1929,"CO2","SHP",12,11130.4936724767,"kt"
1929,"CO2","RCO",1,112227.583342689,"kt"
1929,"CO2","RCO",2,87110.151632237,"kt"
1929,"CO2","RCO",3,78307.77239643,"kt"
1929,"CO2","RCO",4,47607.5051137024,"kt"
1929,"CO2","RCO",5,34881.4553300005,"kt"
1929,"CO2","RCO",6,32048.4485099783,"kt"
1929,"CO2","RCO",7,34097.4676926302,"kt"
1929,"CO2","RCO",8,34035.1882075176,"kt"
1929,"CO2","RCO",9,32153.2158011315,"kt"
1929,"CO2","RCO",10,41490.3263944471,"kt"
1929,"CO2","RCO",11,65438.3581766093,"kt"
1929,"CO2","RCO",12,108235.08086775,"kt"
1930,"CO2","AGR",1,0,"kt"
1930,"CO2","AGR",2,0,"kt"
1930,"CO2","AGR",3,0,"kt"
1930,"CO2","AGR",4,0,"kt"
1930,"CO2","AGR",5,0,"kt"
1930,"CO2","AGR",6,0,"kt"
1930,"CO2","AGR",7,0,"kt"
1930,"CO2","AGR",8,0,"kt"
1930,"CO2","AGR",9,0,"kt"
1930,"CO2","AGR",10,0,"kt"
1930,"CO2","AGR",11,0,"kt"
1930,"CO2","AGR",12,0,"kt"
1930,"CO2","ENE",1,137762.062107853,"kt"
1930,"CO2","ENE",2,115111.67192051,"kt"
1930,"CO2","ENE",3,117137.72466717,"kt"
1930,"CO2","ENE",4,105744.207709424,"kt"
1930,"CO2","ENE",5,106993.720601358,"kt"
1930,"CO2","ENE",6,105919.573823864,"kt"
1930,"CO2","ENE",7,113706.49188071,"kt"
1930,"CO2","ENE",8,112639.122956906,"kt"
1930,"CO2","ENE",9,103214.38680889,"kt"
1930,"CO2","ENE",10,107214.995791767,"kt"
1930,"CO2","ENE",11,109998.582770915,"kt"
1930,"CO2","ENE",12,130810.315695537,"kt"
1930,"CO2","IND",1,138364.282470962,"kt"
1930,"CO2","IND",2,125159.897200557,"kt"
1930,"CO2","IND",3,125386.706259219,"kt"
1930,"CO2","IND",4,121739.91647415,"kt"
1930,"CO2","IND",5,106434.351230024,"kt"
1930,"CO2","IND",6,97019.9697069723,"kt"
1930,"CO2","IND",7,93662.3787336489,"kt"
1930,"CO2","IND",8,100253.968697205,"kt"
1930,"CO2","IND",9,96622.0270320661,"kt"
1930,"CO2","IND",10,113025.94119358,"kt"
1930,"CO2","IND",11,121540.945136697,"kt"
1930,"CO2","IND",12,138569.88618633,"kt"
1930,"CO2","TRA",1,33278.0763803065,"kt"
1930,"CO2","TRA",2,30057.6173757607,"kt"
1930,"CO2","TRA",3,33278.0763803065,"kt"
1930,"CO2","TRA",4,32204.5900454579,"kt"
1930,"CO2","TRA",5,33278.0763803065,"kt"
1930,"CO2","TRA",6,32204.5900454579,"kt"
1930,"CO2","TRA",7,33278.0763803065,"kt"
1930,"CO2","TRA",8,33278.0763803065,"kt"
1930,"CO2","TRA",9,32204.5900454579,"kt"
1930,"CO2","TRA",10,33278.0763803065,"kt"
1930,"CO2","TRA",11,32204.5900454579,"kt"
1930,"CO2","TRA",12,33278.0763803065,"kt"
1930,"CO2","SLV",1,357.046848251361,"kt"
1930,"CO2","SLV",2,322.493927452842,"kt"
1930,"CO2","SLV",3,357.046848251361,"kt"
1930,"CO2","SLV",4,345.529207985188,"kt"
1930,"CO2","SLV",5,357.046848251361,"kt"
1930,"CO2","SLV",6,345.529207985188,"kt"
1930,"CO2","SLV",7,357.046848251361,"kt"
1930,"CO2","SLV",8,357.046848251361,"kt"
1930,"CO2","SLV",9,345.529207985188,"kt"
1930,"CO2","SLV",10,357.046848251361,"kt"
1930,"CO2","SLV",11,345.529207985188,"kt"
1930,"CO2","SLV",12,357.046848251361,"kt"
1930,"CO2","WST",1,23.4916043525768,"kt"
1930,"CO2","WST",2,21.2182232861984,"kt"
1930,"CO2","WST",3,23.4916043525768,"kt"
1930,"CO2","WST",4,22.733810663784,"kt"
1930,"CO2","WST",5,23.4916043525768,"kt"
1930,"CO2","WST",6,22.733810663784,"kt"
1930,"CO2","WST",7,23.4916043525768,"kt"
1930,"CO2","WST",8,23.4916043525768,"kt"
1930,"CO2","WST",9,22.733810663784,"kt"
1930,"CO2","WST",10,23.4916043525768,"kt"
1930,"CO2","WST",11,22.733810663784,"kt"
1930,"CO2","WST",12,23.4916043525768,"kt"
1930,"CO2","SHP",1,9696.40161838517,"kt"
1930,"CO2","SHP",2,8321.12486735521,"kt"
1930,"CO2","SHP",3,10170.1569695797,"kt"
1930,"CO2","SHP",4,9763.76749869022,"kt"
1930,"CO2","SHP",5,10266.0776725781,"kt"
1930,"CO2","SHP",6,9548.20526242501,"kt"
1930,"CO2","SHP",7,10557.9042946911,"kt"
1930,"CO2","SHP",8,10703.2002613697,"kt"
1930,"CO2","SHP",9,10190.1314310364,"kt"
1930,"CO2","SHP",10,10954.2662515579,"kt"
1930,"CO2","SHP",11,10665.1331966568,"kt"
1930,"CO2","SHP",12,10774.7244683336,"kt"
1930,"CO2","RCO",1,102584.981439997,"kt"
1930,"CO2","RCO",2,79738.2581270737,"kt"
1930,"CO2","RCO",3,71811.3136942799,"kt"
1930,"CO2","RCO",4,44037.7781599259,"kt"
1930,"CO2","RCO",5,32194.3334929817,"kt"
1930,"CO2","RCO",6,29559.6023461343,"kt"
1930,"CO2","RCO",7,31441.6649742564,"kt"
1930,"CO2","RCO",8,31382.6219231671,"kt"
1930,"CO2","RCO",9,29665.0255602432,"kt"
1930,"CO2","RCO",10,38415.9396414385,"kt"
1930,"CO2","RCO",11,60163.3478360554,"kt"
1930,"CO2","RCO",12,98982.3080559119,"kt"
1931,"CO2","AGR",1,0,"kt"
1931,"CO2","AGR",2,0,"kt"
1931,"CO2","AGR",3,0,"kt"
1931,"CO2","AGR",4,0,"kt"
1931,"CO2","AGR",5,0,"kt"
1931,"CO2","AGR",6,0,"kt"
1931,"CO2","AGR",7,0,"kt"
1931,"CO2","AGR",8,0,"kt"
1931,"CO2","AGR",9,0,"kt"
1931,"CO2","AGR",10,0,"kt"
1931,"CO2","AGR",11,0,"kt"
1931,"CO2","AGR",12,0,"kt"
1931,"CO2","ENE",1,123960.143894475,"kt"
1931,"CO2","ENE",2,103707.167480343,"kt"
1931,"CO2","ENE",3,105421.482002143,"kt"
1931,"CO2","ENE",4,95291.8574526507,"kt"
1931,"CO2","ENE",5,95602.3499083475,"kt"
1931,"CO2","ENE",6,93984.7434258462,"kt"
1931,"CO2","ENE",7,100534.549832223,"kt"
1931,"CO2","ENE",8,99483.8027874155,"kt"
1931,"CO2","ENE",9,91816.2009274068,"kt"
1931,"CO2","ENE",10,96163.2761640581,"kt"
1931,"CO2","ENE",11,99025.8855664226,"kt"
1931,"CO2","ENE",12,117602.101619021,"kt"
1931,"CO2","IND",1,123553.357981044,"kt"
1931,"CO2","IND",2,111758.06851003,"kt"
1931,"CO2","IND",3,111975.258225393,"kt"
1931,"CO2","IND",4,108709.196923769,"kt"
1931,"CO2","IND",5,95055.0818367094,"kt"
1931,"CO2","IND",6,86646.0153926711,"kt"
1931,"CO2","IND",7,83655.7713789755,"kt"
1931,"CO2","IND",8,89534.2159057601,"kt"
1931,"CO2","IND",9,86299.9715902498,"kt"
1931,"CO2","IND",10,100933.526363494,"kt"
1931,"CO2","IND",11,108536.175022558,"kt"
1931,"CO2","IND",12,123732.147278962,"kt"
1931,"CO2","TRA",1,30910.1316916609,"kt"
1931,"CO2","TRA",2,27918.828624726,"kt"
1931,"CO2","TRA",3,30910.1316916609,"kt"
1931,"CO2","TRA",4,29913.0306693493,"kt"
1931,"CO2","TRA",5,30910.1316916609,"kt"
1931,"CO2","TRA",6,29913.0306693493,"kt"
1931,"CO2","TRA",7,30910.1316916609,"kt"
1931,"CO2","TRA",8,30910.1316916609,"kt"
1931,"CO2","TRA",9,29913.0306693493,"kt"
1931,"CO2","TRA",10,30910.1316916609,"kt"
1931,"CO2","TRA",11,29913.0306693493,"kt"
1931,"CO2","TRA",12,30910.1316916609,"kt"
1931,"CO2","SLV",1,353.927659545148,"kt"
1931,"CO2","SLV",2,319.676595718198,"kt"
1931,"CO2","SLV",3,353.927659545148,"kt"
1931,"CO2","SLV",4,342.510638269498,"kt"
1931,"CO2","SLV",5,353.927659545148,"kt"
1931,"CO2","SLV",6,342.510638269498,"kt"
1931,"CO2","SLV",7,353.927659545148,"kt"
1931,"CO2","SLV",8,353.927659545148,"kt"
1931,"CO2","SLV",9,342.510638269498,"kt"
1931,"CO2","SLV",10,353.927659545148,"kt"
1931,"CO2","SLV",11,342.510638269498,"kt"
1931,"CO2","SLV",12,353.927659545148,"kt"
1931,"CO2","WST",1,24.4563645792631,"kt"
1931,"CO2","WST",2,22.0896196199796,"kt"
1931,"CO2","WST",3,24.4563645792631,"kt"
1931,"CO2","WST",4,23.6674495928352,"kt"
1931,"CO2","WST",5,24.4563645792631,"kt"
1931,"CO2","WST",6,23.6674495928352,"kt"
1931,"CO2","WST",7,24.4563645792631,"kt"
1931,"CO2","WST",8,24.4563645792631,"kt"
1931,"CO2","WST",9,23.6674495928352,"kt"
1931,"CO2","WST",10,24.4563645792631,"kt"
1931,"CO2","WST",11,23.6674495928352,"kt"
1931,"CO2","WST",12,24.4563645792631,"kt"
1931,"CO2","SHP",1,9376.23741400451,"kt"
1931,"CO2","SHP",2,8046.37074437648,"kt"
1931,"CO2","SHP",3,9834.34989982943,"kt"
1931,"CO2","SHP",4,9441.37894920514,"kt"
1931,"CO2","SHP",5,9927.10340980431,"kt"
1931,"CO2","SHP",6,9232.93433394869,"kt"
1931,"CO2","SHP",7,10209.2942472249,"kt"
1931,"CO2","SHP",8,10349.7927055698,"kt"
1931,"CO2","SHP",9,9853.6648271814,"kt"
1931,"CO2","SHP",10,10592.5687809876,"kt"
1931,"CO2","SHP",11,10312.9825722389,"kt"
1931,"CO2","SHP",12,10418.9552641905,"kt"
1931,"CO2","RCO",1,93108.6420498443,"kt"
1931,"CO2","RCO",2,72427.7733769234,"kt"
1931,"CO2","RCO",3,65422.4421328008,"kt"
1931,"CO2","RCO",4,40262.4212258444,"kt"
1931,"CO2","RCO",5,29273.7081292731,"kt"
1931,"CO2","RCO",6,26852.435888907,"kt"
1931,"CO2","RCO",7,28556.3605539777,"kt"
1931,"CO2","RCO",8,28501.8186813751,"kt"
1931,"CO2","RCO",9,26965.2647370223,"kt"
1931,"CO2","RCO",10,35172.2017792758,"kt"
1931,"CO2","RCO",11,54940.8212089528,"kt"
1931,"CO2","RCO",12,89817.1763010356,"kt"
1932,"CO2","AGR",1,0,"kt"
1932,"CO2","AGR",2,0,"kt"
1932,"CO2","AGR",3,0,"kt"
1932,"CO2","AGR",4,0,"kt"
1932,"CO2","AGR",5,0,"kt"
1932,"CO2","AGR",6,0,"kt"
1932,"CO2","AGR",7,0,"kt"
1932,"CO2","AGR",8,0,"kt"
1932,"CO2","AGR",9,0,"kt"
1932,"CO2","AGR",10,0,"kt"
1932,"CO2","AGR",11,0,"kt"
1932,"CO2","AGR",12,0,"kt"
1932,"CO2","ENE",1,113010.278130533,"kt"
1932,"CO2","ENE",2,94742.476420818,"kt"
1932,"CO2","ENE",3,96345.3315179934,"kt"
1932,"CO2","ENE",4,87224.6919115948,"kt"
1932,"CO2","ENE",5,86707.6232032438,"kt"
1932,"CO2","ENE",6,84710.9144291926,"kt"
1932,"CO2","ENE",7,90260.2639673777,"kt"
1932,"CO2","ENE",8,89216.2964103799,"kt"
1932,"CO2","ENE",9,83058.3577302203,"kt"
1932,"CO2","ENE",10,87670.6533438913,"kt"
1932,"CO2","ENE",11,90443.1766457409,"kt"
1932,"CO2","ENE",12,107106.109594154,"kt"
1932,"CO2","IND",1,111200.925977205,"kt"
1932,"CO2","IND",2,100594.502331606,"kt"
1932,"CO2","IND",3,100822.906073334,"kt"
1932,"CO2","IND",4,97902.6034524,"kt"
1932,"CO2","IND",5,85684.7730852098,"kt"
1932,"CO2","IND",6,78148.1625037581,"kt"
1932,"CO2","IND",7,75478.3119284115,"kt"
1932,"CO2","IND",8,80753.1012538834,"kt"
1932,"CO2","IND",9,77816.1133158754,"kt"
1932,"CO2","IND",10,90959.5624106817,"kt"
1932,"CO2","IND",11,97736.5788584586,"kt"
1932,"CO2","IND",12,111372.484724278,"kt"
1932,"CO2","TRA",1,28223.6010136425,"kt"
1932,"CO2","TRA",2,25492.2847865158,"kt"
1932,"CO2","TRA",3,28223.6010136425,"kt"
1932,"CO2","TRA",4,27313.162271267,"kt"
1932,"CO2","TRA",5,28223.6010136425,"kt"
1932,"CO2","TRA",6,27313.162271267,"kt"
1932,"CO2","TRA",7,28223.6010136425,"kt"
1932,"CO2","TRA",8,28223.6010136425,"kt"
1932,"CO2","TRA",9,27313.162271267,"kt"
1932,"CO2","TRA",10,28223.6010136425,"kt"
1932,"CO2","TRA",11,27313.162271267,"kt"
1932,"CO2","TRA",12,28223.6010136425,"kt"
1932,"CO2","SLV",1,333.799787912055,"kt"
1932,"CO2","SLV",2,301.496582630243,"kt"
1932,"CO2","SLV",3,333.799787912055,"kt"
1932,"CO2","SLV",4,323.032052818118,"kt"
1932,"CO2","SLV",5,333.799787912055,"kt"
1932,"CO2","SLV",6,323.032052818118,"kt"
1932,"CO2","SLV",7,333.799787912055,"kt"
1932,"CO2","SLV",8,333.799787912055,"kt"
1932,"CO2","SLV",9,323.032052818118,"kt"
1932,"CO2","SLV",10,333.799787912055,"kt"
1932,"CO2","SLV",11,323.032052818118,"kt"
1932,"CO2","SLV",12,333.799787912055,"kt"
1932,"CO2","WST",1,25.4328478219665,"kt"
1932,"CO2","WST",2,22.9716044843568,"kt"
1932,"CO2","WST",3,25.4328478219665,"kt"
1932,"CO2","WST",4,24.6124333760966,"kt"
1932,"CO2","WST",5,25.4328478219665,"kt"
1932,"CO2","WST",6,24.6124333760966,"kt"
1932,"CO2","WST",7,25.4328478219665,"kt"
1932,"CO2","WST",8,25.4328478219665,"kt"
1932,"CO2","WST",9,24.6124333760966,"kt"
1932,"CO2","WST",10,25.4328478219665,"kt"
1932,"CO2","WST",11,24.6124333760966,"kt"
1932,"CO2","WST",12,25.4328478219665,"kt"
1932,"CO2","SHP",1,9056.07320962385,"kt"
1932,"CO2","SHP",2,7771.61662139775,"kt"
1932,"CO2","SHP",3,9498.54283007914,"kt"
1932,"CO2","SHP",4,9118.99039972007,"kt"
1932,"CO2","SHP",5,9588.12914703048,"kt"
1932,"CO2","SHP",6,8917.66340547238,"kt"
1932,"CO2","SHP",7,9860.68419975865,"kt"
1932,"CO2","SHP",8,9996.3851497698,"kt"
1932,"CO2","SHP",9,9517.19822332641,"kt"
1932,"CO2","SHP",10,10230.8713104173,"kt"
1932,"CO2","SHP",11,9960.83194782095,"kt"
1932,"CO2","SHP",12,10063.1860600474,"kt"
1932,"CO2","RCO",1,84497.9032414107,"kt"
1932,"CO2","RCO",2,65878.3014856809,"kt"
1932,"CO2","RCO",3,59752.1597987297,"kt"
1932,"CO2","RCO",4,36906.6342259571,"kt"
1932,"CO2","RCO",5,26585.8860403901,"kt"
1932,"CO2","RCO",6,24330.7641721056,"kt"
1932,"CO2","RCO",7,25868.0507786475,"kt"
1932,"CO2","RCO",8,25816.7178764129,"kt"
1932,"CO2","RCO",9,24455.26942857,"kt"
1932,"CO2","RCO",10,32281.642972513,"kt"
1932,"CO2","RCO",11,50261.3950707926,"kt"
1932,"CO2","RCO",12,81523.1395279152,"kt"
1933,"CO2","AGR",1,0,"kt"
1933,"CO2","AGR",2,0,"kt"
1933,"CO2","AGR",3,0,"kt"
1933,"CO2","AGR",4,0,"kt"
1933,"CO2","AGR",5,0,"kt"
1933,"CO2","AGR",6,0,"kt"
1933,"CO2","AGR",7,0,"kt"
1933,"CO2","AGR",8,0,"kt"
1933,"CO2","AGR",9,0,"kt"
1933,"CO2","AGR",10,0,"kt"
1933,"CO2","AGR",11,0,"kt"
1933,"CO2","AGR",12,0,"kt"
1933,"CO2","ENE",1,120085.73271674,"kt"
1933,"CO2","ENE",2,100652.982803514,"kt"
1933,"CO2","ENE",3,102297.17999567,"kt"
1933,"CO2","ENE",4,92649.5919997961,"kt"
1933,"CO2","ENE",5,92272.197933475,"kt"
1933,"CO2","ENE",6,90134.8055034496,"kt"
1933,"CO2","ENE",7,96071.3129652292,"kt"
1933,"CO2","ENE",8,95028.0423606093,"kt"
1933,"CO2","ENE",9,88362.6966038824,"kt"
1933,"CO2","ENE",10,93226.6178972776,"kt"
1933,"CO2","ENE",11,96189.5215409745,"kt"
1933,"CO2","ENE",12,113852.150680426,"kt"
1933,"CO2","IND",1,115195.204359927,"kt"
1933,"CO2","IND",2,104216.888748491,"kt"
1933,"CO2","IND",3,104463.603601933,"kt"
1933,"CO2","IND",4,101457.254346935,"kt"
1933,"CO2","IND",5,88835.6514939825,"kt"
1933,"CO2","IND",6,81049.8585797517,"kt"
1933,"CO2","IND",7,78291.8303476045,"kt"
1933,"CO2","IND",8,83751.52053241,"kt"
1933,"CO2","IND",9,80686.4141701712,"kt"
1933,"CO2","IND",10,94295.341678788,"kt"
1933,"CO2","IND",11,101275.532142145,"kt"
1933,"CO2","IND",12,115382.983971544,"kt"
1933,"CO2","TRA",1,30140.0594076895,"kt"
1933,"CO2","TRA",2,27223.2794650099,"kt"
1933,"CO2","TRA",3,30140.0594076895,"kt"
1933,"CO2","TRA",4,29167.7994267963,"kt"
1933,"CO2","TRA",5,30140.0594076895,"kt"
1933,"CO2","TRA",6,29167.7994267963,"kt"
1933,"CO2","TRA",7,30140.0594076895,"kt"
1933,"CO2","TRA",8,30140.0594076895,"kt"
1933,"CO2","TRA",9,29167.7994267963,"kt"
1933,"CO2","TRA",10,30140.0594076895,"kt"
1933,"CO2","TRA",11,29167.7994267963,"kt"
1933,"CO2","TRA",12,30140.0594076895,"kt"
1933,"CO2","SLV",1,360.772659791306,"kt"
1933,"CO2","SLV",2,325.859176585696,"kt"
1933,"CO2","SLV",3,360.772659791306,"kt"
1933,"CO2","SLV",4,349.134832056103,"kt"
1933,"CO2","SLV",5,360.772659791306,"kt"
1933,"CO2","SLV",6,349.134832056103,"kt"
1933,"CO2","SLV",7,360.772659791306,"kt"
1933,"CO2","SLV",8,360.772659791306,"kt"
1933,"CO2","SLV",9,349.134832056103,"kt"
1933,"CO2","SLV",10,360.772659791306,"kt"
1933,"CO2","SLV",11,349.134832056103,"kt"
1933,"CO2","SLV",12,360.772659791306,"kt"
1933,"CO2","WST",1,26.4210540806873,"kt"
1933,"CO2","WST",2,23.8641778793305,"kt"
1933,"CO2","WST",3,26.4210540806873,"kt"
1933,"CO2","WST",4,25.5687620135684,"kt"
1933,"CO2","WST",5,26.4210540806873,"kt"
1933,"CO2","WST",6,25.5687620135684,"kt"
1933,"CO2","WST",7,26.4210540806873,"kt"
1933,"CO2","WST",8,26.4210540806873,"kt"
1933,"CO2","WST",9,25.5687620135684,"kt"
1933,"CO2","WST",10,26.4210540806873,"kt"
1933,"CO2","WST",11,25.5687620135684,"kt"
1933,"CO2","WST",12,26.4210540806873,"kt"
1933,"CO2","SHP",1,8735.90900524319,"kt"
1933,"CO2","SHP",2,7496.86249841903,"kt"
1933,"CO2","SHP",3,9162.73576032884,"kt"
1933,"CO2","SHP",4,8796.601850235,"kt"
1933,"CO2","SHP",5,9249.15488425665,"kt"
1933,"CO2","SHP",6,8602.39247699606,"kt"
1933,"CO2","SHP",7,9512.07415229241,"kt"
1933,"CO2","SHP",8,9642.97759396984,"kt"
1933,"CO2","SHP",9,9180.73161947141,"kt"
1933,"CO2","SHP",10,9869.17383984695,"kt"
1933,"CO2","SHP",11,9608.68132340302,"kt"
1933,"CO2","SHP",12,9707.41685590428,"kt"
1933,"CO2","RCO",1,88626.5314882751,"kt"
1933,"CO2","RCO",2,69077.6828121327,"kt"
1933,"CO2","RCO",3,62718.1908135601,"kt"
1933,"CO2","RCO",4,38574.0592821094,"kt"
1933,"CO2","RCO",5,27907.6682689695,"kt"
1933,"CO2","RCO",6,25548.1228465392,"kt"
1933,"CO2","RCO",7,27159.1900701329,"kt"
1933,"CO2","RCO",8,27104.3856490124,"kt"
1933,"CO2","RCO",9,25683.1612876424,"kt"
1933,"CO2","RCO",10,33919.4530839271,"kt"
1933,"CO2","RCO",11,52750.4633497008,"kt"
1933,"CO2","RCO",12,85466.5080895668,"kt"
1934,"CO2","AGR",1,0,"kt"
1934,"CO2","AGR",2,0,"kt"
1934,"CO2","AGR",3,0,"kt"
1934,"CO2","AGR",4,0,"kt"
1934,"CO2","AGR",5,0,"kt"
1934,"CO2","AGR",6,0,"kt"
1934,"CO2","AGR",7,0,"kt"
1934,"CO2","AGR",8,0,"kt"
1934,"CO2","AGR",9,0,"kt"
1934,"CO2","AGR",10,0,"kt"
1934,"CO2","AGR",11,0,"kt"
1934,"CO2","AGR",12,0,"kt"
1934,"CO2","ENE",1,132218.898453762,"kt"
1934,"CO2","ENE",2,110882.640188137,"kt"
1934,"CO2","ENE",3,112853.268411001,"kt"
1934,"CO2","ENE",4,102287.47941486,"kt"
1934,"CO2","ENE",5,101766.657999289,"kt"
1934,"CO2","ENE",6,99396.5662895243,"kt"
1934,"CO2","ENE",7,105858.735538691,"kt"
1934,"CO2","ENE",8,104706.315671234,"kt"
1934,"CO2","ENE",9,97543.4444621842,"kt"
1934,"CO2","ENE",10,103040.051700365,"kt"
1934,"CO2","ENE",11,106185.887855755,"kt"
1934,"CO2","ENE",12,125398.047623334,"kt"
1934,"CO2","IND",1,124140.264409591,"kt"
1934,"CO2","IND",2,112312.615571512,"kt"
1934,"CO2","IND",3,112582.13343333,"kt"
1934,"CO2","IND",4,109348.862717623,"kt"
1934,"CO2","IND",5,95759.5511875388,"kt"
1934,"CO2","IND",6,87376.6976424858,"kt"
1934,"CO2","IND",7,84407.2658987179,"kt"
1934,"CO2","IND",8,90289.2542305687,"kt"
1934,"CO2","IND",9,86978.2866345368,"kt"
1934,"CO2","IND",10,101641.53951939,"kt"
1934,"CO2","IND",11,109149.657213649,"kt"
1934,"CO2","IND",12,124346.110097031,"kt"
1934,"CO2","TRA",1,31567.7581315941,"kt"
1934,"CO2","TRA",2,28512.8137962785,"kt"
1934,"CO2","TRA",3,31567.7581315941,"kt"
1934,"CO2","TRA",4,30549.4433531555,"kt"
1934,"CO2","TRA",5,31567.7581315941,"kt"
1934,"CO2","TRA",6,30549.4433531555,"kt"
1934,"CO2","TRA",7,31567.7581315941,"kt"
1934,"CO2","TRA",8,31567.7581315941,"kt"
1934,"CO2","TRA",9,30549.4433531555,"kt"
1934,"CO2","TRA",10,31567.7581315941,"kt"
1934,"CO2","TRA",11,30549.4433531555,"kt"
1934,"CO2","TRA",12,31567.7581315941,"kt"
1934,"CO2","SLV",1,379.616781050189,"kt"
1934,"CO2","SLV",2,342.879673206622,"kt"
1934,"CO2","SLV",3,379.616781050189,"kt"
1934,"CO2","SLV",4,367.371078435667,"kt"
1934,"CO2","SLV",5,379.616781050189,"kt"
1934,"CO2","SLV",6,367.371078435667,"kt"
1934,"CO2","SLV",7,379.616781050189,"kt"
1934,"CO2","SLV",8,379.616781050189,"kt"
1934,"CO2","SLV",9,367.371078435667,"kt"
1934,"CO2","SLV",10,379.616781050189,"kt"
1934,"CO2","SLV",11,367.371078435667,"kt"
1934,"CO2","SLV",12,379.616781050189,"kt"
1934,"CO2","WST",1,27.4209833554252,"kt"
1934,"CO2","WST",2,24.7673398049001,"kt"
1934,"CO2","WST",3,27.4209833554252,"kt"
1934,"CO2","WST",4,26.5364355052502,"kt"
1934,"CO2","WST",5,27.4209833554252,"kt"
1934,"CO2","WST",6,26.5364355052502,"kt"
1934,"CO2","WST",7,27.4209833554252,"kt"
1934,"CO2","WST",8,27.4209833554252,"kt"
1934,"CO2","WST",9,26.5364355052502,"kt"
1934,"CO2","WST",10,27.4209833554252,"kt"
1934,"CO2","WST",11,26.5364355052502,"kt"
1934,"CO2","WST",12,27.4209833554252,"kt"
1934,"CO2","SHP",1,9250.45861942637,"kt"
1934,"CO2","SHP",2,7938.43162463482,"kt"
1934,"CO2","SHP",3,9702.42569385608,"kt"
1934,"CO2","SHP",4,9314.72630476456,"kt"
1934,"CO2","SHP",5,9793.93494942885,"kt"
1934,"CO2","SHP",6,9109.07789776154,"kt"
1934,"CO2","SHP",7,10072.340300006,"kt"
1934,"CO2","SHP",8,10210.954022934,"kt"
1934,"CO2","SHP",9,9721.48151852406,"kt"
1934,"CO2","SHP",10,10450.4733461207,"kt"
1934,"CO2","SHP",11,10174.6376840747,"kt"
1934,"CO2","SHP",12,10279.1887911343,"kt"
1934,"CO2","RCO",1,96069.2505102358,"kt"
1934,"CO2","RCO",2,74932.7599986766,"kt"
1934,"CO2","RCO",3,68200.6848833477,"kt"
1934,"CO2","RCO",4,41864.1501147308,"kt"
1934,"CO2","RCO",5,30188.386747342,"kt"
1934,"CO2","RCO",6,27613.458172415,"kt"
1934,"CO2","RCO",7,29353.0194586768,"kt"
1934,"CO2","RCO",8,29293.0005024274,"kt"
1934,"CO2","RCO",9,27771.6502089739,"kt"
1934,"CO2","RCO",10,36915.7607719211,"kt"
1934,"CO2","RCO",11,57369.1220483901,"kt"
1934,"CO2","RCO",12,92624.8897351481,"kt"
1935,"CO2","AGR",1,0,"kt"
1935,"CO2","AGR",2,0,"kt"
1935,"CO2","AGR",3,0,"kt"
1935,"CO2","AGR",4,0,"kt"
1935,"CO2","AGR",5,0,"kt"
1935,"CO2","AGR",6,0,"kt"
1935,"CO2","AGR",7,0,"kt"
1935,"CO2","AGR",8,0,"kt"
1935,"CO2","AGR",9,0,"kt"
1935,"CO2","AGR",10,0,"kt"
1935,"CO2","AGR",11,0,"kt"
1935,"CO2","AGR",12,0,"kt"
1935,"CO2","ENE",1,139662.744864345,"kt"
1935,"CO2","ENE",2,117241.577644375,"kt"
1935,"CO2","ENE",3,119377.32276817,"kt"
1935,"CO2","ENE",4,108307.88166625,"kt"
1935,"CO2","ENE",5,107610.349237466,"kt"
1935,"CO2","ENE",6,105003.558230224,"kt"
1935,"CO2","ENE",7,111716.312403124,"kt"
1935,"CO2","ENE",8,110552.188106393,"kt"
1935,"CO2","ENE",9,103255.139865913,"kt"
1935,"CO2","ENE",10,109242.8768373,"kt"
1935,"CO2","ENE",11,112462.514214552,"kt"
1935,"CO2","ENE",12,132430.241875881,"kt"
1935,"CO2","IND",1,129194.442478989,"kt"
1935,"CO2","IND",2,116896.322333561,"kt"
1935,"CO2","IND",3,117204.257781392,"kt"
1935,"CO2","IND",4,113861.834921764,"kt"
1935,"CO2","IND",5,99785.1952822012,"kt"
1935,"CO2","IND",6,91093.385479089,"kt"
1935,"CO2","IND",7,88021.496403486,"kt"
1935,"CO2","IND",8,94129.8316617253,"kt"
1935,"CO2","IND",9,90655.0258296405,"kt"
1935,"CO2","IND",10,105893.53054044,"kt"
1935,"CO2","IND",11,113642.655097039,"kt"
1935,"CO2","IND",12,129420.928297871,"kt"
1935,"CO2","TRA",1,33291.3623530574,"kt"
1935,"CO2","TRA",2,30069.6176092131,"kt"
1935,"CO2","TRA",3,33291.3623530574,"kt"
1935,"CO2","TRA",4,32217.4474384426,"kt"
1935,"CO2","TRA",5,33291.3623530574,"kt"
1935,"CO2","TRA",6,32217.4474384426,"kt"
1935,"CO2","TRA",7,33291.3623530574,"kt"
1935,"CO2","TRA",8,33291.3623530574,"kt"
1935,"CO2","TRA",9,32217.4474384426,"kt"
1935,"CO2","TRA",10,33291.3623530574,"kt"
1935,"CO2","TRA",11,32217.4474384426,"kt"
1935,"CO2","TRA",12,33291.3623530574,"kt"
1935,"CO2","SLV",1,407.617900474588,"kt"
1935,"CO2","SLV",2,368.171006880273,"kt"
1935,"CO2","SLV",3,407.617900474588,"kt"
1935,"CO2","SLV",4,394.46893594315,"kt"
1935,"CO2","SLV",5,407.617900474588,"kt"
1935,"CO2","SLV",6,394.46893594315,"kt"
1935,"CO2","SLV",7,407.617900474588,"kt"
1935,"CO2","SLV",8,407.617900474588,"kt"
1935,"CO2","SLV",9,394.46893594315,"kt"
1935,"CO2","SLV",10,407.617900474588,"kt"
1935,"CO2","SLV",11,394.46893594315,"kt"
1935,"CO2","SLV",12,407.617900474588,"kt"
1935,"CO2","WST",1,28.4326356461804,"kt"
1935,"CO2","WST",2,25.6810902610662,"kt"
1935,"CO2","WST",3,28.4326356461804,"kt"
1935,"CO2","WST",4,27.5154538511424,"kt"
1935,"CO2","WST",5,28.4326356461804,"kt"
1935,"CO2","WST",6,27.5154538511424,"kt"
1935,"CO2","WST",7,28.4326356461804,"kt"
1935,"CO2","WST",8,28.4326356461804,"kt"
1935,"CO2","WST",9,27.5154538511424,"kt"
1935,"CO2","WST",10,28.4326356461804,"kt"
1935,"CO2","WST",11,27.5154538511424,"kt"
1935,"CO2","WST",12,28.4326356461804,"kt"
1935,"CO2","SHP",1,9765.00823360956,"kt"
1935,"CO2","SHP",2,8380.00075085061,"kt"
1935,"CO2","SHP",3,10242.1156273833,"kt"
1935,"CO2","SHP",4,9832.85075929412,"kt"
1935,"CO2","SHP",5,10338.7150146011,"kt"
1935,"CO2","SHP",6,9615.76331852703,"kt"
1935,"CO2","SHP",7,10632.6064477196,"kt"
1935,"CO2","SHP",8,10778.9304518982,"kt"
1935,"CO2","SHP",9,10262.2314175767,"kt"
1935,"CO2","SHP",10,11031.7728523944,"kt"
1935,"CO2","SHP",11,10740.5940447463,"kt"
1935,"CO2","SHP",12,10850.9607263642,"kt"
1935,"CO2","RCO",1,100341.118727906,"kt"
1935,"CO2","RCO",2,78274.8570083154,"kt"
1935,"CO2","RCO",3,71362.8605934926,"kt"
1935,"CO2","RCO",4,43669.4380668564,"kt"
1935,"CO2","RCO",5,31499.4284312683,"kt"
1935,"CO2","RCO",6,28811.3244747101,"kt"
1935,"CO2","RCO",7,30621.8736778315,"kt"
1935,"CO2","RCO",8,30557.7961051218,"kt"
1935,"CO2","RCO",9,28985.3911104425,"kt"
1935,"CO2","RCO",10,38670.1595126352,"kt"
1935,"CO2","RCO",11,60089.0364655857,"kt"
1935,"CO2","RCO",12,96722.3050105552,"kt"
1936,"CO2","AGR",1,0,"kt"
1936,"CO2","AGR",2,0,"kt"
1936,"CO2","AGR",3,0,"kt"
1936,"CO2","AGR",4,0,"kt"
1936,"CO2","AGR",5,0,"kt"
1936,"CO2","AGR",6,0,"kt"
1936,"CO2","AGR",7,0,"kt"
1936,"CO2","AGR",8,0,"kt"
1936,"CO2","AGR",9,0,"kt"
1936,"CO2","AGR",10,0,"kt"
1936,"CO2","AGR",11,0,"kt"
1936,"CO2","AGR",12,0,"kt"
1936,"CO2","ENE",1,155024.64671127,"kt"
1936,"CO2","ENE",2,129976.875959479,"kt"
1936,"CO2","ENE",3,132572.478568941,"kt"
1936,"CO2","ENE",4,120192.90199597,"kt"
1936,"CO2","ENE",5,119960.277346252,"kt"
1936,"CO2","ENE",6,117533.140914359,"kt"
1936,"CO2","ENE",7,125255.995002977,"kt"
1936,"CO2","ENE",8,124018.671303374,"kt"
1936,"CO2","ENE",9,115366.178108601,"kt"
1936,"CO2","ENE",10,121606.112943996,"kt"
1936,"CO2","ENE",11,124933.946094596,"kt"
1936,"CO2","ENE",12,147169.011946383,"kt"
1936,"CO2","IND",1,140402.972155036,"kt"
1936,"CO2","IND",2,127028.665544619,"kt"
1936,"CO2","IND",3,127334.783012389,"kt"
1936,"CO2","IND",4,123683.804634722,"kt"
1936,"CO2","IND",5,108322.268186115,"kt"
1936,"CO2","IND",6,98847.1305942672,"kt"
1936,"CO2","IND",7,95489.9865985469,"kt"
1936,"CO2","IND",8,102142.034947409,"kt"
1936,"CO2","IND",9,98390.5353263735,"kt"
1936,"CO2","IND",10,114974.316534978,"kt"
1936,"CO2","IND",11,123455.507000775,"kt"
1936,"CO2","IND",12,140638.879710114,"kt"
1936,"CO2","TRA",1,36081.7966795977,"kt"
1936,"CO2","TRA",2,32590.0099041528,"kt"
1936,"CO2","TRA",3,36081.7966795977,"kt"
1936,"CO2","TRA",4,34917.8677544494,"kt"
1936,"CO2","TRA",5,36081.7966795977,"kt"
1936,"CO2","TRA",6,34917.8677544494,"kt"
1936,"CO2","TRA",7,36081.7966795977,"kt"
1936,"CO2","TRA",8,36081.7966795977,"kt"
1936,"CO2","TRA",9,34917.8677544494,"kt"
1936,"CO2","TRA",10,36081.7966795977,"kt"
1936,"CO2","TRA",11,34917.8677544494,"kt"
1936,"CO2","TRA",12,36081.7966795977,"kt"
1936,"CO2","SLV",1,442.637226177835,"kt"
1936,"CO2","SLV",2,399.80136557998,"kt"
1936,"CO2","SLV",3,442.637226177835,"kt"
1936,"CO2","SLV",4,428.35860597855,"kt"
1936,"CO2","SLV",5,442.637226177835,"kt"
1936,"CO2","SLV",6,428.35860597855,"kt"
1936,"CO2","SLV",7,442.637226177835,"kt"
1936,"CO2","SLV",8,442.637226177835,"kt"
1936,"CO2","SLV",9,428.35860597855,"kt"
1936,"CO2","SLV",10,442.637226177835,"kt"
1936,"CO2","SLV",11,428.35860597855,"kt"
1936,"CO2","SLV",12,442.637226177835,"kt"
1936,"CO2","WST",1,29.4560109529528,"kt"
1936,"CO2","WST",2,26.6054292478283,"kt"
1936,"CO2","WST",3,29.4560109529528,"kt"
1936,"CO2","WST",4,28.5058170512446,"kt"
1936,"CO2","WST",5,29.4560109529528,"kt"
1936,"CO2","WST",6,28.5058170512446,"kt"
1936,"CO2","WST",7,29.4560109529528,"kt"
1936,"CO2","WST",8,29.4560109529528,"kt"
1936,"CO2","WST",9,28.5058170512446,"kt"
1936,"CO2","WST",10,29.4560109529528,"kt"
1936,"CO2","WST",11,28.5058170512446,"kt"
1936,"CO2","WST",12,29.4560109529528,"kt"
1936,"CO2","SHP",1,10279.5578477927,"kt"
1936,"CO2","SHP",2,8821.5698770664,"kt"
1936,"CO2","SHP",3,10781.8055609105,"kt"
1936,"CO2","SHP",4,10350.9752138237,"kt"
1936,"CO2","SHP",5,10883.4950797732,"kt"
1936,"CO2","SHP",6,10122.4487392925,"kt"
1936,"CO2","SHP",7,11192.8725954331,"kt"
1936,"CO2","SHP",8,11346.9068808625,"kt"
1936,"CO2","SHP",9,10802.9813166294,"kt"
1936,"CO2","SHP",10,11613.0723586681,"kt"
1936,"CO2","SHP",11,11306.550405418,"kt"
1936,"CO2","SHP",12,11422.7326615942,"kt"
1936,"CO2","RCO",1,109114.12541997,"kt"
1936,"CO2","RCO",2,85184.0913883966,"kt"
1936,"CO2","RCO",3,77825.8255782228,"kt"
1936,"CO2","RCO",4,47336.8749099612,"kt"
1936,"CO2","RCO",5,34083.8363523206,"kt"
1936,"CO2","RCO",6,31162.7410701732,"kt"
1936,"CO2","RCO",7,33116.6251186309,"kt"
1936,"CO2","RCO",8,33049.1925465354,"kt"
1936,"CO2","RCO",9,31362.8092372782,"kt"
1936,"CO2","RCO",10,42017.717975269,"kt"
1936,"CO2","RCO",11,65431.766822925,"kt"
1936,"CO2","RCO",12,105317.443099178,"kt"
1937,"CO2","AGR",1,0,"kt"
1937,"CO2","AGR",2,0,"kt"
1937,"CO2","AGR",3,0,"kt"
1937,"CO2","AGR",4,0,"kt"
1937,"CO2","AGR",5,0,"kt"
1937,"CO2","AGR",6,0,"kt"
1937,"CO2","AGR",7,0,"kt"
1937,"CO2","AGR",8,0,"kt"
1937,"CO2","AGR",9,0,"kt"
1937,"CO2","AGR",10,0,"kt"
1937,"CO2","AGR",11,0,"kt"
1937,"CO2","AGR",12,0,"kt"
1937,"CO2","ENE",1,165290.577892283,"kt"
1937,"CO2","ENE",2,138806.161477635,"kt"
1937,"CO2","ENE",3,141156.38914578,"kt"
1937,"CO2","ENE",4,128021.456389725,"kt"
1937,"CO2","ENE",5,127398.63788776,"kt"
1937,"CO2","ENE",6,124417.159339672,"kt"
1937,"CO2","ENE",7,132412.02656609,"kt"
1937,"CO2","ENE",8,131188.79137405,"kt"
1937,"CO2","ENE",9,122455.000663744,"kt"
1937,"CO2","ENE",10,129413.939123823,"kt"
1937,"CO2","ENE",11,133134.783175177,"kt"
1937,"CO2","ENE",12,156607.825929568,"kt"
1937,"CO2","IND",1,150412.955083133,"kt"
1937,"CO2","IND",2,136085.158445269,"kt"
1937,"CO2","IND",3,136403.278995435,"kt"
1937,"CO2","IND",4,132492.378484679,"kt"
1937,"CO2","IND",5,116020.654995637,"kt"
1937,"CO2","IND",6,105866.081642747,"kt"
1937,"CO2","IND",7,102263.734960639,"kt"
1937,"CO2","IND",8,109394.951030838,"kt"
1937,"CO2","IND",9,105376.876379456,"kt"
1937,"CO2","IND",10,123151.871065837,"kt"
1937,"CO2","IND",11,132247.775853034,"kt"
1937,"CO2","IND",12,150665.711135834,"kt"
1937,"CO2","TRA",1,39417.361067798,"kt"
1937,"CO2","TRA",2,35602.7777386562,"kt"
1937,"CO2","TRA",3,39417.361067798,"kt"
1937,"CO2","TRA",4,38145.8332914174,"kt"
1937,"CO2","TRA",5,39417.361067798,"kt"
1937,"CO2","TRA",6,38145.8332914174,"kt"
1937,"CO2","TRA",7,39417.361067798,"kt"
1937,"CO2","TRA",8,39417.361067798,"kt"
1937,"CO2","TRA",9,38145.8332914174,"kt"
1937,"CO2","TRA",10,39417.361067798,"kt"
1937,"CO2","TRA",11,38145.8332914174,"kt"
1937,"CO2","TRA",12,39417.361067798,"kt"
1937,"CO2","SLV",1,488.514376014899,"kt"
1937,"CO2","SLV",2,441.238791239263,"kt"
1937,"CO2","SLV",3,488.514376014899,"kt"
1937,"CO2","SLV",4,472.755847756354,"kt"
1937,"CO2","SLV",5,488.514376014899,"kt"
1937,"CO2","SLV",6,472.755847756354,"kt"
1937,"CO2","SLV",7,488.514376014899,"kt"
1937,"CO2","SLV",8,488.514376014899,"kt"
1937,"CO2","SLV",9,472.755847756354,"kt"
1937,"CO2","SLV",10,488.514376014899,"kt"
1937,"CO2","SLV",11,472.755847756354,"kt"
1937,"CO2","SLV",12,488.514376014899,"kt"
1937,"CO2","WST",1,30.4911092757425,"kt"
1937,"CO2","WST",2,27.5403567651867,"kt"
1937,"CO2","WST",3,30.4911092757425,"kt"
1937,"CO2","WST",4,29.5075251055572,"kt"
1937,"CO2","WST",5,30.4911092757425,"kt"
1937,"CO2","WST",6,29.5075251055572,"kt"
1937,"CO2","WST",7,30.4911092757425,"kt"
1937,"CO2","WST",8,30.4911092757425,"kt"
1937,"CO2","WST",9,29.5075251055572,"kt"
1937,"CO2","WST",10,30.4911092757425,"kt"
1937,"CO2","WST",11,29.5075251055572,"kt"
1937,"CO2","WST",12,30.4911092757425,"kt"
1937,"CO2","SHP",1,10794.107461976,"kt"
1937,"CO2","SHP",2,9263.13900328226,"kt"
1937,"CO2","SHP",3,11321.4954944379,"kt"
1937,"CO2","SHP",4,10869.0996683533,"kt"
1937,"CO2","SHP",5,11428.2751449455,"kt"
1937,"CO2","SHP",6,10629.1341600581,"kt"
1937,"CO2","SHP",7,11753.1387431468,"kt"
1937,"CO2","SHP",8,11914.8833098267,"kt"
1937,"CO2","SHP",9,11343.7312156821,"kt"
1937,"CO2","SHP",10,12194.3718649419,"kt"
1937,"CO2","SHP",11,11872.5067660897,"kt"
1937,"CO2","SHP",12,11994.5045968243,"kt"
1937,"CO2","RCO",1,116949.923068925,"kt"
1937,"CO2","RCO",2,91188.3251901298,"kt"
1937,"CO2","RCO",3,83271.1848606152,"kt"
1937,"CO2","RCO",4,50642.6805695453,"kt"
1937,"CO2","RCO",5,36529.8387779948,"kt"
1937,"CO2","RCO",6,33401.7630506596,"kt"
1937,"CO2","RCO",7,35492.7264035054,"kt"
1937,"CO2","RCO",8,35422.9087539115,"kt"
1937,"CO2","RCO",9,33619.3690325816,"kt"
1937,"CO2","RCO",10,44945.0390306976,"kt"
1937,"CO2","RCO",11,70065.5869804511,"kt"
1937,"CO2","RCO",12,112795.967224079,"kt"
1938,"CO2","AGR",1,0,"kt"
1938,"CO2","AGR",2,0,"kt"
1938,"CO2","AGR",3,0,"kt"
1938,"CO2","AGR",4,0,"kt"
1938,"CO2","AGR",5,0,"kt"
1938,"CO2","AGR",6,0,"kt"
1938,"CO2","AGR",7,0,"kt"
1938,"CO2","AGR",8,0,"kt"
1938,"CO2","AGR",9,0,"kt"
1938,"CO2","AGR",10,0,"kt"
1938,"CO2","AGR",11,0,"kt"
1938,"CO2","AGR",12,0,"kt"
1938,"CO2","ENE",1,157758.216873247,"kt"
1938,"CO2","ENE",2,133054.062954326,"kt"
1938,"CO2","ENE",3,134833.771998893,"kt"
1938,"CO2","ENE",4,122583.52336956,"kt"
1938,"CO2","ENE",5,120489.069506366,"kt"
1938,"CO2","ENE",6,116511.516562914,"kt"
1938,"CO2","ENE",7,123302.161091674,"kt"
1938,"CO2","ENE",8,122178.28716417,"kt"
1938,"CO2","ENE",9,115568.109580855,"kt"
1938,"CO2","ENE",10,123441.854663008,"kt"
1938,"CO2","ENE",11,127322.96600674,"kt"
1938,"CO2","ENE",12,148903.740136014,"kt"
1938,"CO2","IND",1,140874.966626193,"kt"
1938,"CO2","IND",2,127470.855159787,"kt"
1938,"CO2","IND",3,127815.786625584,"kt"
1938,"CO2","IND",4,124183.30349158,"kt"
1938,"CO2","IND",5,108860.717019315,"kt"
1938,"CO2","IND",6,99398.077989481,"kt"
1938,"CO2","IND",7,96055.0171765642,"kt"
1938,"CO2","IND",8,102711.347255797,"kt"
1938,"CO2","IND",9,98907.4712323378,"kt"
1938,"CO2","IND",10,115517.047098548,"kt"
1938,"CO2","IND",11,123938.000113008,"kt"
1938,"CO2","IND",12,141128.44678405,"kt"
1938,"CO2","TRA",1,37589.2807475201,"kt"
1938,"CO2","TRA",2,33951.608417115,"kt"
1938,"CO2","TRA",3,37589.2807475201,"kt"
1938,"CO2","TRA",4,36376.7233040517,"kt"
1938,"CO2","TRA",5,37589.2807475201,"kt"
1938,"CO2","TRA",6,36376.7233040517,"kt"
1938,"CO2","TRA",7,37589.2807475201,"kt"
1938,"CO2","TRA",8,37589.2807475201,"kt"
1938,"CO2","TRA",9,36376.7233040517,"kt"
1938,"CO2","TRA",10,37589.2807475201,"kt"
1938,"CO2","TRA",11,36376.7233040517,"kt"
1938,"CO2","TRA",12,37589.2807475201,"kt"
1938,"CO2","SLV",1,480.074941926154,"kt"
1938,"CO2","SLV",2,433.616076578462,"kt"
1938,"CO2","SLV",3,480.074941926154,"kt"
1938,"CO2","SLV",4,464.588653476923,"kt"
1938,"CO2","SLV",5,480.074941926154,"kt"
1938,"CO2","SLV",6,464.588653476923,"kt"
1938,"CO2","SLV",7,480.074941926154,"kt"
1938,"CO2","SLV",8,480.074941926154,"kt"
1938,"CO2","SLV",9,464.588653476923,"kt"
1938,"CO2","SLV",10,480.074941926154,"kt"
1938,"CO2","SLV",11,464.588653476923,"kt"
1938,"CO2","SLV",12,480.074941926154,"kt"
1938,"CO2","WST",1,31.5379306145493,"kt"
1938,"CO2","WST",2,28.4858728131413,"kt"
1938,"CO2","WST",3,31.5379306145493,"kt"
1938,"CO2","WST",4,30.5205780140799,"kt"
1938,"CO2","WST",5,31.5379306145493,"kt"
1938,"CO2","WST",6,30.5205780140799,"kt"
1938,"CO2","WST",7,31.5379306145493,"kt"
1938,"CO2","WST",8,31.5379306145493,"kt"
1938,"CO2","WST",9,30.5205780140799,"kt"
1938,"CO2","WST",10,31.5379306145493,"kt"
1938,"CO2","WST",11,30.5205780140799,"kt"
1938,"CO2","WST",12,31.5379306145493,"kt"
1938,"CO2","SHP",1,9787.87710535104,"kt"
1938,"CO2","SHP",2,8399.6260453491,"kt"
1938,"CO2","SHP",3,10266.1018466512,"kt"
1938,"CO2","SHP",4,9855.87851282878,"kt"
1938,"CO2","SHP",5,10362.9274619421,"kt"
1938,"CO2","SHP",6,9638.28267056107,"kt"
1938,"CO2","SHP",7,10657.5071653957,"kt"
1938,"CO2","SHP",8,10804.1738487411,"kt"
1938,"CO2","SHP",9,10286.2647464235,"kt"
1938,"CO2","SHP",10,11057.6083860066,"kt"
1938,"CO2","SHP",11,10765.7476607762,"kt"
1938,"CO2","SHP",12,10876.3728123745,"kt"
1938,"CO2","RCO",1,110139.010399679,"kt"
1938,"CO2","RCO",2,85901.3330707222,"kt"
1938,"CO2","RCO",3,78632.8563372057,"kt"
1938,"CO2","RCO",4,47887.9817631631,"kt"
1938,"CO2","RCO",5,34360.1098902412,"kt"
1938,"CO2","RCO",6,31420.379202013,"kt"
1938,"CO2","RCO",7,33386.2254049752,"kt"
1938,"CO2","RCO",8,33312.9856642109,"kt"
1938,"CO2","RCO",9,31626.3301428501,"kt"
1938,"CO2","RCO",10,42564.9345038333,"kt"
1938,"CO2","RCO",11,66401.5743125994,"kt"
1938,"CO2","RCO",12,106119.939302245,"kt"
1939,"CO2","AGR",1,0,"kt"
1939,"CO2","AGR",2,0,"kt"
1939,"CO2","AGR",3,0,"kt"
1939,"CO2","AGR",4,0,"kt"
1939,"CO2","AGR",5,0,"kt"
1939,"CO2","AGR",6,0,"kt"
1939,"CO2","AGR",7,0,"kt"
1939,"CO2","AGR",8,0,"kt"
1939,"CO2","AGR",9,0,"kt"
1939,"CO2","AGR",10,0,"kt"
1939,"CO2","AGR",11,0,"kt"
1939,"CO2","AGR",12,0,"kt"
1939,"CO2","ENE",1,168636.931243395,"kt"
1939,"CO2","ENE",2,142168.308213856,"kt"
1939,"CO2","ENE",3,144510.382133055,"kt"
1939,"CO2","ENE",4,131398.951827947,"kt"
1939,"CO2","ENE",5,129984.726333849,"kt"
1939,"CO2","ENE",6,126401.286087929,"kt"
1939,"CO2","ENE",7,134060.443257914,"kt"
1939,"CO2","ENE",8,132923.991356805,"kt"
1939,"CO2","ENE",9,125152.372151563,"kt"
1939,"CO2","ENE",10,132893.724420442,"kt"
1939,"CO2","ENE",11,136501.344414235,"kt"
1939,"CO2","ENE",12,159458.114027115,"kt"
1939,"CO2","IND",1,147986.512252733,"kt"
1939,"CO2","IND",2,133904.399053533,"kt"
1939,"CO2","IND",3,134303.879761621,"kt"
1939,"CO2","IND",4,130483.986929427,"kt"
1939,"CO2","IND",5,114441.897773437,"kt"
1939,"CO2","IND",6,104513.962816424,"kt"
1939,"CO2","IND",7,101024.051981719,"kt"
1939,"CO2","IND",8,107997.761576972,"kt"
1939,"CO2","IND",9,104001.472430501,"kt"
1939,"CO2","IND",10,121415.60736869,"kt"
1939,"CO2","IND",11,130227.741736466,"kt"
1939,"CO2","IND",12,148251.298952126,"kt"
1939,"CO2","TRA",1,39143.9511720942,"kt"
1939,"CO2","TRA",2,35355.8268651174,"kt"
1939,"CO2","TRA",3,39143.9511720942,"kt"
1939,"CO2","TRA",4,37881.2430697686,"kt"
1939,"CO2","TRA",5,39143.9511720942,"kt"
1939,"CO2","TRA",6,37881.2430697686,"kt"
1939,"CO2","TRA",7,39143.9511720942,"kt"
1939,"CO2","TRA",8,39143.9511720942,"kt"
1939,"CO2","TRA",9,37881.2430697686,"kt"
1939,"CO2","TRA",10,39143.9511720942,"kt"
1939,"CO2","TRA",11,37881.2430697686,"kt"
1939,"CO2","TRA",12,39143.9511720942,"kt"
1939,"CO2","SLV",1,497.389937610548,"kt"
1939,"CO2","SLV",2,449.255427519204,"kt"
1939,"CO2","SLV",3,497.389937610548,"kt"
1939,"CO2","SLV",4,481.345100913433,"kt"
1939,"CO2","SLV",5,497.389937610548,"kt"
1939,"CO2","SLV",6,481.345100913433,"kt"
1939,"CO2","SLV",7,497.389937610548,"kt"
1939,"CO2","SLV",8,497.389937610548,"kt"
1939,"CO2","SLV",9,481.345100913433,"kt"
1939,"CO2","SLV",10,497.389937610548,"kt"
1939,"CO2","SLV",11,481.345100913433,"kt"
1939,"CO2","SLV",12,497.389937610548,"kt"
1939,"CO2","WST",1,32.5964749693733,"kt"
1939,"CO2","WST",2,29.4419773916921,"kt"
1939,"CO2","WST",3,32.5964749693733,"kt"
1939,"CO2","WST",4,31.5449757768129,"kt"
1939,"CO2","WST",5,32.5964749693733,"kt"
1939,"CO2","WST",6,31.5449757768129,"kt"
1939,"CO2","WST",7,32.5964749693733,"kt"
1939,"CO2","WST",8,32.5964749693733,"kt"
1939,"CO2","WST",9,31.5449757768129,"kt"
1939,"CO2","WST",10,32.5964749693733,"kt"
1939,"CO2","WST",11,31.5449757768129,"kt"
1939,"CO2","WST",12,32.5964749693733,"kt"
1939,"CO2","SHP",1,10820.787812341,"kt"
1939,"CO2","SHP",2,9286.03518019708,"kt"
1939,"CO2","SHP",3,11349.479416917,"kt"
1939,"CO2","SHP",4,10895.9653808103,"kt"
1939,"CO2","SHP",5,11456.5230001766,"kt"
1939,"CO2","SHP",6,10655.406737431,"kt"
1939,"CO2","SHP",7,11782.1895804356,"kt"
1939,"CO2","SHP",8,11944.3339394767,"kt"
1939,"CO2","SHP",9,11371.7700993366,"kt"
1939,"CO2","SHP",10,12224.5133208227,"kt"
1939,"CO2","SHP",11,11901.8526514578,"kt"
1939,"CO2","SHP",12,12024.1520305028,"kt"
1939,"CO2","RCO",1,115992.802808821,"kt"
1939,"CO2","RCO",2,90467.2063232646,"kt"
1939,"CO2","RCO",3,82831.0623933431,"kt"
1939,"CO2","RCO",4,50383.6967094736,"kt"
1939,"CO2","RCO",5,36272.8488486872,"kt"
1939,"CO2","RCO",6,33159.7972318631,"kt"
1939,"CO2","RCO",7,35229.193917832,"kt"
1939,"CO2","RCO",8,35154.0541635197,"kt"
1939,"CO2","RCO",9,33382.6568252405,"kt"
1939,"CO2","RCO",10,44842.1019600269,"kt"
1939,"CO2","RCO",11,69894.408939224,"kt"
1939,"CO2","RCO",12,111809.949158444,"kt"
1940,"CO2","AGR",1,0,"kt"
1940,"CO2","AGR",2,0,"kt"
1940,"CO2","AGR",3,0,"kt"
1940,"CO2","AGR",4,0,"kt"
1940,"CO2","AGR",5,0,"kt"
1940,"CO2","AGR",6,0,"kt"
1940,"CO2","AGR",7,0,"kt"
1940,"CO2","AGR",8,0,"kt"
1940,"CO2","AGR",9,0,"kt"
1940,"CO2","AGR",10,0,"kt"
1940,"CO2","AGR",11,0,"kt"
1940,"CO2","AGR",12,0,"kt"
1940,"CO2","ENE",1,183565.308960038,"kt"
1940,"CO2","ENE",2,154523.040086097,"kt"
1940,"CO2","ENE",3,158497.631198348,"kt"
1940,"CO2","ENE",4,144285.790056921,"kt"
1940,"CO2","ENE",5,143526.178068399,"kt"
1940,"CO2","ENE",6,140639.270534738,"kt"
1940,"CO2","ENE",7,149339.734794605,"kt"
1940,"CO2","ENE",8,147988.259382956,"kt"
1940,"CO2","ENE",9,138873.599880874,"kt"
1940,"CO2","ENE",10,146954.319267204,"kt"
1940,"CO2","ENE",11,149963.721410824,"kt"
1940,"CO2","ENE",12,174428.077308257,"kt"
1940,"CO2","IND",1,156462.138087076,"kt"
1940,"CO2","IND",2,141553.686462749,"kt"
1940,"CO2","IND",3,141966.807916048,"kt"
1940,"CO2","IND",4,137886.616916942,"kt"
1940,"CO2","IND",5,120868.849615496,"kt"
1940,"CO2","IND",6,110330.522616364,"kt"
1940,"CO2","IND",7,106631.534226864,"kt"
1940,"CO2","IND",8,114008.206703576,"kt"
1940,"CO2","IND",9,109831.139166565,"kt"
1940,"CO2","IND",10,128245.522092208,"kt"
1940,"CO2","IND",11,137636.925192043,"kt"
1940,"CO2","IND",12,156720.152869472,"kt"
1940,"CO2","TRA",1,42129.6390244374,"kt"
1940,"CO2","TRA",2,38052.5771833629,"kt"
1940,"CO2","TRA",3,42129.6390244374,"kt"
1940,"CO2","TRA",4,40770.6184107459,"kt"
1940,"CO2","TRA",5,42129.6390244374,"kt"
1940,"CO2","TRA",6,40770.6184107459,"kt"
1940,"CO2","TRA",7,42129.6390244374,"kt"
1940,"CO2","TRA",8,42129.6390244374,"kt"
1940,"CO2","TRA",9,40770.6184107459,"kt"
1940,"CO2","TRA",10,42129.6390244374,"kt"
1940,"CO2","TRA",11,40770.6184107459,"kt"
1940,"CO2","TRA",12,42129.6390244374,"kt"
1940,"CO2","SLV",1,521.183126625263,"kt"
1940,"CO2","SLV",2,470.746049855076,"kt"
1940,"CO2","SLV",3,521.183126625263,"kt"
1940,"CO2","SLV",4,504.370767701867,"kt"
1940,"CO2","SLV",5,521.183126625263,"kt"
1940,"CO2","SLV",6,504.370767701867,"kt"
1940,"CO2","SLV",7,521.183126625263,"kt"
1940,"CO2","SLV",8,521.183126625263,"kt"
1940,"CO2","SLV",9,504.370767701867,"kt"
1940,"CO2","SLV",10,521.183126625263,"kt"
1940,"CO2","SLV",11,504.370767701867,"kt"
1940,"CO2","SLV",12,521.183126625263,"kt"
1940,"CO2","WST",1,33.6667423402145,"kt"
1940,"CO2","WST",2,30.4086705008389,"kt"
1940,"CO2","WST",3,33.6667423402145,"kt"
1940,"CO2","WST",4,32.580718393756,"kt"
1940,"CO2","WST",5,33.6667423402145,"kt"
1940,"CO2","WST",6,32.580718393756,"kt"
1940,"CO2","WST",7,33.6667423402145,"kt"
1940,"CO2","WST",8,33.6667423402145,"kt"
1940,"CO2","WST",9,32.580718393756,"kt"
1940,"CO2","WST",10,33.6667423402145,"kt"
1940,"CO2","WST",11,32.580718393756,"kt"
1940,"CO2","WST",12,33.6667423402145,"kt"
1940,"CO2","SHP",1,11853.6985193309,"kt"
1940,"CO2","SHP",2,10172.4443150451,"kt"
1940,"CO2","SHP",3,12432.8569871827,"kt"
1940,"CO2","SHP",4,11936.0522487919,"kt"
1940,"CO2","SHP",5,12550.1185384111,"kt"
1940,"CO2","SHP",6,11672.530804301,"kt"
1940,"CO2","SHP",7,12906.8719954754,"kt"
1940,"CO2","SHP",8,13084.4940302122,"kt"
1940,"CO2","SHP",9,12457.2754522497,"kt"
1940,"CO2","SHP",10,13391.4182556388,"kt"
1940,"CO2","SHP",11,13037.9576421394,"kt"
1940,"CO2","SHP",12,13171.9312486311,"kt"
1940,"CO2","RCO",1,126329.194002693,"kt"
1940,"CO2","RCO",2,98526.3851530867,"kt"
1940,"CO2","RCO",3,90676.621097327,"kt"
1940,"CO2","RCO",4,54252.5101390669,"kt"
1940,"CO2","RCO",5,38916.8787465072,"kt"
1940,"CO2","RCO",6,35623.0811488874,"kt"
1940,"CO2","RCO",7,37857.7034226309,"kt"
1940,"CO2","RCO",8,37779.8321260231,"kt"
1940,"CO2","RCO",9,35862.6264407739,"kt"
1940,"CO2","RCO",10,48564.3365702107,"kt"
1940,"CO2","RCO",11,76314.4977825816,"kt"
1940,"CO2","RCO",12,121558.641385764,"kt"
1941,"CO2","AGR",1,0,"kt"
1941,"CO2","AGR",2,0,"kt"
1941,"CO2","AGR",3,0,"kt"
1941,"CO2","AGR",4,0,"kt"
1941,"CO2","AGR",5,0,"kt"
1941,"CO2","AGR",6,0,"kt"
1941,"CO2","AGR",7,0,"kt"
1941,"CO2","AGR",8,0,"kt"
1941,"CO2","AGR",9,0,"kt"
1941,"CO2","AGR",10,0,"kt"
1941,"CO2","AGR",11,0,"kt"
1941,"CO2","AGR",12,0,"kt"
1941,"CO2","ENE",1,184668.603272548,"kt"
1941,"CO2","ENE",2,155183.506711053,"kt"
1941,"CO2","ENE",3,159866.629597279,"kt"
1941,"CO2","ENE",4,145362.003750661,"kt"
1941,"CO2","ENE",5,146137.837868186,"kt"
1941,"CO2","ENE",6,144569.902395012,"kt"
1941,"CO2","ENE",7,154137.898147392,"kt"
1941,"CO2","ENE",8,152785.847221444,"kt"
1941,"CO2","ENE",9,142078.491088358,"kt"
1941,"CO2","ENE",10,148845.962111394,"kt"
1941,"CO2","ENE",11,151116.806638484,"kt"
1941,"CO2","ENE",12,175991.032076774,"kt"
1941,"CO2","IND",1,157917.630658726,"kt"
1941,"CO2","IND",2,142876.123170083,"kt"
1941,"CO2","IND",3,143335.4080959,"kt"
1941,"CO2","IND",4,139227.77925144,"kt"
1941,"CO2","IND",5,122128.695664897,"kt"
1941,"CO2","IND",6,111520.216675572,"kt"
1941,"CO2","IND",7,107813.121667365,"kt"
1941,"CO2","IND",8,115237.557231425,"kt"
1941,"CO2","IND",9,111004.122678229,"kt"
1941,"CO2","IND",10,129553.131228957,"kt"
1941,"CO2","IND",11,138969.732252769,"kt"
1941,"CO2","IND",12,158184.27922402,"kt"
1941,"CO2","TRA",1,43598.3797041656,"kt"
1941,"CO2","TRA",2,39379.1816682786,"kt"
1941,"CO2","TRA",3,43598.3797041656,"kt"
1941,"CO2","TRA",4,42191.9803588699,"kt"
1941,"CO2","TRA",5,43598.3797041656,"kt"
1941,"CO2","TRA",6,42191.9803588699,"kt"
1941,"CO2","TRA",7,43598.3797041656,"kt"
1941,"CO2","TRA",8,43598.3797041656,"kt"
1941,"CO2","TRA",9,42191.9803588699,"kt"
1941,"CO2","TRA",10,43598.3797041656,"kt"
1941,"CO2","TRA",11,42191.9803588699,"kt"
1941,"CO2","TRA",12,43598.3797041656,"kt"
1941,"CO2","SLV",1,531.952523148215,"kt"
1941,"CO2","SLV",2,480.473246714517,"kt"
1941,"CO2","SLV",3,531.952523148215,"kt"
1941,"CO2","SLV",4,514.792764336982,"kt"
1941,"CO2","SLV",5,531.952523148215,"kt"
1941,"CO2","SLV",6,514.792764336982,"kt"
1941,"CO2","SLV",7,531.952523148215,"kt"
1941,"CO2","SLV",8,531.952523148215,"kt"
1941,"CO2","SLV",9,514.792764336982,"kt"
1941,"CO2","SLV",10,531.952523148215,"kt"
1941,"CO2","SLV",11,514.792764336982,"kt"
1941,"CO2","SLV",12,531.952523148215,"kt"
1941,"CO2","WST",1,35.1284320453162,"kt"
1941,"CO2","WST",2,31.7289063635114,"kt"
1941,"CO2","WST",3,35.1284320453162,"kt"
1941,"CO2","WST",4,33.9952568180479,"kt"
1941,"CO2","WST",5,35.1284320453162,"kt"
1941,"CO2","WST",6,33.9952568180479,"kt"
1941,"CO2","WST",7,35.1284320453162,"kt"
1941,"CO2","WST",8,35.1284320453162,"kt"
1941,"CO2","WST",9,33.9952568180479,"kt"
1941,"CO2","WST",10,35.1284320453162,"kt"
1941,"CO2","WST",11,33.9952568180479,"kt"
1941,"CO2","WST",12,35.1284320453162,"kt"
1941,"CO2","SHP",1,12886.6092263209,"kt"
1941,"CO2","SHP",2,11058.8534498931,"kt"
1941,"CO2","SHP",3,13516.2345574485,"kt"
1941,"CO2","SHP",4,12976.1391167734,"kt"
1941,"CO2","SHP",5,13643.7140766457,"kt"
1941,"CO2","SHP",6,12689.654871171,"kt"
1941,"CO2","SHP",7,14031.5544105152,"kt"
1941,"CO2","SHP",8,14224.6541209477,"kt"
1941,"CO2","SHP",9,13542.7808051628,"kt"
1941,"CO2","SHP",10,14558.3231904549,"kt"
1941,"CO2","SHP",11,14174.062632821,"kt"
1941,"CO2","SHP",12,14319.7104667594,"kt"
1941,"CO2","RCO",1,128716.092396537,"kt"
1941,"CO2","RCO",2,100272.558136669,"kt"
1941,"CO2","RCO",3,91968.1248947485,"kt"
1941,"CO2","RCO",4,55060.4507362291,"kt"
1941,"CO2","RCO",5,39890.7735747463,"kt"
1941,"CO2","RCO",6,36600.4314107258,"kt"
1941,"CO2","RCO",7,38904.8039787176,"kt"
1941,"CO2","RCO",8,38820.4748847769,"kt"
1941,"CO2","RCO",9,36804.3134762857,"kt"
1941,"CO2","RCO",10,49188.3491427684,"kt"
1941,"CO2","RCO",11,77148.2510389516,"kt"
1941,"CO2","RCO",12,123869.844716682,"kt"
1942,"CO2","AGR",1,0,"kt"
1942,"CO2","AGR",2,0,"kt"
1942,"CO2","AGR",3,0,"kt"
1942,"CO2","AGR",4,0,"kt"
1942,"CO2","AGR",5,0,"kt"
1942,"CO2","AGR",6,0,"kt"
1942,"CO2","AGR",7,0,"kt"
1942,"CO2","AGR",8,0,"kt"
1942,"CO2","AGR",9,0,"kt"
1942,"CO2","AGR",10,0,"kt"
1942,"CO2","AGR",11,0,"kt"
1942,"CO2","AGR",12,0,"kt"
1942,"CO2","ENE",1,184509.114498511,"kt"
1942,"CO2","ENE",2,154739.37638847,"kt"
1942,"CO2","ENE",3,160105.990025623,"kt"
1942,"CO2","ENE",4,145300.562374282,"kt"
1942,"CO2","ENE",5,147949.507051116,"kt"
1942,"CO2","ENE",6,148010.81839804,"kt"
1942,"CO2","ENE",7,158647.261401054,"kt"
1942,"CO2","ENE",8,157315.494427147,"kt"
1942,"CO2","ENE",9,144619.926748394,"kt"
1942,"CO2","ENE",10,149560.825708874,"kt"
1942,"CO2","ENE",11,150962.643412817,"kt"
1942,"CO2","ENE",12,176325.18412687,"kt"
1942,"CO2","IND",1,156577.77239543,"kt"
1942,"CO2","IND",2,141675.962525585,"kt"
1942,"CO2","IND",3,142094.392354077,"kt"
1942,"CO2","IND",4,138048.297523837,"kt"
1942,"CO2","IND",5,121063.716151075,"kt"
1942,"CO2","IND",6,110553.544302401,"kt"
1942,"CO2","IND",7,106858.093653333,"kt"
1942,"CO2","IND",8,114238.662445814,"kt"
1942,"CO2","IND",9,110015.949056703,"kt"
1942,"CO2","IND",10,128444.284943556,"kt"
1942,"CO2","IND",11,137779.499900988,"kt"
1942,"CO2","IND",12,156855.52993904,"kt"
1942,"CO2","TRA",1,42567.4486395268,"kt"
1942,"CO2","TRA",2,38448.0181260242,"kt"
1942,"CO2","TRA",3,42567.4486395268,"kt"
1942,"CO2","TRA",4,41194.3051350259,"kt"
1942,"CO2","TRA",5,42567.4486395268,"kt"
1942,"CO2","TRA",6,41194.3051350259,"kt"
1942,"CO2","TRA",7,42567.4486395268,"kt"
1942,"CO2","TRA",8,42567.4486395268,"kt"
1942,"CO2","TRA",9,41194.3051350259,"kt"
1942,"CO2","TRA",10,42567.4486395268,"kt"
1942,"CO2","TRA",11,41194.3051350259,"kt"
1942,"CO2","TRA",12,42567.4486395268,"kt"
1942,"CO2","SLV",1,499.913890663438,"kt"
1942,"CO2","SLV",2,451.535127050847,"kt"
1942,"CO2","SLV",3,499.913890663438,"kt"
1942,"CO2","SLV",4,483.787636125908,"kt"
1942,"CO2","SLV",5,499.913890663438,"kt"
1942,"CO2","SLV",6,483.787636125908,"kt"
1942,"CO2","SLV",7,499.913890663438,"kt"
1942,"CO2","SLV",8,499.913890663438,"kt"
1942,"CO2","SLV",9,483.787636125908,"kt"
1942,"CO2","SLV",10,499.913890663438,"kt"
1942,"CO2","SLV",11,483.787636125908,"kt"
1942,"CO2","SLV",12,499.913890663438,"kt"
1942,"CO2","WST",1,36.6203666843979,"kt"
1942,"CO2","WST",2,33.076460231069,"kt"
1942,"CO2","WST",3,36.6203666843979,"kt"
1942,"CO2","WST",4,35.4390645332882,"kt"
1942,"CO2","WST",5,36.6203666843979,"kt"
1942,"CO2","WST",6,35.4390645332882,"kt"
1942,"CO2","WST",7,36.6203666843979,"kt"
1942,"CO2","WST",8,36.6203666843979,"kt"
1942,"CO2","WST",9,35.4390645332882,"kt"
1942,"CO2","WST",10,36.6203666843979,"kt"
1942,"CO2","WST",11,35.4390645332882,"kt"
1942,"CO2","WST",12,36.6203666843979,"kt"
1942,"CO2","SHP",1,13919.5199333108,"kt"
1942,"CO2","SHP",2,11945.262584741,"kt"
1942,"CO2","SHP",3,14599.6121277143,"kt"
1942,"CO2","SHP",4,14016.225984755,"kt"
1942,"CO2","SHP",5,14737.3096148802,"kt"
1942,"CO2","SHP",6,13706.7789380409,"kt"
1942,"CO2","SHP",7,15156.236825555,"kt"
1942,"CO2","SHP",8,15364.8142116833,"kt"
1942,"CO2","SHP",9,14628.2861580758,"kt"
1942,"CO2","SHP",10,15725.2281252711,"kt"
1942,"CO2","SHP",11,15310.1676235026,"kt"
1942,"CO2","SHP",12,15467.4896848877,"kt"
1942,"CO2","RCO",1,129542.817538545,"kt"
1942,"CO2","RCO",2,100711.163744873,"kt"
1942,"CO2","RCO",3,91761.3894910959,"kt"
1942,"CO2","RCO",4,55065.085501159,"kt"
1942,"CO2","RCO",5,40319.7047932042,"kt"
1942,"CO2","RCO",6,37089.4201236347,"kt"
1942,"CO2","RCO",7,39444.0004671611,"kt"
1942,"CO2","RCO",8,39350.6128690586,"kt"
1942,"CO2","RCO",9,37227.4557772166,"kt"
1942,"CO2","RCO",10,48789.7767331334,"kt"
1942,"CO2","RCO",11,76666.9348172747,"kt"
1942,"CO2","RCO",12,124601.053890173,"kt"
1943,"CO2","AGR",1,0,"kt"
1943,"CO2","AGR",2,0,"kt"
1943,"CO2","AGR",3,0,"kt"
1943,"CO2","AGR",4,0,"kt"
1943,"CO2","AGR",5,0,"kt"
1943,"CO2","AGR",6,0,"kt"
1943,"CO2","AGR",7,0,"kt"
1943,"CO2","AGR",8,0,"kt"
1943,"CO2","AGR",9,0,"kt"
1943,"CO2","AGR",10,0,"kt"
1943,"CO2","AGR",11,0,"kt"
1943,"CO2","AGR",12,0,"kt"
1943,"CO2","ENE",1,193154.414350355,"kt"
1943,"CO2","ENE",2,161896.829029441,"kt"
1943,"CO2","ENE",3,167266.714838091,"kt"
1943,"CO2","ENE",4,151919.0769309,"kt"
1943,"CO2","ENE",5,154312.612503011,"kt"
1943,"CO2","ENE",6,153818.613049222,"kt"
1943,"CO2","ENE",7,164636.675079156,"kt"
1943,"CO2","ENE",8,163316.752770836,"kt"
1943,"CO2","ENE",9,150435.003398399,"kt"
1943,"CO2","ENE",10,156196.031992635,"kt"
1943,"CO2","ENE",11,158089.031542898,"kt"
1943,"CO2","ENE",12,184582.610251462,"kt"
1943,"CO2","IND",1,157857.555892905,"kt"
1943,"CO2","IND",2,142836.06701379,"kt"
1943,"CO2","IND",3,143222.50266289,"kt"
1943,"CO2","IND",4,139148.955048845,"kt"
1943,"CO2","IND",5,121975.861427347,"kt"
1943,"CO2","IND",6,111369.578688413,"kt"
1943,"CO2","IND",7,107623.183641123,"kt"
1943,"CO2","IND",8,115081.897978027,"kt"
1943,"CO2","IND",9,110823.045571397,"kt"
1943,"CO2","IND",10,129434.57576425,"kt"
1943,"CO2","IND",11,138875.688490337,"kt"
1943,"CO2","IND",12,158139.931336697,"kt"
1943,"CO2","TRA",1,44382.4964797048,"kt"
1943,"CO2","TRA",2,40087.4161752172,"kt"
1943,"CO2","TRA",3,44382.4964797048,"kt"
1943,"CO2","TRA",4,42950.8030448756,"kt"
1943,"CO2","TRA",5,44382.4964797048,"kt"
1943,"CO2","TRA",6,42950.8030448756,"kt"
1943,"CO2","TRA",7,44382.4964797048,"kt"
1943,"CO2","TRA",8,44382.4964797048,"kt"
1943,"CO2","TRA",9,42950.8030448756,"kt"
1943,"CO2","TRA",10,44382.4964797048,"kt"
1943,"CO2","TRA",11,42950.8030448756,"kt"
1943,"CO2","TRA",12,44382.4964797048,"kt"
1943,"CO2","SLV",1,524.359404003649,"kt"
1943,"CO2","SLV",2,473.614945551683,"kt"
1943,"CO2","SLV",3,524.359404003649,"kt"
1943,"CO2","SLV",4,507.44458451966,"kt"
1943,"CO2","SLV",5,524.359404003649,"kt"
1943,"CO2","SLV",6,507.44458451966,"kt"
1943,"CO2","SLV",7,524.359404003649,"kt"
1943,"CO2","SLV",8,524.359404003649,"kt"
1943,"CO2","SLV",9,507.44458451966,"kt"
1943,"CO2","SLV",10,524.359404003649,"kt"
1943,"CO2","SLV",11,507.44458451966,"kt"
1943,"CO2","SLV",12,524.359404003649,"kt"
1943,"CO2","WST",1,38.1425462574599,"kt"
1943,"CO2","WST",2,34.4513321035122,"kt"
1943,"CO2","WST",3,38.1425462574599,"kt"
1943,"CO2","WST",4,36.9121415394773,"kt"
1943,"CO2","WST",5,38.1425462574599,"kt"
1943,"CO2","WST",6,36.9121415394773,"kt"
1943,"CO2","WST",7,38.1425462574599,"kt"
1943,"CO2","WST",8,38.1425462574599,"kt"
1943,"CO2","WST",9,36.9121415394773,"kt"
1943,"CO2","WST",10,38.1425462574599,"kt"
1943,"CO2","WST",11,36.9121415394773,"kt"
1943,"CO2","WST",12,38.1425462574599,"kt"
1943,"CO2","SHP",1,14952.4306403007,"kt"
1943,"CO2","SHP",2,12831.671719589,"kt"
1943,"CO2","SHP",3,15682.9896979801,"kt"
1943,"CO2","SHP",4,15056.3128527365,"kt"
1943,"CO2","SHP",5,15830.9051531148,"kt"
1943,"CO2","SHP",6,14723.9030049109,"kt"
1943,"CO2","SHP",7,16280.9192405949,"kt"
1943,"CO2","SHP",8,16504.9743024188,"kt"
1943,"CO2","SHP",9,15713.7915109889,"kt"
1943,"CO2","SHP",10,16892.1330600872,"kt"
1943,"CO2","SHP",11,16446.2726141842,"kt"
1943,"CO2","SHP",12,16615.268903016,"kt"
1943,"CO2","RCO",1,134238.088287874,"kt"
1943,"CO2","RCO",2,104515.1635153,"kt"
1943,"CO2","RCO",3,95952.4321772375,"kt"
1943,"CO2","RCO",4,56975.4739833825,"kt"
1943,"CO2","RCO",5,41369.6936626182,"kt"
1943,"CO2","RCO",6,37997.9513352084,"kt"
1943,"CO2","RCO",7,40399.9277841323,"kt"
1943,"CO2","RCO",8,40306.52504493,"kt"
1943,"CO2","RCO",9,38181.2752336694,"kt"
1943,"CO2","RCO",10,50776.1687429725,"kt"
1943,"CO2","RCO",11,80270.5917735012,"kt"
1943,"CO2","RCO",12,129363.27256993,"kt"
1944,"CO2","AGR",1,0,"kt"
1944,"CO2","AGR",2,0,"kt"
1944,"CO2","AGR",3,0,"kt"
1944,"CO2","AGR",4,0,"kt"
1944,"CO2","AGR",5,0,"kt"
1944,"CO2","AGR",6,0,"kt"
1944,"CO2","AGR",7,0,"kt"
1944,"CO2","AGR",8,0,"kt"
1944,"CO2","AGR",9,0,"kt"
1944,"CO2","AGR",10,0,"kt"
1944,"CO2","AGR",11,0,"kt"
1944,"CO2","AGR",12,0,"kt"
1944,"CO2","ENE",1,185721.03521431,"kt"
1944,"CO2","ENE",2,155167.101231469,"kt"
1944,"CO2","ENE",3,161845.207362861,"kt"
1944,"CO2","ENE",4,146874.882265994,"kt"
1944,"CO2","ENE",5,151061.973580898,"kt"
1944,"CO2","ENE",6,152420.788786967,"kt"
1944,"CO2","ENE",7,163891.914606013,"kt"
1944,"CO2","ENE",8,162473.927543876,"kt"
1944,"CO2","ENE",9,148115.342287743,"kt"
1944,"CO2","ENE",10,152054.761435958,"kt"
1944,"CO2","ENE",11,152707.870551942,"kt"
1944,"CO2","ENE",12,178494.533893214,"kt"
1944,"CO2","IND",1,152193.630384248,"kt"
1944,"CO2","IND",2,137729.692529348,"kt"
1944,"CO2","IND",3,138113.841132922,"kt"
1944,"CO2","IND",4,134225.29448238,"kt"
1944,"CO2","IND",5,117726.194546189,"kt"
1944,"CO2","IND",6,107540.828027109,"kt"
1944,"CO2","IND",7,103939.220210966,"kt"
1944,"CO2","IND",8,111125.52229468,"kt"
1944,"CO2","IND",9,106974.089479815,"kt"
1944,"CO2","IND",10,124912.496629903,"kt"
1944,"CO2","IND",11,133941.925208733,"kt"
1944,"CO2","IND",12,152486.445300349,"kt"
1944,"CO2","TRA",1,48173.5753882344,"kt"
1944,"CO2","TRA",2,43511.6164796956,"kt"
1944,"CO2","TRA",3,48173.5753882344,"kt"
1944,"CO2","TRA",4,46619.5890853881,"kt"
1944,"CO2","TRA",5,48173.5753882344,"kt"
1944,"CO2","TRA",6,46619.5890853881,"kt"
1944,"CO2","TRA",7,48173.5753882344,"kt"
1944,"CO2","TRA",8,48173.5753882344,"kt"
1944,"CO2","TRA",9,46619.5890853881,"kt"
1944,"CO2","TRA",10,48173.5753882344,"kt"
1944,"CO2","TRA",11,46619.5890853881,"kt"
1944,"CO2","TRA",12,48173.5753882344,"kt"
1944,"CO2","SLV",1,596.403088799446,"kt"
1944,"CO2","SLV",2,538.686660851113,"kt"
1944,"CO2","SLV",3,596.403088799446,"kt"
1944,"CO2","SLV",4,577.164279483335,"kt"
1944,"CO2","SLV",5,596.403088799446,"kt"
1944,"CO2","SLV",6,577.164279483335,"kt"
1944,"CO2","SLV",7,596.403088799446,"kt"
1944,"CO2","SLV",8,596.403088799446,"kt"
1944,"CO2","SLV",9,577.164279483335,"kt"
1944,"CO2","SLV",10,596.403088799446,"kt"
1944,"CO2","SLV",11,577.164279483335,"kt"
1944,"CO2","SLV",12,596.403088799446,"kt"
1944,"CO2","WST",1,39.6949707645022,"kt"
1944,"CO2","WST",2,35.8535219808407,"kt"
1944,"CO2","WST",3,39.6949707645022,"kt"
1944,"CO2","WST",4,38.414487836615,"kt"
1944,"CO2","WST",5,39.6949707645022,"kt"
1944,"CO2","WST",6,38.414487836615,"kt"
1944,"CO2","WST",7,39.6949707645022,"kt"
1944,"CO2","WST",8,39.6949707645022,"kt"
1944,"CO2","WST",9,38.414487836615,"kt"
1944,"CO2","WST",10,39.6949707645022,"kt"
1944,"CO2","WST",11,38.414487836615,"kt"
1944,"CO2","WST",12,39.6949707645022,"kt"
1944,"CO2","SHP",1,15985.3413472906,"kt"
1944,"CO2","SHP",2,13718.0808544369,"kt"
1944,"CO2","SHP",3,16766.3672682457,"kt"
1944,"CO2","SHP",4,16096.399720718,"kt"
1944,"CO2","SHP",5,16924.5006913493,"kt"
1944,"CO2","SHP",6,15741.0270717808,"kt"
1944,"CO2","SHP",7,17405.6016556346,"kt"
1944,"CO2","SHP",8,17645.1343931543,"kt"
1944,"CO2","SHP",9,16799.2968639019,"kt"
1944,"CO2","SHP",10,18059.0379949032,"kt"
1944,"CO2","SHP",11,17582.3776048658,"kt"
1944,"CO2","SHP",12,17763.0481211443,"kt"
1944,"CO2","RCO",1,131057.249470223,"kt"
1944,"CO2","RCO",2,102235.07033535,"kt"
1944,"CO2","RCO",3,93880.4861690158,"kt"
1944,"CO2","RCO",4,55855.5124074116,"kt"
1944,"CO2","RCO",5,41096.0943782572,"kt"
1944,"CO2","RCO",6,37820.1119034775,"kt"
1944,"CO2","RCO",7,40202.9663889335,"kt"
1944,"CO2","RCO",8,40101.037747595,"kt"
1944,"CO2","RCO",9,37966.2754738568,"kt"
1944,"CO2","RCO",10,49861.8570393781,"kt"
1944,"CO2","RCO",11,78176.7624402495,"kt"
1944,"CO2","RCO",12,126448.752337181,"kt"
1945,"CO2","AGR",1,0,"kt"
1945,"CO2","AGR",2,0,"kt"
1945,"CO2","AGR",3,0,"kt"
1945,"CO2","AGR",4,0,"kt"
1945,"CO2","AGR",5,0,"kt"
1945,"CO2","AGR",6,0,"kt"
1945,"CO2","AGR",7,0,"kt"
1945,"CO2","AGR",8,0,"kt"
1945,"CO2","AGR",9,0,"kt"
1945,"CO2","AGR",10,0,"kt"
1945,"CO2","AGR",11,0,"kt"
1945,"CO2","AGR",12,0,"kt"
1945,"CO2","ENE",1,150541.185958824,"kt"
1945,"CO2","ENE",2,124338.058072285,"kt"
1945,"CO2","ENE",3,131231.662707538,"kt"
1945,"CO2","ENE",4,118766.806808599,"kt"
1945,"CO2","ENE",5,123911.257882421,"kt"
1945,"CO2","ENE",6,126211.030291457,"kt"
1945,"CO2","ENE",7,136541.863062448,"kt"
1945,"CO2","ENE",8,134636.31862302,"kt"
1945,"CO2","ENE",9,120431.187284058,"kt"
1945,"CO2","ENE",10,122562.594855398,"kt"
1945,"CO2","ENE",11,123337.315083854,"kt"
1945,"CO2","ENE",12,146408.182598442,"kt"
1945,"CO2","IND",1,125666.190515995,"kt"
1945,"CO2","IND",2,113771.892514931,"kt"
1945,"CO2","IND",3,114163.241338893,"kt"
1945,"CO2","IND",4,111052.58379674,"kt"
1945,"CO2","IND",5,97647.6866370801,"kt"
1945,"CO2","IND",6,89360.8388582255,"kt"
1945,"CO2","IND",7,86440.2850855141,"kt"
1945,"CO2","IND",8,92339.533486833,"kt"
1945,"CO2","IND",9,88788.8111958979,"kt"
1945,"CO2","IND",10,103546.935038399,"kt"
1945,"CO2","IND",11,110766.569965577,"kt"
1945,"CO2","IND",12,125961.738141531,"kt"
1945,"CO2","TRA",1,44909.3752904929,"kt"
1945,"CO2","TRA",2,40563.3067139936,"kt"
1945,"CO2","TRA",3,44909.3752904929,"kt"
1945,"CO2","TRA",4,43460.6857649932,"kt"
1945,"CO2","TRA",5,44909.3752904929,"kt"
1945,"CO2","TRA",6,43460.6857649932,"kt"
1945,"CO2","TRA",7,44909.3752904929,"kt"
1945,"CO2","TRA",8,44909.3752904929,"kt"
1945,"CO2","TRA",9,43460.6857649932,"kt"
1945,"CO2","TRA",10,44909.3752904929,"kt"
1945,"CO2","TRA",11,43460.6857649932,"kt"
1945,"CO2","TRA",12,44909.3752904929,"kt"
1945,"CO2","SLV",1,547.529615193775,"kt"
1945,"CO2","SLV",2,494.542878239539,"kt"
1945,"CO2","SLV",3,547.529615193775,"kt"
1945,"CO2","SLV",4,529.867369542363,"kt"
1945,"CO2","SLV",5,547.529615193775,"kt"
1945,"CO2","SLV",6,529.867369542363,"kt"
1945,"CO2","SLV",7,547.529615193775,"kt"
1945,"CO2","SLV",8,547.529615193775,"kt"
1945,"CO2","SLV",9,529.867369542363,"kt"
1945,"CO2","SLV",10,547.529615193775,"kt"
1945,"CO2","SLV",11,529.867369542363,"kt"
1945,"CO2","SLV",12,547.529615193775,"kt"
1945,"CO2","WST",1,41.2776402055251,"kt"
1945,"CO2","WST",2,37.2830298630549,"kt"
1945,"CO2","WST",3,41.2776402055251,"kt"
1945,"CO2","WST",4,39.9461034247017,"kt"
1945,"CO2","WST",5,41.2776402055251,"kt"
1945,"CO2","WST",6,39.9461034247017,"kt"
1945,"CO2","WST",7,41.2776402055251,"kt"
1945,"CO2","WST",8,41.2776402055251,"kt"
1945,"CO2","WST",9,39.9461034247017,"kt"
1945,"CO2","WST",10,41.2776402055251,"kt"
1945,"CO2","WST",11,39.9461034247017,"kt"
1945,"CO2","WST",12,41.2776402055251,"kt"
1945,"CO2","SHP",1,17018.2520542806,"kt"
1945,"CO2","SHP",2,14604.489989285,"kt"
1945,"CO2","SHP",3,17849.7448385116,"kt"
1945,"CO2","SHP",4,17136.4865886996,"kt"
1945,"CO2","SHP",5,18018.0962295839,"kt"
1945,"CO2","SHP",6,16758.1511386508,"kt"
1945,"CO2","SHP",7,18530.2840706745,"kt"
1945,"CO2","SHP",8,18785.2944838899,"kt"
1945,"CO2","SHP",9,17884.8022168151,"kt"
1945,"CO2","SHP",10,19225.9429297194,"kt"
1945,"CO2","SHP",11,18718.4825955475,"kt"
1945,"CO2","SHP",12,18910.8273392727,"kt"
1945,"CO2","RCO",1,110504.302419437,"kt"
1945,"CO2","RCO",2,86774.895308783,"kt"
1945,"CO2","RCO",3,79986.5891311714,"kt"
1945,"CO2","RCO",4,48348.5631107196,"kt"
1945,"CO2","RCO",5,36056.2883374465,"kt"
1945,"CO2","RCO",6,33118.7281615218,"kt"
1945,"CO2","RCO",7,35200.8881681052,"kt"
1945,"CO2","RCO",8,35096.8403720957,"kt"
1945,"CO2","RCO",9,33265.059223563,"kt"
1945,"CO2","RCO",10,43622.8668614235,"kt"
1945,"CO2","RCO",11,66311.541190315,"kt"
1945,"CO2","RCO",12,107275.589034772,"kt"
1946,"CO2","AGR",1,0,"kt"
1946,"CO2","AGR",2,0,"kt"
1946,"CO2","AGR",3,0,"kt"
1946,"CO2","AGR",4,0,"kt"
1946,"CO2","AGR",5,0,"kt"
1946,"CO2","AGR",6,0,"kt"
1946,"CO2","AGR",7,0,"kt"
1946,"CO2","AGR",8,0,"kt"
1946,"CO2","AGR",9,0,"kt"
1946,"CO2","AGR",10,0,"kt"
1946,"CO2","AGR",11,0,"kt"
1946,"CO2","AGR",12,0,"kt"
1946,"CO2","ENE",1,169538.357505378,"kt"
1946,"CO2","ENE",2,141152.865720039,"kt"
1946,"CO2","ENE",3,146761.097436324,"kt"
1946,"CO2","ENE",4,133194.89438751,"kt"
1946,"CO2","ENE",5,136078.674542301,"kt"
1946,"CO2","ENE",6,135855.869333328,"kt"
1946,"CO2","ENE",7,145796.971288329,"kt"
1946,"CO2","ENE",8,144065.765031302,"kt"
1946,"CO2","ENE",9,131386.562962518,"kt"
1946,"CO2","ENE",10,136179.888921711,"kt"
1946,"CO2","ENE",11,138432.451188104,"kt"
1946,"CO2","ENE",12,163268.043703025,"kt"
1946,"CO2","IND",1,139720.338169519,"kt"
1946,"CO2","IND",2,126482.748178694,"kt"
1946,"CO2","IND",3,126914.053069322,"kt"
1946,"CO2","IND",4,123428.050767061,"kt"
1946,"CO2","IND",5,108489.957989827,"kt"
1946,"CO2","IND",6,99249.6919182662,"kt"
1946,"CO2","IND",7,95997.8059179495,"kt"
1946,"CO2","IND",8,102558.014982208,"kt"
1946,"CO2","IND",9,98641.6925086138,"kt"
1946,"CO2","IND",10,115050.167054086,"kt"
1946,"CO2","IND",11,123124.051062234,"kt"
1946,"CO2","IND",12,140034.47119784,"kt"
1946,"CO2","TRA",1,46676.8163384053,"kt"
1946,"CO2","TRA",2,42159.7050798499,"kt"
1946,"CO2","TRA",3,46676.8163384053,"kt"
1946,"CO2","TRA",4,45171.1125855535,"kt"
1946,"CO2","TRA",5,46676.8163384053,"kt"
1946,"CO2","TRA",6,45171.1125855535,"kt"
1946,"CO2","TRA",7,46676.8163384053,"kt"
1946,"CO2","TRA",8,46676.8163384053,"kt"
1946,"CO2","TRA",9,45171.1125855535,"kt"
1946,"CO2","TRA",10,46676.8163384053,"kt"
1946,"CO2","TRA",11,45171.1125855535,"kt"
1946,"CO2","TRA",12,46676.8163384053,"kt"
1946,"CO2","SLV",1,581.232972265114,"kt"
1946,"CO2","SLV",2,524.984620110426,"kt"
1946,"CO2","SLV",3,581.232972265114,"kt"
1946,"CO2","SLV",4,562.483521546885,"kt"
1946,"CO2","SLV",5,581.232972265114,"kt"
1946,"CO2","SLV",6,562.483521546885,"kt"
1946,"CO2","SLV",7,581.232972265114,"kt"
1946,"CO2","SLV",8,581.232972265114,"kt"
1946,"CO2","SLV",9,562.483521546885,"kt"
1946,"CO2","SLV",10,581.232972265114,"kt"
1946,"CO2","SLV",11,562.483521546885,"kt"
1946,"CO2","SLV",12,581.232972265114,"kt"
1946,"CO2","WST",1,42.8905545805281,"kt"
1946,"CO2","WST",2,38.7398557501544,"kt"
1946,"CO2","WST",3,42.8905545805281,"kt"
1946,"CO2","WST",4,41.5069883037369,"kt"
1946,"CO2","WST",5,42.8905545805281,"kt"
1946,"CO2","WST",6,41.5069883037369,"kt"
1946,"CO2","WST",7,42.8905545805281,"kt"
1946,"CO2","WST",8,42.8905545805281,"kt"
1946,"CO2","WST",9,41.5069883037369,"kt"
1946,"CO2","WST",10,42.8905545805281,"kt"
1946,"CO2","WST",11,41.5069883037369,"kt"
1946,"CO2","WST",12,42.8905545805281,"kt"
1946,"CO2","SHP",1,18051.1627612705,"kt"
1946,"CO2","SHP",2,15490.8991241329,"kt"
1946,"CO2","SHP",3,18933.1224087773,"kt"
1946,"CO2","SHP",4,18176.5734566811,"kt"
1946,"CO2","SHP",5,19111.6917678184,"kt"
1946,"CO2","SHP",6,17775.2752055207,"kt"
1946,"CO2","SHP",7,19654.9664857142,"kt"
1946,"CO2","SHP",8,19925.4545746254,"kt"
1946,"CO2","SHP",9,18970.3075697281,"kt"
1946,"CO2","SHP",10,20392.8478645355,"kt"
1946,"CO2","SHP",11,19854.587586229,"kt"
1946,"CO2","SHP",12,20058.6065574009,"kt"
1946,"CO2","RCO",1,122888.272091781,"kt"
1946,"CO2","RCO",2,96205.4310014919,"kt"
1946,"CO2","RCO",3,88794.5629848085,"kt"
1946,"CO2","RCO",4,53483.1965302714,"kt"
1946,"CO2","RCO",5,39322.5698109497,"kt"
1946,"CO2","RCO",6,36060.7398241527,"kt"
1946,"CO2","RCO",7,38325.3087902373,"kt"
1946,"CO2","RCO",8,38219.8980351781,"kt"
1946,"CO2","RCO",9,36256.4075344519,"kt"
1946,"CO2","RCO",10,48064.2136123836,"kt"
1946,"CO2","RCO",11,74156.3609811687,"kt"
1946,"CO2","RCO",12,119080.492421679,"kt"
1947,"CO2","AGR",1,0,"kt"
1947,"CO2","AGR",2,0,"kt"
1947,"CO2","AGR",3,0,"kt"
1947,"CO2","AGR",4,0,"kt"
1947,"CO2","AGR",5,0,"kt"
1947,"CO2","AGR",6,0,"kt"
1947,"CO2","AGR",7,0,"kt"
1947,"CO2","AGR",8,0,"kt"
1947,"CO2","AGR",9,0,"kt"
1947,"CO2","AGR",10,0,"kt"
1947,"CO2","AGR",11,0,"kt"
1947,"CO2","AGR",12,0,"kt"
1947,"CO2","ENE",1,191507.747075524,"kt"
1947,"CO2","ENE",2,159464.117225149,"kt"
1947,"CO2","ENE",3,165363.594389103,"kt"
1947,"CO2","ENE",4,150088.792664596,"kt"
1947,"CO2","ENE",5,153086.999410115,"kt"
1947,"CO2","ENE",6,152503.927728266,"kt"
1947,"CO2","ENE",7,163534.545560894,"kt"
1947,"CO2","ENE",8,161685.297868599,"kt"
1947,"CO2","ENE",9,147732.162900307,"kt"
1947,"CO2","ENE",10,153521.611172555,"kt"
1947,"CO2","ENE",11,156293.93463865,"kt"
1947,"CO2","ENE",12,184210.58140072,"kt"
1947,"CO2","IND",1,158381.715366758,"kt"
1947,"CO2","IND",2,143355.492619408,"kt"
1947,"CO2","IND",3,143791.818885542,"kt"
1947,"CO2","IND",4,139798.45889378,"kt"
1947,"CO2","IND",5,122740.209961256,"kt"
1947,"CO2","IND",6,112205.035354037,"kt"
1947,"CO2","IND",7,108483.607799055,"kt"
1947,"CO2","IND",8,115945.203199171,"kt"
1947,"CO2","IND",9,111559.949575297,"kt"
1947,"CO2","IND",10,130201.805361372,"kt"
1947,"CO2","IND",11,139475.91600441,"kt"
1947,"CO2","IND",12,158715.009685773,"kt"
1947,"CO2","TRA",1,50751.6648105408,"kt"
1947,"CO2","TRA",2,45840.2133772627,"kt"
1947,"CO2","TRA",3,50751.6648105408,"kt"
1947,"CO2","TRA",4,49114.5143327815,"kt"
1947,"CO2","TRA",5,50751.6648105408,"kt"
1947,"CO2","TRA",6,49114.5143327815,"kt"
1947,"CO2","TRA",7,50751.6648105408,"kt"
1947,"CO2","TRA",8,50751.6648105408,"kt"
1947,"CO2","TRA",9,49114.5143327815,"kt"
1947,"CO2","TRA",10,50751.6648105408,"kt"
1947,"CO2","TRA",11,49114.5143327815,"kt"
1947,"CO2","TRA",12,50751.6648105408,"kt"
1947,"CO2","SLV",1,652.598836272755,"kt"
1947,"CO2","SLV",2,589.444110181843,"kt"
1947,"CO2","SLV",3,652.598836272755,"kt"
1947,"CO2","SLV",4,631.547260909117,"kt"
1947,"CO2","SLV",5,652.598836272755,"kt"
1947,"CO2","SLV",6,631.547260909117,"kt"
1947,"CO2","SLV",7,652.598836272755,"kt"
1947,"CO2","SLV",8,652.598836272755,"kt"
1947,"CO2","SLV",9,631.547260909117,"kt"
1947,"CO2","SLV",10,652.598836272755,"kt"
1947,"CO2","SLV",11,631.547260909117,"kt"
1947,"CO2","SLV",12,652.598836272755,"kt"
1947,"CO2","WST",1,44.5337138895113,"kt"
1947,"CO2","WST",2,40.2239996421392,"kt"
1947,"CO2","WST",3,44.5337138895113,"kt"
1947,"CO2","WST",4,43.0971424737206,"kt"
1947,"CO2","WST",5,44.5337138895113,"kt"
1947,"CO2","WST",6,43.0971424737206,"kt"
1947,"CO2","WST",7,44.5337138895113,"kt"
1947,"CO2","WST",8,44.5337138895113,"kt"
1947,"CO2","WST",9,43.0971424737206,"kt"
1947,"CO2","WST",10,44.5337138895113,"kt"
1947,"CO2","WST",11,43.0971424737206,"kt"
1947,"CO2","WST",12,44.5337138895113,"kt"
1947,"CO2","SHP",1,19084.0734682604,"kt"
1947,"CO2","SHP",2,16377.3082589809,"kt"
1947,"CO2","SHP",3,20016.4999790431,"kt"
1947,"CO2","SHP",4,19216.6603246627,"kt"
1947,"CO2","SHP",5,20205.2873060529,"kt"
1947,"CO2","SHP",6,18792.3992723907,"kt"
1947,"CO2","SHP",7,20779.6489007541,"kt"
1947,"CO2","SHP",8,21065.6146653609,"kt"
1947,"CO2","SHP",9,20055.8129226412,"kt"
1947,"CO2","SHP",10,21559.7527993516,"kt"
1947,"CO2","SHP",11,20990.6925769106,"kt"
1947,"CO2","SHP",12,21206.3857755292,"kt"
1947,"CO2","RCO",1,138882.11803515,"kt"
1947,"CO2","RCO",2,108607.751126418,"kt"
1947,"CO2","RCO",3,100270.156923101,"kt"
1947,"CO2","RCO",4,60249.1504529897,"kt"
1947,"CO2","RCO",5,44309.6989939931,"kt"
1947,"CO2","RCO",6,40595.8733368687,"kt"
1947,"CO2","RCO",7,43129.7102990092,"kt"
1947,"CO2","RCO",8,43023.5621130098,"kt"
1947,"CO2","RCO",9,40850.924334323,"kt"
1947,"CO2","RCO",10,54312.6215436125,"kt"
1947,"CO2","RCO",11,83749.7788003895,"kt"
1947,"CO2","RCO",12,134448.204179322,"kt"
1948,"CO2","AGR",1,0,"kt"
1948,"CO2","AGR",2,0,"kt"
1948,"CO2","AGR",3,0,"kt"
1948,"CO2","AGR",4,0,"kt"
1948,"CO2","AGR",5,0,"kt"
1948,"CO2","AGR",6,0,"kt"
1948,"CO2","AGR",7,0,"kt"
1948,"CO2","AGR",8,0,"kt"
1948,"CO2","AGR",9,0,"kt"
1948,"CO2","AGR",10,0,"kt"
1948,"CO2","AGR",11,0,"kt"
1948,"CO2","AGR",12,0,"kt"
1948,"CO2","ENE",1,201302.72234864,"kt"
1948,"CO2","ENE",2,167814.186363903,"kt"
1948,"CO2","ENE",3,173513.611158262,"kt"
1948,"CO2","ENE",4,157500.638287734,"kt"
1948,"CO2","ENE",5,160041.244529361,"kt"
1948,"CO2","ENE",6,158920.828454074,"kt"
1948,"CO2","ENE",7,170200.324887901,"kt"
1948,"CO2","ENE",8,168372.575508614,"kt"
1948,"CO2","ENE",9,154351.466225599,"kt"
1948,"CO2","ENE",10,160886.69902366,"kt"
1948,"CO2","ENE",11,164049.801720498,"kt"
1948,"CO2","ENE",12,193196.862508979,"kt"
1948,"CO2","IND",1,169818.479656149,"kt"
1948,"CO2","IND",2,153696.781245728,"kt"
1948,"CO2","IND",3,154134.850988501,"kt"
1948,"CO2","IND",4,149832.07618095,"kt"
1948,"CO2","IND",5,131473.942651796,"kt"
1948,"CO2","IND",6,120145.98301629,"kt"
1948,"CO2","IND",7,116136.127850055,"kt"
1948,"CO2","IND",8,124150.849116833,"kt"
1948,"CO2","IND",9,119476.66585647,"kt"
1948,"CO2","IND",10,139488.663918574,"kt"
1948,"CO2","IND",11,149497.41760104,"kt"
1948,"CO2","IND",12,170164.293522056,"kt"
1948,"CO2","TRA",1,55342.0793247521,"kt"
1948,"CO2","TRA",2,49986.3942288084,"kt"
1948,"CO2","TRA",3,55342.0793247521,"kt"
1948,"CO2","TRA",4,53556.8509594375,"kt"
1948,"CO2","TRA",5,55342.0793247521,"kt"
1948,"CO2","TRA",6,53556.8509594375,"kt"
1948,"CO2","TRA",7,55342.0793247521,"kt"
1948,"CO2","TRA",8,55342.0793247521,"kt"
1948,"CO2","TRA",9,53556.8509594375,"kt"
1948,"CO2","TRA",10,55342.0793247521,"kt"
1948,"CO2","TRA",11,53556.8509594375,"kt"
1948,"CO2","TRA",12,55342.0793247521,"kt"
1948,"CO2","SLV",1,742.639701657129,"kt"
1948,"CO2","SLV",2,670.771343432246,"kt"
1948,"CO2","SLV",3,742.639701657129,"kt"
1948,"CO2","SLV",4,718.683582248835,"kt"
1948,"CO2","SLV",5,742.639701657129,"kt"
1948,"CO2","SLV",6,718.683582248835,"kt"
1948,"CO2","SLV",7,742.639701657129,"kt"
1948,"CO2","SLV",8,742.639701657129,"kt"
1948,"CO2","SLV",9,718.683582248835,"kt"
1948,"CO2","SLV",10,742.639701657129,"kt"
1948,"CO2","SLV",11,718.683582248835,"kt"
1948,"CO2","SLV",12,742.639701657129,"kt"
1948,"CO2","WST",1,46.207118132475,"kt"
1948,"CO2","WST",2,41.7354615390097,"kt"
1948,"CO2","WST",3,46.207118132475,"kt"
1948,"CO2","WST",4,44.7165659346532,"kt"
1948,"CO2","WST",5,46.207118132475,"kt"
1948,"CO2","WST",6,44.7165659346532,"kt"
1948,"CO2","WST",7,46.207118132475,"kt"
1948,"CO2","WST",8,46.207118132475,"kt"
1948,"CO2","WST",9,44.7165659346532,"kt"
1948,"CO2","WST",10,46.207118132475,"kt"
1948,"CO2","WST",11,44.7165659346532,"kt"
1948,"CO2","WST",12,46.207118132475,"kt"
1948,"CO2","SHP",1,20116.9841752503,"kt"
1948,"CO2","SHP",2,17263.7173938289,"kt"
1948,"CO2","SHP",3,21099.8775493088,"kt"
1948,"CO2","SHP",4,20256.7471926442,"kt"
1948,"CO2","SHP",5,21298.8828442875,"kt"
1948,"CO2","SHP",6,19809.5233392606,"kt"
1948,"CO2","SHP",7,21904.3313157939,"kt"
1948,"CO2","SHP",8,22205.7747560964,"kt"
1948,"CO2","SHP",9,21141.3182755543,"kt"
1948,"CO2","SHP",10,22726.6577341677,"kt"
1948,"CO2","SHP",11,22126.7975675922,"kt"
1948,"CO2","SHP",12,22354.1649936575,"kt"
1948,"CO2","RCO",1,147857.227076211,"kt"
1948,"CO2","RCO",2,115644.221843583,"kt"
1948,"CO2","RCO",3,106874.461574559,"kt"
1948,"CO2","RCO",4,64106.9608288344,"kt"
1948,"CO2","RCO",5,47133.7586166018,"kt"
1948,"CO2","RCO",6,43180.8811639954,"kt"
1948,"CO2","RCO",7,45867.6458192111,"kt"
1948,"CO2","RCO",8,45755.8156130392,"kt"
1948,"CO2","RCO",9,43462.3295822019,"kt"
1948,"CO2","RCO",10,57817.0003142896,"kt"
1948,"CO2","RCO",11,89287.9276350726,"kt"
1948,"CO2","RCO",12,143109.103764422,"kt"
1949,"CO2","AGR",1,0,"kt"
1949,"CO2","AGR",2,0,"kt"
1949,"CO2","AGR",3,0,"kt"
1949,"CO2","AGR",4,0,"kt"
1949,"CO2","AGR",5,0,"kt"
1949,"CO2","AGR",6,0,"kt"
1949,"CO2","AGR",7,0,"kt"
1949,"CO2","AGR",8,0,"kt"
1949,"CO2","AGR",9,0,"kt"
1949,"CO2","AGR",10,0,"kt"
1949,"CO2","AGR",11,0,"kt"
1949,"CO2","AGR",12,0,"kt"
1949,"CO2","ENE",1,198839.184955267,"kt"
1949,"CO2","ENE",2,166818.655650315,"kt"
1949,"CO2","ENE",3,170906.169616867,"kt"
1949,"CO2","ENE",4,155622.245962974,"kt"
1949,"CO2","ENE",5,154642.381984243,"kt"
1949,"CO2","ENE",6,150576.923413986,"kt"
1949,"CO2","ENE",7,159797.565570381,"kt"
1949,"CO2","ENE",8,158098.468223666,"kt"
1949,"CO2","ENE",9,147993.453048461,"kt"
1949,"CO2","ENE",10,157311.769377005,"kt"
1949,"CO2","ENE",11,161835.370364759,"kt"
1949,"CO2","ENE",12,189495.652613343,"kt"
1949,"CO2","IND",1,167007.480988006,"kt"
1949,"CO2","IND",2,151162.568356747,"kt"
1949,"CO2","IND",3,151732.632436791,"kt"
1949,"CO2","IND",4,147517.534943092,"kt"
1949,"CO2","IND",5,129698.051698806,"kt"
1949,"CO2","IND",6,118632.815493388,"kt"
1949,"CO2","IND",7,114774.279983126,"kt"
1949,"CO2","IND",8,122587.242676501,"kt"
1949,"CO2","IND",9,117953.31194074,"kt"
1949,"CO2","IND",10,137511.014392181,"kt"
1949,"CO2","IND",11,147177.783166767,"kt"
1949,"CO2","IND",12,167358.557823541,"kt"
1949,"CO2","TRA",1,53581.2587610258,"kt"
1949,"CO2","TRA",2,48395.9756551201,"kt"
1949,"CO2","TRA",3,53581.2587610258,"kt"
1949,"CO2","TRA",4,51852.8310590572,"kt"
1949,"CO2","TRA",5,53581.2587610258,"kt"
1949,"CO2","TRA",6,51852.8310590572,"kt"
1949,"CO2","TRA",7,53581.2587610258,"kt"
1949,"CO2","TRA",8,53581.2587610258,"kt"
1949,"CO2","TRA",9,51852.8310590572,"kt"
1949,"CO2","TRA",10,53581.2587610258,"kt"
1949,"CO2","TRA",11,51852.8310590572,"kt"
1949,"CO2","TRA",12,53581.2587610258,"kt"
1949,"CO2","SLV",1,740.54760138013,"kt"
1949,"CO2","SLV",2,668.881704472376,"kt"
1949,"CO2","SLV",3,740.54760138013,"kt"
1949,"CO2","SLV",4,716.658969077545,"kt"
1949,"CO2","SLV",5,740.54760138013,"kt"
1949,"CO2","SLV",6,716.658969077545,"kt"
1949,"CO2","SLV",7,740.54760138013,"kt"
1949,"CO2","SLV",8,740.54760138013,"kt"
1949,"CO2","SLV",9,716.658969077545,"kt"
1949,"CO2","SLV",10,740.54760138013,"kt"
1949,"CO2","SLV",11,716.658969077545,"kt"
1949,"CO2","SLV",12,740.54760138013,"kt"
1949,"CO2","WST",1,47.9107673094188,"kt"
1949,"CO2","WST",2,43.2742414407654,"kt"
1949,"CO2","WST",3,47.9107673094188,"kt"
1949,"CO2","WST",4,46.3652586865343,"kt"
1949,"CO2","WST",5,47.9107673094188,"kt"
1949,"CO2","WST",6,46.3652586865343,"kt"
1949,"CO2","WST",7,47.9107673094188,"kt"
1949,"CO2","WST",8,47.9107673094188,"kt"
1949,"CO2","WST",9,46.3652586865343,"kt"
1949,"CO2","WST",10,47.9107673094188,"kt"
1949,"CO2","WST",11,46.3652586865343,"kt"
1949,"CO2","WST",12,47.9107673094188,"kt"
1949,"CO2","SHP",1,21149.8948822403,"kt"
1949,"CO2","SHP",2,18150.1265286769,"kt"
1949,"CO2","SHP",3,22183.2551195746,"kt"
1949,"CO2","SHP",4,21296.8340606258,"kt"
1949,"CO2","SHP",5,22392.478382522,"kt"
1949,"CO2","SHP",6,20826.6474061306,"kt"
1949,"CO2","SHP",7,23029.0137308337,"kt"
1949,"CO2","SHP",8,23345.934846832,"kt"
1949,"CO2","SHP",9,22226.8236284673,"kt"
1949,"CO2","SHP",10,23893.5626689838,"kt"
1949,"CO2","SHP",11,23262.9025582738,"kt"
1949,"CO2","SHP",12,23501.9442117858,"kt"
1949,"CO2","RCO",1,147113.218910778,"kt"
1949,"CO2","RCO",2,114971.669367716,"kt"
1949,"CO2","RCO",3,106383.524751342,"kt"
1949,"CO2","RCO",4,63912.7019207191,"kt"
1949,"CO2","RCO",5,46649.2061713358,"kt"
1949,"CO2","RCO",6,42724.3572376138,"kt"
1949,"CO2","RCO",7,45377.770806174,"kt"
1949,"CO2","RCO",8,45257.967191781,"kt"
1949,"CO2","RCO",9,43014.1822536311,"kt"
1949,"CO2","RCO",10,57757.6113870548,"kt"
1949,"CO2","RCO",11,89452.1828028548,"kt"
1949,"CO2","RCO",12,142135.610888222,"kt"
