"year","em","sector","month","global_total","units"
1950,"CO2","AGR",1,0,"kt"
1950,"CO2","AGR",2,0,"kt"
1950,"CO2","AGR",3,0,"kt"
1950,"CO2","AGR",4,0,"kt"
1950,"CO2","AGR",5,0,"kt"
1950,"CO2","AGR",6,0,"kt"
1950,"CO2","AGR",7,0,"kt"
1950,"CO2","AGR",8,0,"kt"
1950,"CO2","AGR",9,0,"kt"
1950,"CO2","AGR",10,0,"kt"
1950,"CO2","AGR",11,0,"kt"
1950,"CO2","AGR",12,0,"kt"
1950,"CO2","ENE",1,224549.874630292,"kt"
1950,"CO2","ENE",2,188415.624716644,"kt"
1950,"CO2","ENE",3,193742.990422199,"kt"
1950,"CO2","ENE",4,176513.100876572,"kt"
1950,"CO2","ENE",5,176674.452414134,"kt"
1950,"CO2","ENE",6,173149.150299855,"kt"
1950,"CO2","ENE",7,184070.25616889,"kt"
1950,"CO2","ENE",8,182291.749718985,"kt"
1950,"CO2","ENE",9,169993.905544089,"kt"
1950,"CO2","ENE",10,179631.443179686,"kt"
1950,"CO2","ENE",11,183787.246944307,"kt"
1950,"CO2","ENE",12,214448.359342506,"kt"
1950,"CO2","IND",1,184516.449481605,"kt"
1950,"CO2","IND",2,167118.097806119,"kt"
1950,"CO2","IND",3,167932.075192888,"kt"
1950,"CO2","IND",4,163496.50916165,"kt"
1950,"CO2","IND",5,144323.410769167,"kt"
1950,"CO2","IND",6,132379.317900408,"kt"
1950,"CO2","IND",7,128246.195284192,"kt"
1950,"CO2","IND",8,136791.961830421,"kt"
1950,"CO2","IND",9,131397.720215746,"kt"
1950,"CO2","IND",10,152869.177315396,"kt"
1950,"CO2","IND",11,163005.710319319,"kt"
1950,"CO2","IND",12,185023.608285346,"kt"
1950,"CO2","TRA",1,60323.0856206808,"kt"
1950,"CO2","TRA",2,54485.3676573891,"kt"
1950,"CO2","TRA",3,60323.0856206808,"kt"
1950,"CO2","TRA",4,58377.1796329169,"kt"
1950,"CO2","TRA",5,60323.0856206808,"kt"
1950,"CO2","TRA",6,58377.1796329169,"kt"
1950,"CO2","TRA",7,60323.0856206808,"kt"
1950,"CO2","TRA",8,60323.0856206808,"kt"
1950,"CO2","TRA",9,58377.1796329169,"kt"
1950,"CO2","TRA",10,60323.0856206808,"kt"
1950,"CO2","TRA",11,58377.1796329169,"kt"
1950,"CO2","TRA",12,60323.0856206808,"kt"
1950,"CO2","SLV",1,885.239654177913,"kt"
1950,"CO2","SLV",2,799.571300547793,"kt"
1950,"CO2","SLV",3,885.239654177913,"kt"
1950,"CO2","SLV",4,856.683536301207,"kt"
1950,"CO2","SLV",5,885.239654177913,"kt"
1950,"CO2","SLV",6,856.683536301207,"kt"
1950,"CO2","SLV",7,885.239654177913,"kt"
1950,"CO2","SLV",8,885.239654177913,"kt"
1950,"CO2","SLV",9,856.683536301207,"kt"
1950,"CO2","SLV",10,885.239654177913,"kt"
1950,"CO2","SLV",11,856.683536301207,"kt"
1950,"CO2","SLV",12,885.239654177913,"kt"
1950,"CO2","WST",1,49.6446614203429,"kt"
1950,"CO2","WST",2,44.8403393474065,"kt"
1950,"CO2","WST",3,49.6446614203429,"kt"
1950,"CO2","WST",4,48.0432207293641,"kt"
1950,"CO2","WST",5,49.6446614203429,"kt"
1950,"CO2","WST",6,48.0432207293641,"kt"
1950,"CO2","WST",7,49.6446614203429,"kt"
1950,"CO2","WST",8,49.6446614203429,"kt"
1950,"CO2","WST",9,48.0432207293641,"kt"
1950,"CO2","WST",10,49.6446614203429,"kt"
1950,"CO2","WST",11,48.0432207293641,"kt"
1950,"CO2","WST",12,49.6446614203429,"kt"
1950,"CO2","SHP",1,22182.8055892302,"kt"
1950,"CO2","SHP",2,19036.5356635249,"kt"
1950,"CO2","SHP",3,23266.6326898404,"kt"
1950,"CO2","SHP",4,22336.9209286073,"kt"
1950,"CO2","SHP",5,23486.0739207565,"kt"
1950,"CO2","SHP",6,21843.7714730006,"kt"
1950,"CO2","SHP",7,24153.6961458735,"kt"
1950,"CO2","SHP",8,24486.0949375675,"kt"
1950,"CO2","SHP",9,23312.3289813804,"kt"
1950,"CO2","SHP",10,25060.4676038,"kt"
1950,"CO2","SHP",11,24399.0075489554,"kt"
1950,"CO2","SHP",12,24649.7234299141,"kt"
1950,"CO2","RCO",1,161980.906498756,"kt"
1950,"CO2","RCO",2,126633.634499272,"kt"
1950,"CO2","RCO",3,117379.63377858,"kt"
1950,"CO2","RCO",4,70287.4687033742,"kt"
1950,"CO2","RCO",5,51730.2388235644,"kt"
1950,"CO2","RCO",6,47469.1508252029,"kt"
1950,"CO2","RCO",7,50419.7433325885,"kt"
1950,"CO2","RCO",8,50287.0384552369,"kt"
1950,"CO2","RCO",9,47770.3614056534,"kt"
1950,"CO2","RCO",10,63859.412809661,"kt"
1950,"CO2","RCO",11,98597.2702827895,"kt"
1950,"CO2","RCO",12,156507.048174564,"kt"
1951,"CO2","AGR",1,0,"kt"
1951,"CO2","AGR",2,0,"kt"
1951,"CO2","AGR",3,0,"kt"
1951,"CO2","AGR",4,0,"kt"
1951,"CO2","AGR",5,0,"kt"
1951,"CO2","AGR",6,0,"kt"
1951,"CO2","AGR",7,0,"kt"
1951,"CO2","AGR",8,0,"kt"
1951,"CO2","AGR",9,0,"kt"
1951,"CO2","AGR",10,0,"kt"
1951,"CO2","AGR",11,0,"kt"
1951,"CO2","AGR",12,0,"kt"
1951,"CO2","ENE",1,240055.852977152,"kt"
1951,"CO2","ENE",2,201794.768237705,"kt"
1951,"CO2","ENE",3,206947.83998193,"kt"
1951,"CO2","ENE",4,188652.884035238,"kt"
1951,"CO2","ENE",5,187763.546510512,"kt"
1951,"CO2","ENE",6,183113.912371306,"kt"
1951,"CO2","ENE",7,194196.156050439,"kt"
1951,"CO2","ENE",8,192313.450099068,"kt"
1951,"CO2","ENE",9,180326.05216377,"kt"
1951,"CO2","ENE",10,191478.116683889,"kt"
1951,"CO2","ENE",11,196350.352021252,"kt"
1951,"CO2","ENE",12,228787.929022664,"kt"
1951,"CO2","IND",1,199469.631782015,"kt"
1951,"CO2","IND",2,180673.84737123,"kt"
1951,"CO2","IND",3,181598.836451435,"kt"
1951,"CO2","IND",4,176828.798774086,"kt"
1951,"CO2","IND",5,156197.962974464,"kt"
1951,"CO2","IND",6,143328.151955336,"kt"
1951,"CO2","IND",7,138889.295451444,"kt"
1951,"CO2","IND",8,148105.757020514,"kt"
1951,"CO2","IND",9,142240.162650381,"kt"
1951,"CO2","IND",10,165414.424543535,"kt"
1951,"CO2","IND",11,176284.804121608,"kt"
1951,"CO2","IND",12,200031.759589576,"kt"
1951,"CO2","TRA",1,65081.1860224855,"kt"
1951,"CO2","TRA",2,58783.0067299869,"kt"
1951,"CO2","TRA",3,65081.1860224855,"kt"
1951,"CO2","TRA",4,62981.792924986,"kt"
1951,"CO2","TRA",5,65081.1860224855,"kt"
1951,"CO2","TRA",6,62981.792924986,"kt"
1951,"CO2","TRA",7,65081.1860224855,"kt"
1951,"CO2","TRA",8,65081.1860224855,"kt"
1951,"CO2","TRA",9,62981.792924986,"kt"
1951,"CO2","TRA",10,65081.1860224855,"kt"
1951,"CO2","TRA",11,62981.792924986,"kt"
1951,"CO2","TRA",12,65081.1860224855,"kt"
1951,"CO2","SLV",1,973.004185537429,"kt"
1951,"CO2","SLV",2,878.842490162839,"kt"
1951,"CO2","SLV",3,973.004185537429,"kt"
1951,"CO2","SLV",4,941.616953745899,"kt"
1951,"CO2","SLV",5,973.004185537429,"kt"
1951,"CO2","SLV",6,941.616953745899,"kt"
1951,"CO2","SLV",7,973.004185537429,"kt"
1951,"CO2","SLV",8,973.004185537429,"kt"
1951,"CO2","SLV",9,941.616953745899,"kt"
1951,"CO2","SLV",10,973.004185537429,"kt"
1951,"CO2","SLV",11,941.616953745899,"kt"
1951,"CO2","SLV",12,973.004185537429,"kt"
1951,"CO2","WST",1,51.2772718553648,"kt"
1951,"CO2","WST",2,46.3149552242004,"kt"
1951,"CO2","WST",3,51.2772718553648,"kt"
1951,"CO2","WST",4,49.6231663116433,"kt"
1951,"CO2","WST",5,51.2772718553648,"kt"
1951,"CO2","WST",6,49.6231663116433,"kt"
1951,"CO2","WST",7,51.2772718553648,"kt"
1951,"CO2","WST",8,51.2772718553648,"kt"
1951,"CO2","WST",9,49.6231663116433,"kt"
1951,"CO2","WST",10,51.2772718553648,"kt"
1951,"CO2","WST",11,49.6231663116433,"kt"
1951,"CO2","WST",12,51.2772718553648,"kt"
1951,"CO2","SHP",1,21908.3791283325,"kt"
1951,"CO2","SHP",2,18801.0321295431,"kt"
1951,"CO2","SHP",3,22978.7980586259,"kt"
1951,"CO2","SHP",4,22060.5878861916,"kt"
1951,"CO2","SHP",5,23195.5245526647,"kt"
1951,"CO2","SHP",6,21573.5392485923,"kt"
1951,"CO2","SHP",7,23854.8875337596,"kt"
1951,"CO2","SHP",8,24183.1741754533,"kt"
1951,"CO2","SHP",9,23023.929035219,"kt"
1951,"CO2","SHP",10,24750.441200454,"kt"
1951,"CO2","SHP",11,24097.1641565972,"kt"
1951,"CO2","SHP",12,24344.7783977915,"kt"
1951,"CO2","RCO",1,175966.892055366,"kt"
1951,"CO2","RCO",2,137474.109024707,"kt"
1951,"CO2","RCO",3,127287.2490901,"kt"
1951,"CO2","RCO",4,76263.842500697,"kt"
1951,"CO2","RCO",5,56123.3418587317,"kt"
1951,"CO2","RCO",6,51489.9295124951,"kt"
1951,"CO2","RCO",7,54686.0093388382,"kt"
1951,"CO2","RCO",8,54548.6897911002,"kt"
1951,"CO2","RCO",9,51827.3132048143,"kt"
1951,"CO2","RCO",10,69296.5973432754,"kt"
1951,"CO2","RCO",11,107038.890181741,"kt"
1951,"CO2","RCO",12,169910.558866343,"kt"
1952,"CO2","AGR",1,0,"kt"
1952,"CO2","AGR",2,0,"kt"
1952,"CO2","AGR",3,0,"kt"
1952,"CO2","AGR",4,0,"kt"
1952,"CO2","AGR",5,0,"kt"
1952,"CO2","AGR",6,0,"kt"
1952,"CO2","AGR",7,0,"kt"
1952,"CO2","AGR",8,0,"kt"
1952,"CO2","AGR",9,0,"kt"
1952,"CO2","AGR",10,0,"kt"
1952,"CO2","AGR",11,0,"kt"
1952,"CO2","AGR",12,0,"kt"
1952,"CO2","ENE",1,241622.833998581,"kt"
1952,"CO2","ENE",2,203504.692802738,"kt"
1952,"CO2","ENE",3,208262.355194452,"kt"
1952,"CO2","ENE",4,190119.639195591,"kt"
1952,"CO2","ENE",5,188191.471175951,"kt"
1952,"CO2","ENE",6,182536.003900831,"kt"
1952,"CO2","ENE",7,193030.234230697,"kt"
1952,"CO2","ENE",8,191249.849595707,"kt"
1952,"CO2","ENE",9,180431.840418259,"kt"
1952,"CO2","ENE",10,192649.922194744,"kt"
1952,"CO2","ENE",11,197913.691023297,"kt"
1952,"CO2","ENE",12,229912.247286553,"kt"
1952,"CO2","IND",1,203098.709234429,"kt"
1952,"CO2","IND",2,183982.097100985,"kt"
1952,"CO2","IND",3,185048.220973873,"kt"
1952,"CO2","IND",4,180231.99851618,"kt"
1952,"CO2","IND",5,159461.877115762,"kt"
1952,"CO2","IND",6,146448.644617857,"kt"
1952,"CO2","IND",7,142007.144268295,"kt"
1952,"CO2","IND",8,151330.266105119,"kt"
1952,"CO2","IND",9,145295.56962478,"kt"
1952,"CO2","IND",10,168784.998952585,"kt"
1952,"CO2","IND",11,179655.461019641,"kt"
1952,"CO2","IND",12,203694.464647519,"kt"
1952,"CO2","TRA",1,67855.5139552533,"kt"
1952,"CO2","TRA",2,61288.8513144223,"kt"
1952,"CO2","TRA",3,67855.5139552533,"kt"
1952,"CO2","TRA",4,65666.6264083096,"kt"
1952,"CO2","TRA",5,67855.5139552533,"kt"
1952,"CO2","TRA",6,65666.6264083096,"kt"
1952,"CO2","TRA",7,67855.5139552533,"kt"
1952,"CO2","TRA",8,67855.5139552533,"kt"
1952,"CO2","TRA",9,65666.6264083096,"kt"
1952,"CO2","TRA",10,67855.5139552533,"kt"
1952,"CO2","TRA",11,65666.6264083096,"kt"
1952,"CO2","TRA",12,67855.5139552533,"kt"
1952,"CO2","SLV",1,1045.27695441248,"kt"
1952,"CO2","SLV",2,944.1211201145,"kt"
1952,"CO2","SLV",3,1045.27695441248,"kt"
1952,"CO2","SLV",4,1011.55834297982,"kt"
1952,"CO2","SLV",5,1045.27695441248,"kt"
1952,"CO2","SLV",6,1011.55834297982,"kt"
1952,"CO2","SLV",7,1045.27695441248,"kt"
1952,"CO2","SLV",8,1045.27695441248,"kt"
1952,"CO2","SLV",9,1011.55834297982,"kt"
1952,"CO2","SLV",10,1045.27695441248,"kt"
1952,"CO2","SLV",11,1011.55834297982,"kt"
1952,"CO2","SLV",12,1045.27695441248,"kt"
1952,"CO2","WST",1,53.0426995081075,"kt"
1952,"CO2","WST",2,47.909535039581,"kt"
1952,"CO2","WST",3,53.0426995081075,"kt"
1952,"CO2","WST",4,51.3316446852653,"kt"
1952,"CO2","WST",5,53.0426995081075,"kt"
1952,"CO2","WST",6,51.3316446852653,"kt"
1952,"CO2","WST",7,53.0426995081075,"kt"
1952,"CO2","WST",8,53.0426995081075,"kt"
1952,"CO2","WST",9,51.3316446852653,"kt"
1952,"CO2","WST",10,53.0426995081075,"kt"
1952,"CO2","WST",11,51.3316446852653,"kt"
1952,"CO2","WST",12,53.0426995081075,"kt"
1952,"CO2","SHP",1,23189.0359458551,"kt"
1952,"CO2","SHP",2,19900.0486214579,"kt"
1952,"CO2","SHP",3,24322.026337627,"kt"
1952,"CO2","SHP",4,23350.1420841318,"kt"
1952,"CO2","SHP",5,24551.4216037599,"kt"
1952,"CO2","SHP",6,22834.6229624975,"kt"
1952,"CO2","SHP",7,25249.3277236245,"kt"
1952,"CO2","SHP",8,25596.8043986531,"kt"
1952,"CO2","SHP",9,24369.7954506389,"kt"
1952,"CO2","SHP",10,26197.2310827352,"kt"
1952,"CO2","SHP",11,25505.7666542689,"kt"
1952,"CO2","SHP",12,25767.8552143639,"kt"
1952,"CO2","RCO",1,179531.617576427,"kt"
1952,"CO2","RCO",2,140213.782978834,"kt"
1952,"CO2","RCO",3,129960.353806362,"kt"
1952,"CO2","RCO",4,77776.109247387,"kt"
1952,"CO2","RCO",5,57454.999060184,"kt"
1952,"CO2","RCO",6,52751.2161490161,"kt"
1952,"CO2","RCO",7,56015.7371004312,"kt"
1952,"CO2","RCO",8,55868.1604599459,"kt"
1952,"CO2","RCO",9,53094.5853145595,"kt"
1952,"CO2","RCO",10,70983.6436033398,"kt"
1952,"CO2","RCO",11,109486.127088198,"kt"
1952,"CO2","RCO",12,173263.200110514,"kt"
1953,"CO2","AGR",1,0,"kt"
1953,"CO2","AGR",2,0,"kt"
1953,"CO2","AGR",3,0,"kt"
1953,"CO2","AGR",4,0,"kt"
1953,"CO2","AGR",5,0,"kt"
1953,"CO2","AGR",6,0,"kt"
1953,"CO2","AGR",7,0,"kt"
1953,"CO2","AGR",8,0,"kt"
1953,"CO2","AGR",9,0,"kt"
1953,"CO2","AGR",10,0,"kt"
1953,"CO2","AGR",11,0,"kt"
1953,"CO2","AGR",12,0,"kt"
1953,"CO2","ENE",1,246660.72016901,"kt"
1953,"CO2","ENE",2,207770.404772454,"kt"
1953,"CO2","ENE",3,212921.290066782,"kt"
1953,"CO2","ENE",4,194446.95563271,"kt"
1953,"CO2","ENE",5,192373.99523411,"kt"
1953,"CO2","ENE",6,186643.536488156,"kt"
1953,"CO2","ENE",7,197293.955129154,"kt"
1953,"CO2","ENE",8,195441.370371019,"kt"
1953,"CO2","ENE",9,184538.191416842,"kt"
1953,"CO2","ENE",10,197165.160387024,"kt"
1953,"CO2","ENE",11,202391.689489776,"kt"
1953,"CO2","ENE",12,234823.986852065,"kt"
1953,"CO2","IND",1,208348.460775993,"kt"
1953,"CO2","IND",2,188724.651828477,"kt"
1953,"CO2","IND",3,189801.536724891,"kt"
1953,"CO2","IND",4,184833.789338949,"kt"
1953,"CO2","IND",5,163472.874304933,"kt"
1953,"CO2","IND",6,150091.399812967,"kt"
1953,"CO2","IND",7,145522.639716509,"kt"
1953,"CO2","IND",8,155094.446473399,"kt"
1953,"CO2","IND",9,148936.516981977,"kt"
1953,"CO2","IND",10,173044.681061823,"kt"
1953,"CO2","IND",11,184256.347923454,"kt"
1953,"CO2","IND",12,208945.150238671,"kt"
1953,"CO2","TRA",1,70858.7903400555,"kt"
1953,"CO2","TRA",2,64001.4880490824,"kt"
1953,"CO2","TRA",3,70858.7903400555,"kt"
1953,"CO2","TRA",4,68573.0229097311,"kt"
1953,"CO2","TRA",5,70858.7903400555,"kt"
1953,"CO2","TRA",6,68573.0229097311,"kt"
1953,"CO2","TRA",7,70858.7903400555,"kt"
1953,"CO2","TRA",8,70858.7903400555,"kt"
1953,"CO2","TRA",9,68573.0229097311,"kt"
1953,"CO2","TRA",10,70858.7903400555,"kt"
1953,"CO2","TRA",11,68573.0229097311,"kt"
1953,"CO2","TRA",12,70858.7903400555,"kt"
1953,"CO2","SLV",1,1115.81516203231,"kt"
1953,"CO2","SLV",2,1007.83304957757,"kt"
1953,"CO2","SLV",3,1115.81516203231,"kt"
1953,"CO2","SLV",4,1079.82112454739,"kt"
1953,"CO2","SLV",5,1115.81516203231,"kt"
1953,"CO2","SLV",6,1079.82112454739,"kt"
1953,"CO2","SLV",7,1115.81516203231,"kt"
1953,"CO2","SLV",8,1115.81516203231,"kt"
1953,"CO2","SLV",9,1079.82112454739,"kt"
1953,"CO2","SLV",10,1115.81516203231,"kt"
1953,"CO2","SLV",11,1079.82112454739,"kt"
1953,"CO2","SLV",12,1115.81516203231,"kt"
1953,"CO2","WST",1,54.9229445936907,"kt"
1953,"CO2","WST",2,49.6078209233336,"kt"
1953,"CO2","WST",3,54.9229445936907,"kt"
1953,"CO2","WST",4,53.1512367035717,"kt"
1953,"CO2","WST",5,54.9229445936907,"kt"
1953,"CO2","WST",6,53.1512367035717,"kt"
1953,"CO2","WST",7,54.9229445936907,"kt"
1953,"CO2","WST",8,54.9229445936907,"kt"
1953,"CO2","WST",9,53.1512367035717,"kt"
1953,"CO2","WST",10,54.9229445936907,"kt"
1953,"CO2","WST",11,53.1512367035717,"kt"
1953,"CO2","WST",12,54.9229445936907,"kt"
1953,"CO2","SHP",1,24195.26630248,"kt"
1953,"CO2","SHP",2,20763.5615793911,"kt"
1953,"CO2","SHP",3,25377.4199854136,"kt"
1953,"CO2","SHP",4,24363.3632396563,"kt"
1953,"CO2","SHP",5,25616.7692867634,"kt"
1953,"CO2","SHP",6,23825.4744519945,"kt"
1953,"CO2","SHP",7,26344.9593013756,"kt"
1953,"CO2","SHP",8,26707.5138597387,"kt"
1953,"CO2","SHP",9,25427.2619198975,"kt"
1953,"CO2","SHP",10,27333.9945616706,"kt"
1953,"CO2","SHP",11,26612.5257595824,"kt"
1953,"CO2","SHP",12,26885.9869988137,"kt"
1953,"CO2","RCO",1,185436.682368497,"kt"
1953,"CO2","RCO",2,144850.912361514,"kt"
1953,"CO2","RCO",3,134336.946409324,"kt"
1953,"CO2","RCO",4,80308.9816460697,"kt"
1953,"CO2","RCO",5,59442.0720040286,"kt"
1953,"CO2","RCO",6,54591.5642456121,"kt"
1953,"CO2","RCO",7,57958.8598588091,"kt"
1953,"CO2","RCO",8,57813.0002963013,"kt"
1953,"CO2","RCO",9,54951.6686886264,"kt"
1953,"CO2","RCO",10,73416.1475421655,"kt"
1953,"CO2","RCO",11,113108.81570882,"kt"
1953,"CO2","RCO",12,178934.756492309,"kt"
1954,"CO2","AGR",1,0,"kt"
1954,"CO2","AGR",2,0,"kt"
1954,"CO2","AGR",3,0,"kt"
1954,"CO2","AGR",4,0,"kt"
1954,"CO2","AGR",5,0,"kt"
1954,"CO2","AGR",6,0,"kt"
1954,"CO2","AGR",7,0,"kt"
1954,"CO2","AGR",8,0,"kt"
1954,"CO2","AGR",9,0,"kt"
1954,"CO2","AGR",10,0,"kt"
1954,"CO2","AGR",11,0,"kt"
1954,"CO2","AGR",12,0,"kt"
1954,"CO2","ENE",1,250881.427276223,"kt"
1954,"CO2","ENE",2,211816.627744227,"kt"
1954,"CO2","ENE",3,216492.146582444,"kt"
1954,"CO2","ENE",4,197997.282023988,"kt"
1954,"CO2","ENE",5,194236.227991057,"kt"
1954,"CO2","ENE",6,186990.183306169,"kt"
1954,"CO2","ENE",7,196873.307754155,"kt"
1954,"CO2","ENE",8,195029.407137638,"kt"
1954,"CO2","ENE",9,185755.578374265,"kt"
1954,"CO2","ENE",10,200048.336870058,"kt"
1954,"CO2","ENE",11,205982.685215155,"kt"
1954,"CO2","ENE",12,238327.912665105,"kt"
1954,"CO2","IND",1,214476.558066948,"kt"
1954,"CO2","IND",2,194312.510784723,"kt"
1954,"CO2","IND",3,195540.958537858,"kt"
1954,"CO2","IND",4,190501.218524095,"kt"
1954,"CO2","IND",5,168775.434998857,"kt"
1954,"CO2","IND",6,155119.703890734,"kt"
1954,"CO2","IND",7,150494.98577162,"kt"
1954,"CO2","IND",8,160290.360687092,"kt"
1954,"CO2","IND",9,153851.671048437,"kt"
1954,"CO2","IND",10,178570.809914328,"kt"
1954,"CO2","IND",11,189867.202102946,"kt"
1954,"CO2","IND",12,215131.708368801,"kt"
1954,"CO2","TRA",1,73860.4039096037,"kt"
1954,"CO2","TRA",2,66712.6228860937,"kt"
1954,"CO2","TRA",3,73860.4039096037,"kt"
1954,"CO2","TRA",4,71477.8102351004,"kt"
1954,"CO2","TRA",5,73860.4039096037,"kt"
1954,"CO2","TRA",6,71477.8102351004,"kt"
1954,"CO2","TRA",7,73860.4039096037,"kt"
1954,"CO2","TRA",8,73860.4039096037,"kt"
1954,"CO2","TRA",9,71477.8102351004,"kt"
1954,"CO2","TRA",10,73860.4039096037,"kt"
1954,"CO2","TRA",11,71477.8102351004,"kt"
1954,"CO2","TRA",12,73860.4039096037,"kt"
1954,"CO2","SLV",1,1203.19829658335,"kt"
1954,"CO2","SLV",2,1086.7597517527,"kt"
1954,"CO2","SLV",3,1203.19829658335,"kt"
1954,"CO2","SLV",4,1164.38544830647,"kt"
1954,"CO2","SLV",5,1203.19829658335,"kt"
1954,"CO2","SLV",6,1164.38544830647,"kt"
1954,"CO2","SLV",7,1203.19829658335,"kt"
1954,"CO2","SLV",8,1203.19829658335,"kt"
1954,"CO2","SLV",9,1164.38544830647,"kt"
1954,"CO2","SLV",10,1203.19829658335,"kt"
1954,"CO2","SLV",11,1164.38544830647,"kt"
1954,"CO2","SLV",12,1203.19829658335,"kt"
1954,"CO2","WST",1,56.9007509761817,"kt"
1954,"CO2","WST",2,51.3942266881641,"kt"
1954,"CO2","WST",3,56.9007509761817,"kt"
1954,"CO2","WST",4,55.0652428801758,"kt"
1954,"CO2","WST",5,56.9007509761817,"kt"
1954,"CO2","WST",6,55.0652428801758,"kt"
1954,"CO2","WST",7,56.9007509761817,"kt"
1954,"CO2","WST",8,56.9007509761817,"kt"
1954,"CO2","WST",9,55.0652428801758,"kt"
1954,"CO2","WST",10,56.9007509761817,"kt"
1954,"CO2","WST",11,55.0652428801758,"kt"
1954,"CO2","WST",12,56.9007509761817,"kt"
1954,"CO2","SHP",1,24652.6437373095,"kt"
1954,"CO2","SHP",2,21156.0674693606,"kt"
1954,"CO2","SHP",3,25857.1443707711,"kt"
1954,"CO2","SHP",4,24823.9183103492,"kt"
1954,"CO2","SHP",5,26101.0182335831,"kt"
1954,"CO2","SHP",6,24275.8614926749,"kt"
1954,"CO2","SHP",7,26842.9736548987,"kt"
1954,"CO2","SHP",8,27212.3817965957,"kt"
1954,"CO2","SHP",9,25907.9284968331,"kt"
1954,"CO2","SHP",10,27850.7052339138,"kt"
1954,"CO2","SHP",11,27115.5980801794,"kt"
1954,"CO2","SHP",12,27394.228719018,"kt"
1954,"CO2","RCO",1,191596.811186186,"kt"
1954,"CO2","RCO",2,149648.405475949,"kt"
1954,"CO2","RCO",3,138973.846537344,"kt"
1954,"CO2","RCO",4,83116.9960491567,"kt"
1954,"CO2","RCO",5,61427.7059821475,"kt"
1954,"CO2","RCO",6,56398.7863949141,"kt"
1954,"CO2","RCO",7,59868.5105645192,"kt"
1954,"CO2","RCO",8,59715.7049326891,"kt"
1954,"CO2","RCO",9,56789.0503734008,"kt"
1954,"CO2","RCO",10,76150.4381178967,"kt"
1954,"CO2","RCO",11,117311.655517854,"kt"
1954,"CO2","RCO",12,184816.17656433,"kt"
1955,"CO2","AGR",1,0,"kt"
1955,"CO2","AGR",2,0,"kt"
1955,"CO2","AGR",3,0,"kt"
1955,"CO2","AGR",4,0,"kt"
1955,"CO2","AGR",5,0,"kt"
1955,"CO2","AGR",6,0,"kt"
1955,"CO2","AGR",7,0,"kt"
1955,"CO2","AGR",8,0,"kt"
1955,"CO2","AGR",9,0,"kt"
1955,"CO2","AGR",10,0,"kt"
1955,"CO2","AGR",11,0,"kt"
1955,"CO2","AGR",12,0,"kt"
1955,"CO2","ENE",1,275354.140930559,"kt"
1955,"CO2","ENE",2,232433.269214827,"kt"
1955,"CO2","ENE",3,237584.378469328,"kt"
1955,"CO2","ENE",4,217345.066922022,"kt"
1955,"CO2","ENE",5,213493.381578058,"kt"
1955,"CO2","ENE",6,205589.248047396,"kt"
1955,"CO2","ENE",7,216513.462069514,"kt"
1955,"CO2","ENE",8,214577.765075055,"kt"
1955,"CO2","ENE",9,204200.836098035,"kt"
1955,"CO2","ENE",10,219818.711936906,"kt"
1955,"CO2","ENE",11,226274.607512143,"kt"
1955,"CO2","ENE",12,261672.932057969,"kt"
1955,"CO2","IND",1,232683.279349881,"kt"
1955,"CO2","IND",2,210809.027747858,"kt"
1955,"CO2","IND",3,212172.278329029,"kt"
1955,"CO2","IND",4,206706.907948848,"kt"
1955,"CO2","IND",5,183186.851653726,"kt"
1955,"CO2","IND",6,168387.092958276,"kt"
1955,"CO2","IND",7,163388.280575264,"kt"
1955,"CO2","IND",8,173999.996056885,"kt"
1955,"CO2","IND",9,167008.196295586,"kt"
1955,"CO2","IND",10,193798.567135347,"kt"
1955,"CO2","IND",11,206017.459617502,"kt"
1955,"CO2","IND",12,233395.709292271,"kt"
1955,"CO2","TRA",1,80762.4233229532,"kt"
1955,"CO2","TRA",2,72946.704936861,"kt"
1955,"CO2","TRA",3,80762.4233229532,"kt"
1955,"CO2","TRA",4,78157.1838609225,"kt"
1955,"CO2","TRA",5,80762.4233229532,"kt"
1955,"CO2","TRA",6,78157.1838609225,"kt"
1955,"CO2","TRA",7,80762.4233229532,"kt"
1955,"CO2","TRA",8,80762.4233229532,"kt"
1955,"CO2","TRA",9,78157.1838609225,"kt"
1955,"CO2","TRA",10,80762.4233229532,"kt"
1955,"CO2","TRA",11,78157.1838609225,"kt"
1955,"CO2","TRA",12,80762.4233229532,"kt"
1955,"CO2","SLV",1,1353.84841778719,"kt"
1955,"CO2","SLV",2,1222.83082896907,"kt"
1955,"CO2","SLV",3,1353.84841778719,"kt"
1955,"CO2","SLV",4,1310.17588818115,"kt"
1955,"CO2","SLV",5,1353.84841778719,"kt"
1955,"CO2","SLV",6,1310.17588818115,"kt"
1955,"CO2","SLV",7,1353.84841778719,"kt"
1955,"CO2","SLV",8,1353.84841778719,"kt"
1955,"CO2","SLV",9,1310.17588818115,"kt"
1955,"CO2","SLV",10,1353.84841778719,"kt"
1955,"CO2","SLV",11,1310.17588818115,"kt"
1955,"CO2","SLV",12,1353.84841778719,"kt"
1955,"CO2","WST",1,58.9598306273014,"kt"
1955,"CO2","WST",2,53.2540405665948,"kt"
1955,"CO2","WST",3,58.9598306273014,"kt"
1955,"CO2","WST",4,57.0579006070659,"kt"
1955,"CO2","WST",5,58.9598306273014,"kt"
1955,"CO2","WST",6,57.0579006070659,"kt"
1955,"CO2","WST",7,58.9598306273014,"kt"
1955,"CO2","WST",8,58.9598306273014,"kt"
1955,"CO2","WST",9,57.0579006070659,"kt"
1955,"CO2","WST",10,58.9598306273014,"kt"
1955,"CO2","WST",11,57.0579006070659,"kt"
1955,"CO2","WST",12,58.9598306273014,"kt"
1955,"CO2","SHP",1,27579.8593202182,"kt"
1955,"CO2","SHP",2,23668.105165166,"kt"
1955,"CO2","SHP",3,28927.3804370593,"kt"
1955,"CO2","SHP",4,27771.4707627839,"kt"
1955,"CO2","SHP",5,29200.2114932293,"kt"
1955,"CO2","SHP",6,27158.3385530296,"kt"
1955,"CO2","SHP",7,30030.2655174469,"kt"
1955,"CO2","SHP",8,30443.5365924808,"kt"
1955,"CO2","SHP",9,28984.1945892214,"kt"
1955,"CO2","SHP",10,31157.6535362709,"kt"
1955,"CO2","SHP",11,30335.2609320003,"kt"
1955,"CO2","SHP",12,30646.9757283262,"kt"
1955,"CO2","RCO",1,208938.636661694,"kt"
1955,"CO2","RCO",2,163187.70457786,"kt"
1955,"CO2","RCO",3,151634.967536427,"kt"
1955,"CO2","RCO",4,90630.5604415338,"kt"
1955,"CO2","RCO",5,67234.4096897601,"kt"
1955,"CO2","RCO",6,61749.8865649716,"kt"
1955,"CO2","RCO",7,65534.4273929495,"kt"
1955,"CO2","RCO",8,65367.7210180179,"kt"
1955,"CO2","RCO",9,62189.0440133302,"kt"
1955,"CO2","RCO",10,83346.3575145686,"kt"
1955,"CO2","RCO",11,128140.578337667,"kt"
1955,"CO2","RCO",12,201580.781339831,"kt"
1956,"CO2","AGR",1,0,"kt"
1956,"CO2","AGR",2,0,"kt"
1956,"CO2","AGR",3,0,"kt"
1956,"CO2","AGR",4,0,"kt"
1956,"CO2","AGR",5,0,"kt"
1956,"CO2","AGR",6,0,"kt"
1956,"CO2","AGR",7,0,"kt"
1956,"CO2","AGR",8,0,"kt"
1956,"CO2","AGR",9,0,"kt"
1956,"CO2","AGR",10,0,"kt"
1956,"CO2","AGR",11,0,"kt"
1956,"CO2","AGR",12,0,"kt"
1956,"CO2","ENE",1,294525.042200223,"kt"
1956,"CO2","ENE",2,248559.389703463,"kt"
1956,"CO2","ENE",3,253598.828824235,"kt"
1956,"CO2","ENE",4,232050.233530295,"kt"
1956,"CO2","ENE",5,228048.99181794,"kt"
1956,"CO2","ENE",6,219254.723732574,"kt"
1956,"CO2","ENE",7,230915.156859557,"kt"
1956,"CO2","ENE",8,229010.047639645,"kt"
1956,"CO2","ENE",9,217808.149065357,"kt"
1956,"CO2","ENE",10,234610.193856215,"kt"
1956,"CO2","ENE",11,241845.931389993,"kt"
1956,"CO2","ENE",12,279783.219890313,"kt"
1956,"CO2","IND",1,249075.625002031,"kt"
1956,"CO2","IND",2,225650.226489887,"kt"
1956,"CO2","IND",3,227119.202946446,"kt"
1956,"CO2","IND",4,221247.121823494,"kt"
1956,"CO2","IND",5,196063.098535357,"kt"
1956,"CO2","IND",6,180205.165849295,"kt"
1956,"CO2","IND",7,174858.087948688,"kt"
1956,"CO2","IND",8,186212.004710939,"kt"
1956,"CO2","IND",9,178750.821070749,"kt"
1956,"CO2","IND",10,207417.015297608,"kt"
1956,"CO2","IND",11,220519.949434221,"kt"
1956,"CO2","IND",12,249827.036470946,"kt"
1956,"CO2","TRA",1,86108.5501102592,"kt"
1956,"CO2","TRA",2,77775.464615718,"kt"
1956,"CO2","TRA",3,86108.5501102592,"kt"
1956,"CO2","TRA",4,83330.8549454122,"kt"
1956,"CO2","TRA",5,86108.5501102592,"kt"
1956,"CO2","TRA",6,83330.8549454122,"kt"
1956,"CO2","TRA",7,86108.5501102592,"kt"
1956,"CO2","TRA",8,86108.5501102592,"kt"
1956,"CO2","TRA",9,83330.8549454122,"kt"
1956,"CO2","TRA",10,86108.5501102592,"kt"
1956,"CO2","TRA",11,83330.8549454122,"kt"
1956,"CO2","TRA",12,86108.5501102592,"kt"
1956,"CO2","SLV",1,1475.58378981894,"kt"
1956,"CO2","SLV",2,1332.78535854614,"kt"
1956,"CO2","SLV",3,1475.58378981894,"kt"
1956,"CO2","SLV",4,1427.984312728,"kt"
1956,"CO2","SLV",5,1475.58378981894,"kt"
1956,"CO2","SLV",6,1427.984312728,"kt"
1956,"CO2","SLV",7,1475.58378981894,"kt"
1956,"CO2","SLV",8,1475.58378981894,"kt"
1956,"CO2","SLV",9,1427.984312728,"kt"
1956,"CO2","SLV",10,1475.58378981894,"kt"
1956,"CO2","SLV",11,1427.984312728,"kt"
1956,"CO2","SLV",12,1475.58378981894,"kt"
1956,"CO2","WST",1,61.0851597445611,"kt"
1956,"CO2","WST",2,55.1736926725068,"kt"
1956,"CO2","WST",3,61.0851597445611,"kt"
1956,"CO2","WST",4,59.114670720543,"kt"
1956,"CO2","WST",5,61.0851597445611,"kt"
1956,"CO2","WST",6,59.114670720543,"kt"
1956,"CO2","WST",7,61.0851597445611,"kt"
1956,"CO2","WST",8,61.0851597445611,"kt"
1956,"CO2","WST",9,59.114670720543,"kt"
1956,"CO2","WST",10,61.0851597445611,"kt"
1956,"CO2","WST",11,59.114670720543,"kt"
1956,"CO2","WST",12,61.0851597445611,"kt"
1956,"CO2","SHP",1,30507.0749031269,"kt"
1956,"CO2","SHP",2,26180.1428609713,"kt"
1956,"CO2","SHP",3,31997.6165033475,"kt"
1956,"CO2","SHP",4,30719.0232152188,"kt"
1956,"CO2","SHP",5,32299.4047528755,"kt"
1956,"CO2","SHP",6,30040.8156133843,"kt"
1956,"CO2","SHP",7,33217.5573799952,"kt"
1956,"CO2","SHP",8,33674.6913883661,"kt"
1956,"CO2","SHP",9,32060.4606816098,"kt"
1956,"CO2","SHP",10,34464.6018386281,"kt"
1956,"CO2","SHP",11,33554.9237838212,"kt"
1956,"CO2","SHP",12,33899.7227376346,"kt"
1956,"CO2","RCO",1,224107.27588993,"kt"
1956,"CO2","RCO",2,174916.22523973,"kt"
1956,"CO2","RCO",3,162566.908807239,"kt"
1956,"CO2","RCO",4,96977.0552145805,"kt"
1956,"CO2","RCO",5,72178.3560551799,"kt"
1956,"CO2","RCO",6,66305.0224418347,"kt"
1956,"CO2","RCO",7,70361.7695652359,"kt"
1956,"CO2","RCO",8,70182.8227241384,"kt"
1956,"CO2","RCO",9,66786.7274639319,"kt"
1956,"CO2","RCO",10,89413.2422573601,"kt"
1956,"CO2","RCO",11,137499.74210068,"kt"
1956,"CO2","RCO",12,216098.326468578,"kt"
1957,"CO2","AGR",1,0,"kt"
1957,"CO2","AGR",2,0,"kt"
1957,"CO2","AGR",3,0,"kt"
1957,"CO2","AGR",4,0,"kt"
1957,"CO2","AGR",5,0,"kt"
1957,"CO2","AGR",6,0,"kt"
1957,"CO2","AGR",7,0,"kt"
1957,"CO2","AGR",8,0,"kt"
1957,"CO2","AGR",9,0,"kt"
1957,"CO2","AGR",10,0,"kt"
1957,"CO2","AGR",11,0,"kt"
1957,"CO2","AGR",12,0,"kt"
1957,"CO2","ENE",1,306604.097533401,"kt"
1957,"CO2","ENE",2,258932.240950712,"kt"
1957,"CO2","ENE",3,263991.848981102,"kt"
1957,"CO2","ENE",4,241838.86417082,"kt"
1957,"CO2","ENE",5,237191.398890674,"kt"
1957,"CO2","ENE",6,227322.035748161,"kt"
1957,"CO2","ENE",7,239059.311466201,"kt"
1957,"CO2","ENE",8,237155.592798709,"kt"
1957,"CO2","ENE",9,226133.769649367,"kt"
1957,"CO2","ENE",10,244297.699765978,"kt"
1957,"CO2","ENE",11,252141.974358078,"kt"
1957,"CO2","ENE",12,291221.642276829,"kt"
1957,"CO2","IND",1,258791.913806515,"kt"
1957,"CO2","IND",2,234455.569116701,"kt"
1957,"CO2","IND",3,236116.976261508,"kt"
1957,"CO2","IND",4,230017.515462886,"kt"
1957,"CO2","IND",5,204064.307090008,"kt"
1957,"CO2","IND",6,187647.755424301,"kt"
1957,"CO2","IND",7,182173.264403405,"kt"
1957,"CO2","IND",8,193902.680605111,"kt"
1957,"CO2","IND",9,186130.539569325,"kt"
1957,"CO2","IND",10,215793.723291713,"kt"
1957,"CO2","IND",11,229258.907535399,"kt"
1957,"CO2","IND",12,259575.808664919,"kt"
1957,"CO2","TRA",1,88683.889913355,"kt"
1957,"CO2","TRA",2,80101.5779862561,"kt"
1957,"CO2","TRA",3,88683.889913355,"kt"
1957,"CO2","TRA",4,85823.1192709887,"kt"
1957,"CO2","TRA",5,88683.889913355,"kt"
1957,"CO2","TRA",6,85823.1192709887,"kt"
1957,"CO2","TRA",7,88683.889913355,"kt"
1957,"CO2","TRA",8,88683.889913355,"kt"
1957,"CO2","TRA",9,85823.1192709887,"kt"
1957,"CO2","TRA",10,88683.889913355,"kt"
1957,"CO2","TRA",11,85823.1192709887,"kt"
1957,"CO2","TRA",12,88683.889913355,"kt"
1957,"CO2","SLV",1,1566.22009906189,"kt"
1957,"CO2","SLV",2,1414.6504120559,"kt"
1957,"CO2","SLV",3,1566.22009906189,"kt"
1957,"CO2","SLV",4,1515.69687005989,"kt"
1957,"CO2","SLV",5,1566.22009906189,"kt"
1957,"CO2","SLV",6,1515.69687005989,"kt"
1957,"CO2","SLV",7,1566.22009906189,"kt"
1957,"CO2","SLV",8,1566.22009906189,"kt"
1957,"CO2","SLV",9,1515.69687005989,"kt"
1957,"CO2","SLV",10,1566.22009906189,"kt"
1957,"CO2","SLV",11,1515.69687005989,"kt"
1957,"CO2","SLV",12,1566.22009906189,"kt"
1957,"CO2","WST",1,63.2631693064225,"kt"
1957,"CO2","WST",2,57.1409271154784,"kt"
1957,"CO2","WST",3,63.2631693064225,"kt"
1957,"CO2","WST",4,61.2224219094411,"kt"
1957,"CO2","WST",5,63.2631693064225,"kt"
1957,"CO2","WST",6,61.2224219094411,"kt"
1957,"CO2","WST",7,63.2631693064225,"kt"
1957,"CO2","WST",8,63.2631693064225,"kt"
1957,"CO2","WST",9,61.2224219094411,"kt"
1957,"CO2","WST",10,63.2631693064225,"kt"
1957,"CO2","WST",11,61.2224219094411,"kt"
1957,"CO2","WST",12,63.2631693064225,"kt"
1957,"CO2","SHP",1,32931.1753077231,"kt"
1957,"CO2","SHP",2,28260.4240778101,"kt"
1957,"CO2","SHP",3,34540.1557457424,"kt"
1957,"CO2","SHP",4,33159.9650898912,"kt"
1957,"CO2","SHP",5,34865.92417102,"kt"
1957,"CO2","SHP",6,32427.8669289905,"kt"
1957,"CO2","SHP",7,35857.0334536679,"kt"
1957,"CO2","SHP",8,36350.4914537084,"kt"
1957,"CO2","SHP",9,34607.9935393688,"kt"
1957,"CO2","SHP",10,37203.1684015175,"kt"
1957,"CO2","SHP",11,36221.2070829853,"kt"
1957,"CO2","SHP",12,36593.4038547179,"kt"
1957,"CO2","RCO",1,233253.726961582,"kt"
1957,"CO2","RCO",2,181941.791741179,"kt"
1957,"CO2","RCO",3,169070.98221144,"kt"
1957,"CO2","RCO",4,100831.021104312,"kt"
1957,"CO2","RCO",5,75493.1719435335,"kt"
1957,"CO2","RCO",6,69418.0630338116,"kt"
1957,"CO2","RCO",7,73651.8093823409,"kt"
1957,"CO2","RCO",8,73460.3073847209,"kt"
1957,"CO2","RCO",9,69919.9703560685,"kt"
1957,"CO2","RCO",10,93405.4284498723,"kt"
1957,"CO2","RCO",11,143305.475555423,"kt"
1957,"CO2","RCO",12,224736.53609659,"kt"
1958,"CO2","AGR",1,0,"kt"
1958,"CO2","AGR",2,0,"kt"
1958,"CO2","AGR",3,0,"kt"
1958,"CO2","AGR",4,0,"kt"
1958,"CO2","AGR",5,0,"kt"
1958,"CO2","AGR",6,0,"kt"
1958,"CO2","AGR",7,0,"kt"
1958,"CO2","AGR",8,0,"kt"
1958,"CO2","AGR",9,0,"kt"
1958,"CO2","AGR",10,0,"kt"
1958,"CO2","AGR",11,0,"kt"
1958,"CO2","AGR",12,0,"kt"
1958,"CO2","ENE",1,309489.723527436,"kt"
1958,"CO2","ENE",2,261839.844594694,"kt"
1958,"CO2","ENE",3,267323.520313337,"kt"
1958,"CO2","ENE",4,245445.645717056,"kt"
1958,"CO2","ENE",5,240185.292604763,"kt"
1958,"CO2","ENE",6,229426.864905021,"kt"
1958,"CO2","ENE",7,240703.230498583,"kt"
1958,"CO2","ENE",8,238817.388866917,"kt"
1958,"CO2","ENE",9,228646.768271365,"kt"
1958,"CO2","ENE",10,247763.943119321,"kt"
1958,"CO2","ENE",11,255692.453369411,"kt"
1958,"CO2","ENE",12,294185.571688536,"kt"
1958,"CO2","IND",1,274458.84756248,"kt"
1958,"CO2","IND",2,248610.448299997,"kt"
1958,"CO2","IND",3,250886.458426316,"kt"
1958,"CO2","IND",4,244319.349091169,"kt"
1958,"CO2","IND",5,217498.960931935,"kt"
1958,"CO2","IND",6,200221.372344941,"kt"
1958,"CO2","IND",7,194715.006279718,"kt"
1958,"CO2","IND",8,206895.418089772,"kt"
1958,"CO2","IND",9,198695.370117949,"kt"
1958,"CO2","IND",10,229679.37274199,"kt"
1958,"CO2","IND",11,243556.347977673,"kt"
1958,"CO2","IND",12,275247.282046425,"kt"
1958,"CO2","TRA",1,91932.005727949,"kt"
1958,"CO2","TRA",2,83035.360012341,"kt"
1958,"CO2","TRA",3,91932.005727949,"kt"
1958,"CO2","TRA",4,88966.4571560797,"kt"
1958,"CO2","TRA",5,91932.005727949,"kt"
1958,"CO2","TRA",6,88966.4571560797,"kt"
1958,"CO2","TRA",7,91932.005727949,"kt"
1958,"CO2","TRA",8,91932.005727949,"kt"
1958,"CO2","TRA",9,88966.4571560797,"kt"
1958,"CO2","TRA",10,91932.005727949,"kt"
1958,"CO2","TRA",11,88966.4571560797,"kt"
1958,"CO2","TRA",12,91932.005727949,"kt"
1958,"CO2","SLV",1,1656.28239938885,"kt"
1958,"CO2","SLV",2,1495.99700589961,"kt"
1958,"CO2","SLV",3,1656.28239938885,"kt"
1958,"CO2","SLV",4,1602.85393489244,"kt"
1958,"CO2","SLV",5,1656.28239938885,"kt"
1958,"CO2","SLV",6,1602.85393489244,"kt"
1958,"CO2","SLV",7,1656.28239938885,"kt"
1958,"CO2","SLV",8,1656.28239938885,"kt"
1958,"CO2","SLV",9,1602.85393489244,"kt"
1958,"CO2","SLV",10,1656.28239938885,"kt"
1958,"CO2","SLV",11,1602.85393489244,"kt"
1958,"CO2","SLV",12,1656.28239938885,"kt"
1958,"CO2","WST",1,65.4818368273793,"kt"
1958,"CO2","WST",2,59.1448848763426,"kt"
1958,"CO2","WST",3,65.4818368273793,"kt"
1958,"CO2","WST",4,63.3695195103671,"kt"
1958,"CO2","WST",5,65.4818368273793,"kt"
1958,"CO2","WST",6,63.3695195103671,"kt"
1958,"CO2","WST",7,65.4818368273793,"kt"
1958,"CO2","WST",8,65.4818368273793,"kt"
1958,"CO2","WST",9,63.3695195103671,"kt"
1958,"CO2","WST",10,65.4818368273793,"kt"
1958,"CO2","WST",11,63.3695195103671,"kt"
1958,"CO2","WST",12,65.4818368273793,"kt"
1958,"CO2","SHP",1,31513.3052597517,"kt"
1958,"CO2","SHP",2,27043.6558189043,"kt"
1958,"CO2","SHP",3,33053.010151134,"kt"
1958,"CO2","SHP",4,31732.2443707431,"kt"
1958,"CO2","SHP",5,33364.7524358789,"kt"
1958,"CO2","SHP",6,31031.6671028812,"kt"
1958,"CO2","SHP",7,34313.1889577461,"kt"
1958,"CO2","SHP",8,34785.4008494515,"kt"
1958,"CO2","SHP",9,33117.9271508682,"kt"
1958,"CO2","SHP",10,35601.3653175632,"kt"
1958,"CO2","SHP",11,34661.6828891346,"kt"
1958,"CO2","SHP",12,35017.8545220842,"kt"
1958,"CO2","RCO",1,244770.040420008,"kt"
1958,"CO2","RCO",2,190342.532047283,"kt"
1958,"CO2","RCO",3,176035.712914351,"kt"
1958,"CO2","RCO",4,105157.051351444,"kt"
1958,"CO2","RCO",5,79636.8436474623,"kt"
1958,"CO2","RCO",6,73302.0984923794,"kt"
1958,"CO2","RCO",7,77747.9851143566,"kt"
1958,"CO2","RCO",8,77556.8620609311,"kt"
1958,"CO2","RCO",9,73827.9789731835,"kt"
1958,"CO2","RCO",10,98202.677011735,"kt"
1958,"CO2","RCO",11,149909.939453931,"kt"
1958,"CO2","RCO",12,235368.661675263,"kt"
1959,"CO2","AGR",1,0,"kt"
1959,"CO2","AGR",2,0,"kt"
1959,"CO2","AGR",3,0,"kt"
1959,"CO2","AGR",4,0,"kt"
1959,"CO2","AGR",5,0,"kt"
1959,"CO2","AGR",6,0,"kt"
1959,"CO2","AGR",7,0,"kt"
1959,"CO2","AGR",8,0,"kt"
1959,"CO2","AGR",9,0,"kt"
1959,"CO2","AGR",10,0,"kt"
1959,"CO2","AGR",11,0,"kt"
1959,"CO2","AGR",12,0,"kt"
1959,"CO2","ENE",1,321912.129289679,"kt"
1959,"CO2","ENE",2,272436.816074387,"kt"
1959,"CO2","ENE",3,278603.63534715,"kt"
1959,"CO2","ENE",4,256044.143101981,"kt"
1959,"CO2","ENE",5,251235.465585121,"kt"
1959,"CO2","ENE",6,240187.668964982,"kt"
1959,"CO2","ENE",7,252064.5264386,"kt"
1959,"CO2","ENE",8,250197.719547215,"kt"
1959,"CO2","ENE",9,239159.704691683,"kt"
1959,"CO2","ENE",10,258751.388993097,"kt"
1959,"CO2","ENE",11,266742.57811333,"kt"
1959,"CO2","ENE",12,306437.015889919,"kt"
1959,"CO2","IND",1,294287.604285711,"kt"
1959,"CO2","IND",2,266553.718162723,"kt"
1959,"CO2","IND",3,269301.392606591,"kt"
1959,"CO2","IND",4,262211.878308994,"kt"
1959,"CO2","IND",5,233885.677145456,"kt"
1959,"CO2","IND",6,215449.096006861,"kt"
1959,"CO2","IND",7,209724.906289354,"kt"
1959,"CO2","IND",8,222630.732540423,"kt"
1959,"CO2","IND",9,213851.468607471,"kt"
1959,"CO2","IND",10,246791.503396525,"kt"
1959,"CO2","IND",11,261413.064609299,"kt"
1959,"CO2","IND",12,295113.045108729,"kt"
1959,"CO2","TRA",1,97164.4995227516,"kt"
1959,"CO2","TRA",2,87761.4834399047,"kt"
1959,"CO2","TRA",3,97164.4995227516,"kt"
1959,"CO2","TRA",4,94030.1608284693,"kt"
1959,"CO2","TRA",5,97164.4995227516,"kt"
1959,"CO2","TRA",6,94030.1608284693,"kt"
1959,"CO2","TRA",7,97164.4995227516,"kt"
1959,"CO2","TRA",8,97164.4995227516,"kt"
1959,"CO2","TRA",9,94030.1608284693,"kt"
1959,"CO2","TRA",10,97164.4995227516,"kt"
1959,"CO2","TRA",11,94030.1608284693,"kt"
1959,"CO2","TRA",12,97164.4995227516,"kt"
1959,"CO2","SLV",1,1797.82798318721,"kt"
1959,"CO2","SLV",2,1623.84462997554,"kt"
1959,"CO2","SLV",3,1797.82798318721,"kt"
1959,"CO2","SLV",4,1739.83353211665,"kt"
1959,"CO2","SLV",5,1797.82798318721,"kt"
1959,"CO2","SLV",6,1739.83353211665,"kt"
1959,"CO2","SLV",7,1797.82798318721,"kt"
1959,"CO2","SLV",8,1797.82798318721,"kt"
1959,"CO2","SLV",9,1739.83353211665,"kt"
1959,"CO2","SLV",10,1797.82798318721,"kt"
1959,"CO2","SLV",11,1739.83353211665,"kt"
1959,"CO2","SLV",12,1797.82798318721,"kt"
1959,"CO2","WST",1,67.7306711629874,"kt"
1959,"CO2","WST",2,61.1760900826983,"kt"
1959,"CO2","WST",3,67.7306711629874,"kt"
1959,"CO2","WST",4,65.545810802891,"kt"
1959,"CO2","WST",5,67.7306711629874,"kt"
1959,"CO2","WST",6,65.545810802891,"kt"
1959,"CO2","WST",7,67.7306711629874,"kt"
1959,"CO2","WST",8,67.7306711629874,"kt"
1959,"CO2","WST",9,65.545810802891,"kt"
1959,"CO2","WST",10,67.7306711629874,"kt"
1959,"CO2","WST",11,65.545810802891,"kt"
1959,"CO2","WST",12,67.7306711629874,"kt"
1959,"CO2","SHP",1,31604.7807467177,"kt"
1959,"CO2","SHP",2,27122.1569968983,"kt"
1959,"CO2","SHP",3,33148.9550282056,"kt"
1959,"CO2","SHP",4,31824.3553848818,"kt"
1959,"CO2","SHP",5,33461.6022252429,"kt"
1959,"CO2","SHP",6,31121.7445110173,"kt"
1959,"CO2","SHP",7,34412.7918284508,"kt"
1959,"CO2","SHP",8,34886.374436823,"kt"
1959,"CO2","SHP",9,33214.0604662554,"kt"
1959,"CO2","SHP",10,35704.7074520119,"kt"
1959,"CO2","SHP",11,34762.297353254,"kt"
1959,"CO2","SHP",12,35119.5028661251,"kt"
1959,"CO2","RCO",1,258570.373289138,"kt"
1959,"CO2","RCO",2,200623.693376333,"kt"
1959,"CO2","RCO",3,184904.174583018,"kt"
1959,"CO2","RCO",4,110426.010026024,"kt"
1959,"CO2","RCO",5,84487.1966058528,"kt"
1959,"CO2","RCO",6,77842.9442722293,"kt"
1959,"CO2","RCO",7,82554.435108083,"kt"
1959,"CO2","RCO",8,82353.5554375915,"kt"
1959,"CO2","RCO",9,78392.443860372,"kt"
1959,"CO2","RCO",10,103729.010881299,"kt"
1959,"CO2","RCO",11,157876.805546951,"kt"
1959,"CO2","RCO",12,248288.37129085,"kt"
1960,"CO2","AGR",1,0,"kt"
1960,"CO2","AGR",2,0,"kt"
1960,"CO2","AGR",3,0,"kt"
1960,"CO2","AGR",4,0,"kt"
1960,"CO2","AGR",5,0,"kt"
1960,"CO2","AGR",6,0,"kt"
1960,"CO2","AGR",7,0,"kt"
1960,"CO2","AGR",8,0,"kt"
1960,"CO2","AGR",9,0,"kt"
1960,"CO2","AGR",10,0,"kt"
1960,"CO2","AGR",11,0,"kt"
1960,"CO2","AGR",12,0,"kt"
1960,"CO2","ENE",1,333233.987477925,"kt"
1960,"CO2","ENE",2,282694.886555322,"kt"
1960,"CO2","ENE",3,288365.515733934,"kt"
1960,"CO2","ENE",4,265287.311293275,"kt"
1960,"CO2","ENE",5,258699.17672303,"kt"
1960,"CO2","ENE",6,245813.102722877,"kt"
1960,"CO2","ENE",7,257149.559126985,"kt"
1960,"CO2","ENE",8,255220.350880688,"kt"
1960,"CO2","ENE",9,245600.830513669,"kt"
1960,"CO2","ENE",10,267203.148753159,"kt"
1960,"CO2","ENE",11,276136.224988075,"kt"
1960,"CO2","ENE",12,316589.782301823,"kt"
1960,"CO2","IND",1,315177.233408668,"kt"
1960,"CO2","IND",2,285452.156711023,"kt"
1960,"CO2","IND",3,288437.050774861,"kt"
1960,"CO2","IND",4,280795.370975603,"kt"
1960,"CO2","IND",5,250474.484199062,"kt"
1960,"CO2","IND",6,230702.919974618,"kt"
1960,"CO2","IND",7,224593.38451522,"kt"
1960,"CO2","IND",8,238393.017307106,"kt"
1960,"CO2","IND",9,229040.178781138,"kt"
1960,"CO2","IND",10,264274.116990948,"kt"
1960,"CO2","IND",11,279964.000378863,"kt"
1960,"CO2","IND",12,316036.316358632,"kt"
1960,"CO2","TRA",1,107737.428406797,"kt"
1960,"CO2","TRA",2,97311.2256577519,"kt"
1960,"CO2","TRA",3,107737.428406797,"kt"
1960,"CO2","TRA",4,104262.027490448,"kt"
1960,"CO2","TRA",5,107737.428406797,"kt"
1960,"CO2","TRA",6,104262.027490448,"kt"
1960,"CO2","TRA",7,107737.428406797,"kt"
1960,"CO2","TRA",8,107737.428406797,"kt"
1960,"CO2","TRA",9,104262.027490448,"kt"
1960,"CO2","TRA",10,107737.428406797,"kt"
1960,"CO2","TRA",11,104262.027490448,"kt"
1960,"CO2","TRA",12,107737.428406797,"kt"
1960,"CO2","SLV",1,1932.9173492692,"kt"
1960,"CO2","SLV",2,1745.86083159799,"kt"
1960,"CO2","SLV",3,1932.9173492692,"kt"
1960,"CO2","SLV",4,1870.56517671213,"kt"
1960,"CO2","SLV",5,1932.9173492692,"kt"
1960,"CO2","SLV",6,1870.56517671213,"kt"
1960,"CO2","SLV",7,1932.9173492692,"kt"
1960,"CO2","SLV",8,1932.9173492692,"kt"
1960,"CO2","SLV",9,1870.56517671213,"kt"
1960,"CO2","SLV",10,1932.9173492692,"kt"
1960,"CO2","SLV",11,1870.56517671213,"kt"
1960,"CO2","SLV",12,1932.9173492692,"kt"
1960,"CO2","WST",1,70.0001552086872,"kt"
1960,"CO2","WST",2,63.2259466401046,"kt"
1960,"CO2","WST",3,70.0001552086872,"kt"
1960,"CO2","WST",4,67.7420856858263,"kt"
1960,"CO2","WST",5,70.0001552086872,"kt"
1960,"CO2","WST",6,67.7420856858263,"kt"
1960,"CO2","WST",7,70.0001552086872,"kt"
1960,"CO2","WST",8,70.0001552086872,"kt"
1960,"CO2","WST",9,67.7420856858263,"kt"
1960,"CO2","WST",10,70.0001552086872,"kt"
1960,"CO2","WST",11,67.7420856858263,"kt"
1960,"CO2","WST",12,70.0001552086872,"kt"
1960,"CO2","SHP",1,29922.3553425076,"kt"
1960,"CO2","SHP",2,25678.356253136,"kt"
1960,"CO2","SHP",3,31384.3281981883,"kt"
1960,"CO2","SHP",4,30130.2413076089,"kt"
1960,"CO2","SHP",5,31680.3321667512,"kt"
1960,"CO2","SHP",6,29465.0326987036,"kt"
1960,"CO2","SHP",7,32580.8868497082,"kt"
1960,"CO2","SHP",8,33029.2591135537,"kt"
1960,"CO2","SHP",9,31445.9678617464,"kt"
1960,"CO2","SHP",10,33804.0295973366,"kt"
1960,"CO2","SHP",11,32911.7870572162,"kt"
1960,"CO2","SHP",12,33249.9773573511,"kt"
1960,"CO2","RCO",1,264608.282533628,"kt"
1960,"CO2","RCO",2,205283.661729499,"kt"
1960,"CO2","RCO",3,189062.031876035,"kt"
1960,"CO2","RCO",4,113554.479457536,"kt"
1960,"CO2","RCO",5,86790.6172875633,"kt"
1960,"CO2","RCO",6,79961.7173888344,"kt"
1960,"CO2","RCO",7,84791.491171364,"kt"
1960,"CO2","RCO",8,84583.5804972212,"kt"
1960,"CO2","RCO",9,80519.6834122275,"kt"
1960,"CO2","RCO",10,106577.620167186,"kt"
1960,"CO2","RCO",11,161856.5641686,"kt"
1960,"CO2","RCO",12,253835.672671546,"kt"
1961,"CO2","AGR",1,0,"kt"
1961,"CO2","AGR",2,0,"kt"
1961,"CO2","AGR",3,0,"kt"
1961,"CO2","AGR",4,0,"kt"
1961,"CO2","AGR",5,0,"kt"
1961,"CO2","AGR",6,0,"kt"
1961,"CO2","AGR",7,0,"kt"
1961,"CO2","AGR",8,0,"kt"
1961,"CO2","AGR",9,0,"kt"
1961,"CO2","AGR",10,0,"kt"
1961,"CO2","AGR",11,0,"kt"
1961,"CO2","AGR",12,0,"kt"
1961,"CO2","ENE",1,342479.479571109,"kt"
1961,"CO2","ENE",2,290424.767627822,"kt"
1961,"CO2","ENE",3,295695.397804105,"kt"
1961,"CO2","ENE",4,271921.800633965,"kt"
1961,"CO2","ENE",5,264695.086983094,"kt"
1961,"CO2","ENE",6,251088.779055491,"kt"
1961,"CO2","ENE",7,262658.141857576,"kt"
1961,"CO2","ENE",8,260639.508900236,"kt"
1961,"CO2","ENE",9,250980.26812828,"kt"
1961,"CO2","ENE",10,273518.744082607,"kt"
1961,"CO2","ENE",11,283139.22899178,"kt"
1961,"CO2","ENE",12,325056.956048322,"kt"
1961,"CO2","IND",1,309123.743037199,"kt"
1961,"CO2","IND",2,280000.443359383,"kt"
1961,"CO2","IND",3,282551.574638498,"kt"
1961,"CO2","IND",4,275133.938988822,"kt"
1961,"CO2","IND",5,244885.191602886,"kt"
1961,"CO2","IND",6,225400.866910645,"kt"
1961,"CO2","IND",7,219189.771029161,"kt"
1961,"CO2","IND",8,232914.229140999,"kt"
1961,"CO2","IND",9,223703.935636498,"kt"
1961,"CO2","IND",10,258609.649714724,"kt"
1961,"CO2","IND",11,274285.473351749,"kt"
1961,"CO2","IND",12,310000.490862174,"kt"
1961,"CO2","TRA",1,110872.423383052,"kt"
1961,"CO2","TRA",2,100142.834023402,"kt"
1961,"CO2","TRA",3,110872.423383052,"kt"
1961,"CO2","TRA",4,107295.893596502,"kt"
1961,"CO2","TRA",5,110872.423383052,"kt"
1961,"CO2","TRA",6,107295.893596502,"kt"
1961,"CO2","TRA",7,110872.423383052,"kt"
1961,"CO2","TRA",8,110872.423383052,"kt"
1961,"CO2","TRA",9,107295.893596502,"kt"
1961,"CO2","TRA",10,110872.423383052,"kt"
1961,"CO2","TRA",11,107295.893596502,"kt"
1961,"CO2","TRA",12,110872.423383052,"kt"
1961,"CO2","SLV",1,2063.61665057316,"kt"
1961,"CO2","SLV",2,1863.91181342092,"kt"
1961,"CO2","SLV",3,2063.61665057316,"kt"
1961,"CO2","SLV",4,1997.04837152241,"kt"
1961,"CO2","SLV",5,2063.61665057316,"kt"
1961,"CO2","SLV",6,1997.04837152241,"kt"
1961,"CO2","SLV",7,2063.61665057316,"kt"
1961,"CO2","SLV",8,2063.61665057316,"kt"
1961,"CO2","SLV",9,1997.04837152241,"kt"
1961,"CO2","SLV",10,2063.61665057316,"kt"
1961,"CO2","SLV",11,1997.04837152241,"kt"
1961,"CO2","SLV",12,2063.61665057316,"kt"
1961,"CO2","WST",1,72.2811118634948,"kt"
1961,"CO2","WST",2,65.2861655541244,"kt"
1961,"CO2","WST",3,72.2811118634948,"kt"
1961,"CO2","WST",4,69.9494630937047,"kt"
1961,"CO2","WST",5,72.2811118634948,"kt"
1961,"CO2","WST",6,69.9494630937047,"kt"
1961,"CO2","WST",7,72.2811118634948,"kt"
1961,"CO2","WST",8,72.2811118634948,"kt"
1961,"CO2","WST",9,69.9494630937047,"kt"
1961,"CO2","WST",10,72.2811118634948,"kt"
1961,"CO2","WST",11,69.9494630937047,"kt"
1961,"CO2","WST",12,72.2811118634948,"kt"
1961,"CO2","SHP",1,32867.6887029134,"kt"
1961,"CO2","SHP",2,28205.9420145852,"kt"
1961,"CO2","SHP",3,34473.5672563427,"kt"
1961,"CO2","SHP",4,33096.037411043,"kt"
1961,"CO2","SHP",5,34798.7076466024,"kt"
1961,"CO2","SHP",6,32365.3506308838,"kt"
1961,"CO2","SHP",7,35787.906212042,"kt"
1961,"CO2","SHP",8,36280.4128955034,"kt"
1961,"CO2","SHP",9,34541.2742683874,"kt"
1961,"CO2","SHP",10,37131.4460038834,"kt"
1961,"CO2","SHP",11,36151.3777665907,"kt"
1961,"CO2","SHP",12,36522.8569960814,"kt"
1961,"CO2","RCO",1,261631.279453166,"kt"
1961,"CO2","RCO",2,203476.623117851,"kt"
1961,"CO2","RCO",3,188436.096493282,"kt"
1961,"CO2","RCO",4,113025.110401886,"kt"
1961,"CO2","RCO",5,86146.6784733577,"kt"
1961,"CO2","RCO",6,79389.0957677673,"kt"
1961,"CO2","RCO",7,84173.0160556424,"kt"
1961,"CO2","RCO",8,83954.6686505641,"kt"
1961,"CO2","RCO",9,79938.0842903897,"kt"
1961,"CO2","RCO",10,105841.401961407,"kt"
1961,"CO2","RCO",11,160851.217003372,"kt"
1961,"CO2","RCO",12,251382.738702875,"kt"
1962,"CO2","AGR",1,0,"kt"
1962,"CO2","AGR",2,0,"kt"
1962,"CO2","AGR",3,0,"kt"
1962,"CO2","AGR",4,0,"kt"
1962,"CO2","AGR",5,0,"kt"
1962,"CO2","AGR",6,0,"kt"
1962,"CO2","AGR",7,0,"kt"
1962,"CO2","AGR",8,0,"kt"
1962,"CO2","AGR",9,0,"kt"
1962,"CO2","AGR",10,0,"kt"
1962,"CO2","AGR",11,0,"kt"
1962,"CO2","AGR",12,0,"kt"
1962,"CO2","ENE",1,360802.347934344,"kt"
1962,"CO2","ENE",2,305901.564072939,"kt"
1962,"CO2","ENE",3,310978.269818884,"kt"
1962,"CO2","ENE",4,285845.758615124,"kt"
1962,"CO2","ENE",5,278030.765794447,"kt"
1962,"CO2","ENE",6,263424.520966703,"kt"
1962,"CO2","ENE",7,275609.660574988,"kt"
1962,"CO2","ENE",8,273494.74176929,"kt"
1962,"CO2","ENE",9,263314.346402255,"kt"
1962,"CO2","ENE",10,287120.864281117,"kt"
1962,"CO2","ENE",11,297634.730612643,"kt"
1962,"CO2","ENE",12,342193.183587497,"kt"
1962,"CO2","IND",1,318206.070175808,"kt"
1962,"CO2","IND",2,288226.662120685,"kt"
1962,"CO2","IND",3,290633.2611524,"kt"
1962,"CO2","IND",4,283003.83988149,"kt"
1962,"CO2","IND",5,251529.097690379,"kt"
1962,"CO2","IND",6,231382.957957287,"kt"
1962,"CO2","IND",7,224858.308696208,"kt"
1962,"CO2","IND",8,239095.72322253,"kt"
1962,"CO2","IND",9,229637.112739411,"kt"
1962,"CO2","IND",10,265766.512216701,"kt"
1962,"CO2","IND",11,282130.917272551,"kt"
1962,"CO2","IND",12,319108.090205044,"kt"
1962,"CO2","TRA",1,116272.319075862,"kt"
1962,"CO2","TRA",2,105020.159165295,"kt"
1962,"CO2","TRA",3,116272.319075862,"kt"
1962,"CO2","TRA",4,112521.599105673,"kt"
1962,"CO2","TRA",5,116272.319075862,"kt"
1962,"CO2","TRA",6,112521.599105673,"kt"
1962,"CO2","TRA",7,116272.319075862,"kt"
1962,"CO2","TRA",8,116272.319075862,"kt"
1962,"CO2","TRA",9,112521.599105673,"kt"
1962,"CO2","TRA",10,116272.319075862,"kt"
1962,"CO2","TRA",11,112521.599105673,"kt"
1962,"CO2","TRA",12,116272.319075862,"kt"
1962,"CO2","SLV",1,2242.07872975518,"kt"
1962,"CO2","SLV",2,2025.10336881113,"kt"
1962,"CO2","SLV",3,2242.07872975518,"kt"
1962,"CO2","SLV",4,2169.7536094405,"kt"
1962,"CO2","SLV",5,2242.07872975518,"kt"
1962,"CO2","SLV",6,2169.7536094405,"kt"
1962,"CO2","SLV",7,2242.07872975518,"kt"
1962,"CO2","SLV",8,2242.07872975518,"kt"
1962,"CO2","SLV",9,2169.7536094405,"kt"
1962,"CO2","SLV",10,2242.07872975518,"kt"
1962,"CO2","SLV",11,2169.7536094405,"kt"
1962,"CO2","SLV",12,2242.07872975518,"kt"
1962,"CO2","WST",1,78.5736982512498,"kt"
1962,"CO2","WST",2,70.9697919688708,"kt"
1962,"CO2","WST",3,78.5736982512498,"kt"
1962,"CO2","WST",4,76.0390628237901,"kt"
1962,"CO2","WST",5,78.5736982512498,"kt"
1962,"CO2","WST",6,76.0390628237901,"kt"
1962,"CO2","WST",7,78.5736982512498,"kt"
1962,"CO2","WST",8,78.5736982512498,"kt"
1962,"CO2","WST",9,76.0390628237901,"kt"
1962,"CO2","WST",10,78.5736982512498,"kt"
1962,"CO2","WST",11,76.0390628237901,"kt"
1962,"CO2","WST",12,78.5736982512498,"kt"
1962,"CO2","SHP",1,33122.1275077593,"kt"
1962,"CO2","SHP",2,28424.2928162073,"kt"
1962,"CO2","SHP",3,34740.4376569591,"kt"
1962,"CO2","SHP",4,33352.2439328985,"kt"
1962,"CO2","SHP",5,35068.0950581669,"kt"
1962,"CO2","SHP",6,32615.9006834712,"kt"
1962,"CO2","SHP",7,36064.9513114658,"kt"
1962,"CO2","SHP",8,36561.2706394077,"kt"
1962,"CO2","SHP",9,34808.6688096387,"kt"
1962,"CO2","SHP",10,37418.8918546953,"kt"
1962,"CO2","SHP",11,36431.2366101987,"kt"
1962,"CO2","SHP",12,36805.5915737281,"kt"
1962,"CO2","RCO",1,274168.644950681,"kt"
1962,"CO2","RCO",2,213440.301212994,"kt"
1962,"CO2","RCO",3,198085.603652526,"kt"
1962,"CO2","RCO",4,118926.968643037,"kt"
1962,"CO2","RCO",5,90412.728443807,"kt"
1962,"CO2","RCO",6,83325.8729184119,"kt"
1962,"CO2","RCO",7,88340.8655173189,"kt"
1962,"CO2","RCO",8,88111.9634367139,"kt"
1962,"CO2","RCO",9,83899.1435634173,"kt"
1962,"CO2","RCO",10,110928.487664364,"kt"
1962,"CO2","RCO",11,168797.19286178,"kt"
1962,"CO2","RCO",12,263651.30622818,"kt"
1963,"CO2","AGR",1,0,"kt"
1963,"CO2","AGR",2,0,"kt"
1963,"CO2","AGR",3,0,"kt"
1963,"CO2","AGR",4,0,"kt"
1963,"CO2","AGR",5,0,"kt"
1963,"CO2","AGR",6,0,"kt"
1963,"CO2","AGR",7,0,"kt"
1963,"CO2","AGR",8,0,"kt"
1963,"CO2","AGR",9,0,"kt"
1963,"CO2","AGR",10,0,"kt"
1963,"CO2","AGR",11,0,"kt"
1963,"CO2","AGR",12,0,"kt"
1963,"CO2","ENE",1,382104.374862651,"kt"
1963,"CO2","ENE",2,323920.203212683,"kt"
1963,"CO2","ENE",3,329552.039492178,"kt"
1963,"CO2","ENE",4,302866.895238462,"kt"
1963,"CO2","ENE",5,294807.369811036,"kt"
1963,"CO2","ENE",6,279603.251743629,"kt"
1963,"CO2","ENE",7,292585.466160552,"kt"
1963,"CO2","ENE",8,290375.646998363,"kt"
1963,"CO2","ENE",9,279409.045952944,"kt"
1963,"CO2","ENE",10,304457.411987663,"kt"
1963,"CO2","ENE",11,315400.127201879,"kt"
1963,"CO2","ENE",12,362526.913205505,"kt"
1963,"CO2","IND",1,338768.17748933,"kt"
1963,"CO2","IND",2,306827.972412506,"kt"
1963,"CO2","IND",3,309297.007850701,"kt"
1963,"CO2","IND",4,301127.853801585,"kt"
1963,"CO2","IND",5,267425.804739761,"kt"
1963,"CO2","IND",6,245895.049092242,"kt"
1963,"CO2","IND",7,238888.855639934,"kt"
1963,"CO2","IND",8,254091.55072865,"kt"
1963,"CO2","IND",9,244086.880307464,"kt"
1963,"CO2","IND",10,282628.499828477,"kt"
1963,"CO2","IND",11,300223.769409196,"kt"
1963,"CO2","IND",12,339702.398028132,"kt"
1963,"CO2","TRA",1,122385.521906782,"kt"
1963,"CO2","TRA",2,110541.761722255,"kt"
1963,"CO2","TRA",3,122385.521906782,"kt"
1963,"CO2","TRA",4,118437.601845273,"kt"
1963,"CO2","TRA",5,122385.521906782,"kt"
1963,"CO2","TRA",6,118437.601845273,"kt"
1963,"CO2","TRA",7,122385.521906782,"kt"
1963,"CO2","TRA",8,122385.521906782,"kt"
1963,"CO2","TRA",9,118437.601845273,"kt"
1963,"CO2","TRA",10,122385.521906782,"kt"
1963,"CO2","TRA",11,118437.601845273,"kt"
1963,"CO2","TRA",12,122385.521906782,"kt"
1963,"CO2","SLV",1,2430.68297110933,"kt"
1963,"CO2","SLV",2,2195.45558680843,"kt"
1963,"CO2","SLV",3,2430.68297110933,"kt"
1963,"CO2","SLV",4,2352.27384300903,"kt"
1963,"CO2","SLV",5,2430.68297110933,"kt"
1963,"CO2","SLV",6,2352.27384300903,"kt"
1963,"CO2","SLV",7,2430.68297110933,"kt"
1963,"CO2","SLV",8,2430.68297110933,"kt"
1963,"CO2","SLV",9,2352.27384300903,"kt"
1963,"CO2","SLV",10,2430.68297110933,"kt"
1963,"CO2","SLV",11,2352.27384300903,"kt"
1963,"CO2","SLV",12,2430.68297110933,"kt"
1963,"CO2","WST",1,85.0795935497112,"kt"
1963,"CO2","WST",2,76.8460844965133,"kt"
1963,"CO2","WST",3,85.0795935497112,"kt"
1963,"CO2","WST",4,82.3350905319785,"kt"
1963,"CO2","WST",5,85.0795935497112,"kt"
1963,"CO2","WST",6,82.3350905319785,"kt"
1963,"CO2","WST",7,85.0795935497112,"kt"
1963,"CO2","WST",8,85.0795935497112,"kt"
1963,"CO2","WST",9,82.3350905319785,"kt"
1963,"CO2","WST",10,85.0795935497112,"kt"
1963,"CO2","WST",11,82.3350905319785,"kt"
1963,"CO2","WST",12,85.0795935497112,"kt"
1963,"CO2","SHP",1,34984.5459361275,"kt"
1963,"CO2","SHP",2,30022.5575032155,"kt"
1963,"CO2","SHP",3,36693.8517692239,"kt"
1963,"CO2","SHP",4,35227.601538279,"kt"
1963,"CO2","SHP",5,37039.9329622627,"kt"
1963,"CO2","SHP",6,34449.8545705363,"kt"
1963,"CO2","SHP",7,38092.841274903,"kt"
1963,"CO2","SHP",8,38617.0680572347,"kt"
1963,"CO2","SHP",9,36765.9194796884,"kt"
1963,"CO2","SHP",10,39522.9123087852,"kt"
1963,"CO2","SHP",11,38479.7223668935,"kt"
1963,"CO2","SHP",12,38875.1268714786,"kt"
1963,"CO2","RCO",1,288024.452142816,"kt"
1963,"CO2","RCO",2,224078.080171846,"kt"
1963,"CO2","RCO",3,207943.197601383,"kt"
1963,"CO2","RCO",4,124992.818838458,"kt"
1963,"CO2","RCO",5,94814.850650955,"kt"
1963,"CO2","RCO",6,87353.8258928364,"kt"
1963,"CO2","RCO",7,92598.2576080156,"kt"
1963,"CO2","RCO",8,92370.160228078,"kt"
1963,"CO2","RCO",9,87979.6097412764,"kt"
1963,"CO2","RCO",10,116490.090311708,"kt"
1963,"CO2","RCO",11,177512.723398896,"kt"
1963,"CO2","RCO",12,276860.301799582,"kt"
1964,"CO2","AGR",1,0,"kt"
1964,"CO2","AGR",2,0,"kt"
1964,"CO2","AGR",3,0,"kt"
1964,"CO2","AGR",4,0,"kt"
1964,"CO2","AGR",5,0,"kt"
1964,"CO2","AGR",6,0,"kt"
1964,"CO2","AGR",7,0,"kt"
1964,"CO2","AGR",8,0,"kt"
1964,"CO2","AGR",9,0,"kt"
1964,"CO2","AGR",10,0,"kt"
1964,"CO2","AGR",11,0,"kt"
1964,"CO2","AGR",12,0,"kt"
1964,"CO2","ENE",1,407274.624994946,"kt"
1964,"CO2","ENE",2,345017.022420866,"kt"
1964,"CO2","ENE",3,349977.589946814,"kt"
1964,"CO2","ENE",4,321568.355125285,"kt"
1964,"CO2","ENE",5,312874.816317193,"kt"
1964,"CO2","ENE",6,295942.719668551,"kt"
1964,"CO2","ENE",7,309732.722828134,"kt"
1964,"CO2","ENE",8,307469.115133647,"kt"
1964,"CO2","ENE",9,295649.879879861,"kt"
1964,"CO2","ENE",10,322615.219137283,"kt"
1964,"CO2","ENE",11,335218.59047579,"kt"
1964,"CO2","ENE",12,386140.809865804,"kt"
1964,"CO2","IND",1,358571.04435657,"kt"
1964,"CO2","IND",2,324756.373655754,"kt"
1964,"CO2","IND",3,327315.240208278,"kt"
1964,"CO2","IND",4,318654.726100942,"kt"
1964,"CO2","IND",5,282883.171605876,"kt"
1964,"CO2","IND",6,260057.663326211,"kt"
1964,"CO2","IND",7,252608.022505598,"kt"
1964,"CO2","IND",8,268726.252103751,"kt"
1964,"CO2","IND",9,258159.621297796,"kt"
1964,"CO2","IND",10,299001.401204029,"kt"
1964,"CO2","IND",11,317705.705086735,"kt"
1964,"CO2","IND",12,359551.699404585,"kt"
1964,"CO2","TRA",1,128625.444911799,"kt"
1964,"CO2","TRA",2,116177.821210657,"kt"
1964,"CO2","TRA",3,128625.444911799,"kt"
1964,"CO2","TRA",4,124476.237011418,"kt"
1964,"CO2","TRA",5,128625.444911799,"kt"
1964,"CO2","TRA",6,124476.237011418,"kt"
1964,"CO2","TRA",7,128625.444911799,"kt"
1964,"CO2","TRA",8,128625.444911799,"kt"
1964,"CO2","TRA",9,124476.237011418,"kt"
1964,"CO2","TRA",10,128625.444911799,"kt"
1964,"CO2","TRA",11,124476.237011418,"kt"
1964,"CO2","TRA",12,128625.444911799,"kt"
1964,"CO2","SLV",1,2632.57394533469,"kt"
1964,"CO2","SLV",2,2377.80872481843,"kt"
1964,"CO2","SLV",3,2632.57394533469,"kt"
1964,"CO2","SLV",4,2547.6522051626,"kt"
1964,"CO2","SLV",5,2632.57394533469,"kt"
1964,"CO2","SLV",6,2547.6522051626,"kt"
1964,"CO2","SLV",7,2632.57394533469,"kt"
1964,"CO2","SLV",8,2632.57394533469,"kt"
1964,"CO2","SLV",9,2547.6522051626,"kt"
1964,"CO2","SLV",10,2632.57394533469,"kt"
1964,"CO2","SLV",11,2547.6522051626,"kt"
1964,"CO2","SLV",12,2632.57394533469,"kt"
1964,"CO2","WST",1,91.8015549476019,"kt"
1964,"CO2","WST",2,82.9175335010598,"kt"
1964,"CO2","WST",3,91.8015549476019,"kt"
1964,"CO2","WST",4,88.8402144654212,"kt"
1964,"CO2","WST",5,91.8015549476019,"kt"
1964,"CO2","WST",6,88.8402144654212,"kt"
1964,"CO2","WST",7,91.8015549476019,"kt"
1964,"CO2","WST",8,91.8015549476019,"kt"
1964,"CO2","WST",9,88.8402144654212,"kt"
1964,"CO2","WST",10,91.8015549476019,"kt"
1964,"CO2","WST",11,88.8402144654212,"kt"
1964,"CO2","WST",12,91.8015549476019,"kt"
1964,"CO2","SHP",1,38419.0027689249,"kt"
1964,"CO2","SHP",2,32969.8925334664,"kt"
1964,"CO2","SHP",3,40296.1123262297,"kt"
1964,"CO2","SHP",4,38685.9193059898,"kt"
1964,"CO2","SHP",5,40676.1685469936,"kt"
1964,"CO2","SHP",6,37831.8203858042,"kt"
1964,"CO2","SHP",7,41832.4415897425,"kt"
1964,"CO2","SHP",8,42408.1320742986,"kt"
1964,"CO2","SHP",9,40375.254973184,"kt"
1964,"CO2","SHP",10,43402.9036763674,"kt"
1964,"CO2","SHP",11,42257.303063479,"kt"
1964,"CO2","SHP",12,42691.5246990617,"kt"
1964,"CO2","RCO",1,289841.41746065,"kt"
1964,"CO2","RCO",2,225649.125918851,"kt"
1964,"CO2","RCO",3,210082.11036137,"kt"
1964,"CO2","RCO",4,126017.064655801,"kt"
1964,"CO2","RCO",5,95835.5103738336,"kt"
1964,"CO2","RCO",6,88330.5959307934,"kt"
1964,"CO2","RCO",7,93610.6937349019,"kt"
1964,"CO2","RCO",8,93362.3831219201,"kt"
1964,"CO2","RCO",9,88968.2214600779,"kt"
1964,"CO2","RCO",10,117942.452288491,"kt"
1964,"CO2","RCO",11,179458.180368714,"kt"
1964,"CO2","RCO",12,278570.762379902,"kt"
1965,"CO2","AGR",1,0,"kt"
1965,"CO2","AGR",2,0,"kt"
1965,"CO2","AGR",3,0,"kt"
1965,"CO2","AGR",4,0,"kt"
1965,"CO2","AGR",5,0,"kt"
1965,"CO2","AGR",6,0,"kt"
1965,"CO2","AGR",7,0,"kt"
1965,"CO2","AGR",8,0,"kt"
1965,"CO2","AGR",9,0,"kt"
1965,"CO2","AGR",10,0,"kt"
1965,"CO2","AGR",11,0,"kt"
1965,"CO2","AGR",12,0,"kt"
1965,"CO2","ENE",1,422323.615716823,"kt"
1965,"CO2","ENE",2,357639.062549548,"kt"
1965,"CO2","ENE",3,364254.953183793,"kt"
1965,"CO2","ENE",4,334887.726987232,"kt"
1965,"CO2","ENE",5,326899.739639835,"kt"
1965,"CO2","ENE",6,310350.548042679,"kt"
1965,"CO2","ENE",7,325074.386348884,"kt"
1965,"CO2","ENE",8,322563.417639958,"kt"
1965,"CO2","ENE",9,309463.980502443,"kt"
1965,"CO2","ENE",10,336817.193808248,"kt"
1965,"CO2","ENE",11,348974.54483114,"kt"
1965,"CO2","ENE",12,401367.642529447,"kt"
1965,"CO2","IND",1,378161.287963742,"kt"
1965,"CO2","IND",2,342484.521717501,"kt"
1965,"CO2","IND",3,345207.808623149,"kt"
1965,"CO2","IND",4,336042.403063261,"kt"
1965,"CO2","IND",5,298322.599456701,"kt"
1965,"CO2","IND",6,274231.805509422,"kt"
1965,"CO2","IND",7,266387.124053885,"kt"
1965,"CO2","IND",8,283372.86569307,"kt"
1965,"CO2","IND",9,272261.475307274,"kt"
1965,"CO2","IND",10,315308.341095886,"kt"
1965,"CO2","IND",11,335057.237962186,"kt"
1965,"CO2","IND",12,379179.291901519,"kt"
1965,"CO2","TRA",1,133605.704359023,"kt"
1965,"CO2","TRA",2,120676.120066215,"kt"
1965,"CO2","TRA",3,133605.704359023,"kt"
1965,"CO2","TRA",4,129295.842928087,"kt"
1965,"CO2","TRA",5,133605.704359023,"kt"
1965,"CO2","TRA",6,129295.842928087,"kt"
1965,"CO2","TRA",7,133605.704359023,"kt"
1965,"CO2","TRA",8,133605.704359023,"kt"
1965,"CO2","TRA",9,129295.842928087,"kt"
1965,"CO2","TRA",10,133605.704359023,"kt"
1965,"CO2","TRA",11,129295.842928087,"kt"
1965,"CO2","TRA",12,133605.704359023,"kt"
1965,"CO2","SLV",1,2857.61512895536,"kt"
1965,"CO2","SLV",2,2581.07172937904,"kt"
1965,"CO2","SLV",3,2857.61512895536,"kt"
1965,"CO2","SLV",4,2765.43399576325,"kt"
1965,"CO2","SLV",5,2857.61512895536,"kt"
1965,"CO2","SLV",6,2765.43399576325,"kt"
1965,"CO2","SLV",7,2857.61512895536,"kt"
1965,"CO2","SLV",8,2857.61512895536,"kt"
1965,"CO2","SLV",9,2765.43399576325,"kt"
1965,"CO2","SLV",10,2857.61512895536,"kt"
1965,"CO2","SLV",11,2765.43399576325,"kt"
1965,"CO2","SLV",12,2857.61512895536,"kt"
1965,"CO2","WST",1,98.7306277580795,"kt"
1965,"CO2","WST",2,89.1760508782654,"kt"
1965,"CO2","WST",3,98.7306277580795,"kt"
1965,"CO2","WST",4,95.5457687981415,"kt"
1965,"CO2","WST",5,98.7306277580795,"kt"
1965,"CO2","WST",6,95.5457687981415,"kt"
1965,"CO2","WST",7,98.7306277580795,"kt"
1965,"CO2","WST",8,98.7306277580795,"kt"
1965,"CO2","WST",9,95.5457687981415,"kt"
1965,"CO2","WST",10,98.7306277580795,"kt"
1965,"CO2","WST",11,95.5457687981415,"kt"
1965,"CO2","WST",12,98.7306277580795,"kt"
1965,"CO2","SHP",1,39988.1102703579,"kt"
1965,"CO2","SHP",2,34316.4476745995,"kt"
1965,"CO2","SHP",3,41941.8846673279,"kt"
1965,"CO2","SHP",4,40265.9282028361,"kt"
1965,"CO2","SHP",5,42337.4631303155,"kt"
1965,"CO2","SHP",6,39376.9462058905,"kt"
1965,"CO2","SHP",7,43540.9606342507,"kt"
1965,"CO2","SHP",8,44140.1634484541,"kt"
1965,"CO2","SHP",9,42024.2596553653,"kt"
1965,"CO2","SHP",10,45175.5634757948,"kt"
1965,"CO2","SHP",11,43983.1742847088,"kt"
1965,"CO2","SHP",12,44435.1303843996,"kt"
1965,"CO2","RCO",1,301824.396160731,"kt"
1965,"CO2","RCO",2,234991.886595014,"kt"
1965,"CO2","RCO",3,218953.392001485,"kt"
1965,"CO2","RCO",4,131423.894623829,"kt"
1965,"CO2","RCO",5,100359.426363818,"kt"
1965,"CO2","RCO",6,92525.4988991146,"kt"
1965,"CO2","RCO",7,98036.3443468532,"kt"
1965,"CO2","RCO",8,97769.8884670264,"kt"
1965,"CO2","RCO",9,93201.5702387842,"kt"
1965,"CO2","RCO",10,123353.372073324,"kt"
1965,"CO2","RCO",11,187114.648032593,"kt"
1965,"CO2","RCO",12,290014.534490624,"kt"
1966,"CO2","AGR",1,0,"kt"
1966,"CO2","AGR",2,0,"kt"
1966,"CO2","AGR",3,0,"kt"
1966,"CO2","AGR",4,0,"kt"
1966,"CO2","AGR",5,0,"kt"
1966,"CO2","AGR",6,0,"kt"
1966,"CO2","AGR",7,0,"kt"
1966,"CO2","AGR",8,0,"kt"
1966,"CO2","AGR",9,0,"kt"
1966,"CO2","AGR",10,0,"kt"
1966,"CO2","AGR",11,0,"kt"
1966,"CO2","AGR",12,0,"kt"
1966,"CO2","ENE",1,443514.658412544,"kt"
1966,"CO2","ENE",2,375551.142764378,"kt"
1966,"CO2","ENE",3,383843.881415916,"kt"
1966,"CO2","ENE",4,353156.67969055,"kt"
1966,"CO2","ENE",5,346160.799099489,"kt"
1966,"CO2","ENE",6,329733.751687908,"kt"
1966,"CO2","ENE",7,345704.774252819,"kt"
1966,"CO2","ENE",8,343047.217513881,"kt"
1966,"CO2","ENE",9,328188.490180154,"kt"
1966,"CO2","ENE",10,356043.184018133,"kt"
1966,"CO2","ENE",11,367913.684981158,"kt"
1966,"CO2","ENE",12,422489.608567529,"kt"
1966,"CO2","IND",1,398400.683302999,"kt"
1966,"CO2","IND",2,360794.692158462,"kt"
1966,"CO2","IND",3,363721.215590016,"kt"
1966,"CO2","IND",4,354021.659632852,"kt"
1966,"CO2","IND",5,314328.471558789,"kt"
1966,"CO2","IND",6,288933.49570185,"kt"
1966,"CO2","IND",7,280699.586861105,"kt"
1966,"CO2","IND",8,298564.612225245,"kt"
1966,"CO2","IND",9,286900.109220627,"kt"
1966,"CO2","IND",10,332193.496922929,"kt"
1966,"CO2","IND",11,353004.96639224,"kt"
1966,"CO2","IND",12,399451.266318297,"kt"
1966,"CO2","TRA",1,140825.873351881,"kt"
1966,"CO2","TRA",2,127197.563027505,"kt"
1966,"CO2","TRA",3,140825.873351881,"kt"
1966,"CO2","TRA",4,136283.103243755,"kt"
1966,"CO2","TRA",5,140825.873351881,"kt"
1966,"CO2","TRA",6,136283.103243755,"kt"
1966,"CO2","TRA",7,140825.873351881,"kt"
1966,"CO2","TRA",8,140825.873351881,"kt"
1966,"CO2","TRA",9,136283.103243755,"kt"
1966,"CO2","TRA",10,140825.873351881,"kt"
1966,"CO2","TRA",11,136283.103243755,"kt"
1966,"CO2","TRA",12,140825.873351881,"kt"
1966,"CO2","SLV",1,3090.10289406503,"kt"
1966,"CO2","SLV",2,2791.06067851035,"kt"
1966,"CO2","SLV",3,3090.10289406503,"kt"
1966,"CO2","SLV",4,2990.42215554681,"kt"
1966,"CO2","SLV",5,3090.10289406503,"kt"
1966,"CO2","SLV",6,2990.42215554681,"kt"
1966,"CO2","SLV",7,3090.10289406503,"kt"
1966,"CO2","SLV",8,3090.10289406503,"kt"
1966,"CO2","SLV",9,2990.42215554681,"kt"
1966,"CO2","SLV",10,3090.10289406503,"kt"
1966,"CO2","SLV",11,2990.42215554681,"kt"
1966,"CO2","SLV",12,3090.10289406503,"kt"
1966,"CO2","WST",1,105.831582324434,"kt"
1966,"CO2","WST",2,95.589816293037,"kt"
1966,"CO2","WST",3,105.831582324434,"kt"
1966,"CO2","WST",4,102.417660313968,"kt"
1966,"CO2","WST",5,105.831582324434,"kt"
1966,"CO2","WST",6,102.417660313968,"kt"
1966,"CO2","WST",7,105.831582324434,"kt"
1966,"CO2","WST",8,105.831582324434,"kt"
1966,"CO2","WST",9,102.417660313968,"kt"
1966,"CO2","WST",10,105.831582324434,"kt"
1966,"CO2","WST",11,102.417660313968,"kt"
1966,"CO2","WST",12,105.831582324434,"kt"
1966,"CO2","SHP",1,37711.9796961064,"kt"
1966,"CO2","SHP",2,32363.1491760267,"kt"
1966,"CO2","SHP",3,39554.5448958909,"kt"
1966,"CO2","SHP",4,37973.9841808895,"kt"
1966,"CO2","SHP",5,39927.6069601781,"kt"
1966,"CO2","SHP",6,37135.6032023348,"kt"
1966,"CO2","SHP",7,41062.6011653523,"kt"
1966,"CO2","SHP",8,41627.6972454198,"kt"
1966,"CO2","SHP",9,39632.2310844938,"kt"
1966,"CO2","SHP",10,42604.1621132124,"kt"
1966,"CO2","SHP",11,41479.6439336818,"kt"
1966,"CO2","SHP",12,41905.874609246,"kt"
1966,"CO2","RCO",1,311231.645618575,"kt"
1966,"CO2","RCO",2,242314.915813882,"kt"
1966,"CO2","RCO",3,225960.633915518,"kt"
1966,"CO2","RCO",4,135862.147244414,"kt"
1966,"CO2","RCO",5,104541.643325182,"kt"
1966,"CO2","RCO",6,96428.7722593577,"kt"
1966,"CO2","RCO",7,102135.037587029,"kt"
1966,"CO2","RCO",8,101866.779606221,"kt"
1966,"CO2","RCO",9,97149.2441094532,"kt"
1966,"CO2","RCO",10,128151.565560253,"kt"
1966,"CO2","RCO",11,193329.500500588,"kt"
1966,"CO2","RCO",12,298963.986504819,"kt"
1967,"CO2","AGR",1,0,"kt"
1967,"CO2","AGR",2,0,"kt"
1967,"CO2","AGR",3,0,"kt"
1967,"CO2","AGR",4,0,"kt"
1967,"CO2","AGR",5,0,"kt"
1967,"CO2","AGR",6,0,"kt"
1967,"CO2","AGR",7,0,"kt"
1967,"CO2","AGR",8,0,"kt"
1967,"CO2","AGR",9,0,"kt"
1967,"CO2","AGR",10,0,"kt"
1967,"CO2","AGR",11,0,"kt"
1967,"CO2","AGR",12,0,"kt"
1967,"CO2","ENE",1,452686.63042699,"kt"
1967,"CO2","ENE",2,383339.850750435,"kt"
1967,"CO2","ENE",3,391070.994439535,"kt"
1967,"CO2","ENE",4,359979.14811954,"kt"
1967,"CO2","ENE",5,352247.552198941,"kt"
1967,"CO2","ENE",6,334507.788500684,"kt"
1967,"CO2","ENE",7,350507.351833304,"kt"
1967,"CO2","ENE",8,347822.740464,"kt"
1967,"CO2","ENE",9,333137.515770466,"kt"
1967,"CO2","ENE",10,362241.074364546,"kt"
1967,"CO2","ENE",11,375107.693220625,"kt"
1967,"CO2","ENE",12,430965.539720665,"kt"
1967,"CO2","IND",1,417932.360929595,"kt"
1967,"CO2","IND",2,378477.144826475,"kt"
1967,"CO2","IND",3,381257.26208605,"kt"
1967,"CO2","IND",4,371079.750193324,"kt"
1967,"CO2","IND",5,328984.380212881,"kt"
1967,"CO2","IND",6,302216.797380384,"kt"
1967,"CO2","IND",7,293405.187926195,"kt"
1967,"CO2","IND",8,312290.690626397,"kt"
1967,"CO2","IND",9,300095.687915496,"kt"
1967,"CO2","IND",10,347869.882913083,"kt"
1967,"CO2","IND",11,370019.19546088,"kt"
1967,"CO2","IND",12,419028.267486454,"kt"
1967,"CO2","TRA",1,146764.459717263,"kt"
1967,"CO2","TRA",2,132561.44748656,"kt"
1967,"CO2","TRA",3,146764.459717263,"kt"
1967,"CO2","TRA",4,142030.122307029,"kt"
1967,"CO2","TRA",5,146764.459717263,"kt"
1967,"CO2","TRA",6,142030.122307029,"kt"
1967,"CO2","TRA",7,146764.459717263,"kt"
1967,"CO2","TRA",8,146764.459717263,"kt"
1967,"CO2","TRA",9,142030.122307029,"kt"
1967,"CO2","TRA",10,146764.459717263,"kt"
1967,"CO2","TRA",11,142030.122307029,"kt"
1967,"CO2","TRA",12,146764.459717263,"kt"
1967,"CO2","SLV",1,3332.07442120899,"kt"
1967,"CO2","SLV",2,3009.61560625328,"kt"
1967,"CO2","SLV",3,3332.07442120899,"kt"
1967,"CO2","SLV",4,3224.58814955709,"kt"
1967,"CO2","SLV",5,3332.07442120899,"kt"
1967,"CO2","SLV",6,3224.58814955709,"kt"
1967,"CO2","SLV",7,3332.07442120899,"kt"
1967,"CO2","SLV",8,3332.07442120899,"kt"
1967,"CO2","SLV",9,3224.58814955709,"kt"
1967,"CO2","SLV",10,3332.07442120899,"kt"
1967,"CO2","SLV",11,3224.58814955709,"kt"
1967,"CO2","SLV",12,3332.07442120899,"kt"
1967,"CO2","WST",1,113.173643514024,"kt"
1967,"CO2","WST",2,102.221355432022,"kt"
1967,"CO2","WST",3,113.173643514024,"kt"
1967,"CO2","WST",4,109.522880820024,"kt"
1967,"CO2","WST",5,113.173643514024,"kt"
1967,"CO2","WST",6,109.522880820024,"kt"
1967,"CO2","WST",7,113.173643514024,"kt"
1967,"CO2","WST",8,113.173643514024,"kt"
1967,"CO2","WST",9,109.522880820024,"kt"
1967,"CO2","WST",10,113.173643514024,"kt"
1967,"CO2","WST",11,109.522880820024,"kt"
1967,"CO2","WST",12,113.173643514024,"kt"
1967,"CO2","SHP",1,40797.3718868902,"kt"
1967,"CO2","SHP",2,35010.9287023609,"kt"
1967,"CO2","SHP",3,42790.6859024154,"kt"
1967,"CO2","SHP",4,41080.8121753041,"kt"
1967,"CO2","SHP",5,43194.2699066565,"kt"
1967,"CO2","SHP",6,40173.8393555102,"kt"
1967,"CO2","SHP",7,44422.1232585912,"kt"
1967,"CO2","SHP",8,45033.4524732364,"kt"
1967,"CO2","SHP",9,42874.7279588772,"kt"
1967,"CO2","SHP",10,46089.806466499,"kt"
1967,"CO2","SHP",11,44873.2862325157,"kt"
1967,"CO2","SHP",12,45334.3888190338,"kt"
1967,"CO2","RCO",1,316702.147933552,"kt"
1967,"CO2","RCO",2,246842.864217413,"kt"
1967,"CO2","RCO",3,230699.093604218,"kt"
1967,"CO2","RCO",4,138812.724277656,"kt"
1967,"CO2","RCO",5,107088.101426662,"kt"
1967,"CO2","RCO",6,98813.0878504913,"kt"
1967,"CO2","RCO",7,104633.578540112,"kt"
1967,"CO2","RCO",8,104359.348555649,"kt"
1967,"CO2","RCO",9,99559.0792922865,"kt"
1967,"CO2","RCO",10,131031.579008119,"kt"
1967,"CO2","RCO",11,197297.302429444,"kt"
1967,"CO2","RCO",12,304440.863259336,"kt"
1968,"CO2","AGR",1,0,"kt"
1968,"CO2","AGR",2,0,"kt"
1968,"CO2","AGR",3,0,"kt"
1968,"CO2","AGR",4,0,"kt"
1968,"CO2","AGR",5,0,"kt"
1968,"CO2","AGR",6,0,"kt"
1968,"CO2","AGR",7,0,"kt"
1968,"CO2","AGR",8,0,"kt"
1968,"CO2","AGR",9,0,"kt"
1968,"CO2","AGR",10,0,"kt"
1968,"CO2","AGR",11,0,"kt"
1968,"CO2","AGR",12,0,"kt"
1968,"CO2","ENE",1,475952.908828113,"kt"
1968,"CO2","ENE",2,402931.866814482,"kt"
1968,"CO2","ENE",3,411958.244747205,"kt"
1968,"CO2","ENE",4,379435.478739109,"kt"
1968,"CO2","ENE",5,372895.415388932,"kt"
1968,"CO2","ENE",6,355293.47289895,"kt"
1968,"CO2","ENE",7,372723.839005871,"kt"
1968,"CO2","ENE",8,370002.116591861,"kt"
1968,"CO2","ENE",9,353345.459743967,"kt"
1968,"CO2","ENE",10,382925.980827016,"kt"
1968,"CO2","ENE",11,395575.098322891,"kt"
1968,"CO2","ENE",12,453879.795690197,"kt"
1968,"CO2","IND",1,438018.085001141,"kt"
1968,"CO2","IND",2,396687.499585908,"kt"
1968,"CO2","IND",3,399743.685956161,"kt"
1968,"CO2","IND",4,389116.43160259,"kt"
1968,"CO2","IND",5,345261.204096835,"kt"
1968,"CO2","IND",6,317304.652837966,"kt"
1968,"CO2","IND",7,308158.451735112,"kt"
1968,"CO2","IND",8,327881.474599231,"kt"
1968,"CO2","IND",9,315036.949580047,"kt"
1968,"CO2","IND",10,364984.226960954,"kt"
1968,"CO2","IND",11,387982.579973631,"kt"
1968,"CO2","IND",12,439189.731684399,"kt"
1968,"CO2","TRA",1,157992.49918102,"kt"
1968,"CO2","TRA",2,142702.902486082,"kt"
1968,"CO2","TRA",3,157992.49918102,"kt"
1968,"CO2","TRA",4,152895.966949374,"kt"
1968,"CO2","TRA",5,157992.49918102,"kt"
1968,"CO2","TRA",6,152895.966949374,"kt"
1968,"CO2","TRA",7,157992.49918102,"kt"
1968,"CO2","TRA",8,157992.49918102,"kt"
1968,"CO2","TRA",9,152895.966949374,"kt"
1968,"CO2","TRA",10,157992.49918102,"kt"
1968,"CO2","TRA",11,152895.966949374,"kt"
1968,"CO2","TRA",12,157992.49918102,"kt"
1968,"CO2","SLV",1,3661.9100834306,"kt"
1968,"CO2","SLV",2,3307.5316882599,"kt"
1968,"CO2","SLV",3,3661.9100834306,"kt"
1968,"CO2","SLV",4,3543.78395170704,"kt"
1968,"CO2","SLV",5,3661.9100834306,"kt"
1968,"CO2","SLV",6,3543.78395170704,"kt"
1968,"CO2","SLV",7,3661.9100834306,"kt"
1968,"CO2","SLV",8,3661.9100834306,"kt"
1968,"CO2","SLV",9,3543.78395170704,"kt"
1968,"CO2","SLV",10,3661.9100834306,"kt"
1968,"CO2","SLV",11,3543.78395170704,"kt"
1968,"CO2","SLV",12,3661.9100834306,"kt"
1968,"CO2","WST",1,120.196790297569,"kt"
1968,"CO2","WST",2,108.564842849417,"kt"
1968,"CO2","WST",3,120.196790297569,"kt"
1968,"CO2","WST",4,116.319474481518,"kt"
1968,"CO2","WST",5,120.196790297569,"kt"
1968,"CO2","WST",6,116.319474481518,"kt"
1968,"CO2","WST",7,120.196790297569,"kt"
1968,"CO2","WST",8,120.196790297569,"kt"
1968,"CO2","WST",9,116.319474481518,"kt"
1968,"CO2","WST",10,120.196790297569,"kt"
1968,"CO2","WST",11,116.319474481518,"kt"
1968,"CO2","WST",12,120.196790297569,"kt"
1968,"CO2","SHP",1,43807.7509907075,"kt"
1968,"CO2","SHP",2,37594.3345272026,"kt"
1968,"CO2","SHP",3,45948.1487663416,"kt"
1968,"CO2","SHP",4,44112.1059283245,"kt"
1968,"CO2","SHP",5,46381.5126509233,"kt"
1968,"CO2","SHP",6,43138.2088950786,"kt"
1968,"CO2","SHP",7,47699.9675269822,"kt"
1968,"CO2","SHP",8,48356.4058407729,"kt"
1968,"CO2","SHP",9,46038.3921646769,"kt"
1968,"CO2","SHP",10,49490.7066683651,"kt"
1968,"CO2","SHP",11,48184.4211646506,"kt"
1968,"CO2","SHP",12,48679.5478445592,"kt"
1968,"CO2","RCO",1,330814.820652518,"kt"
1968,"CO2","RCO",2,257864.674241105,"kt"
1968,"CO2","RCO",3,241072.472697412,"kt"
1968,"CO2","RCO",4,145915.796700603,"kt"
1968,"CO2","RCO",5,112980.810185483,"kt"
1968,"CO2","RCO",6,104293.574448986,"kt"
1968,"CO2","RCO",7,110406.102113541,"kt"
1968,"CO2","RCO",8,110115.504155654,"kt"
1968,"CO2","RCO",9,105068.946448095,"kt"
1968,"CO2","RCO",10,137767.347259934,"kt"
1968,"CO2","RCO",11,206543.334485774,"kt"
1968,"CO2","RCO",12,318033.020208173,"kt"
1969,"CO2","AGR",1,0,"kt"
1969,"CO2","AGR",2,0,"kt"
1969,"CO2","AGR",3,0,"kt"
1969,"CO2","AGR",4,0,"kt"
1969,"CO2","AGR",5,0,"kt"
1969,"CO2","AGR",6,0,"kt"
1969,"CO2","AGR",7,0,"kt"
1969,"CO2","AGR",8,0,"kt"
1969,"CO2","AGR",9,0,"kt"
1969,"CO2","AGR",10,0,"kt"
1969,"CO2","AGR",11,0,"kt"
1969,"CO2","AGR",12,0,"kt"
1969,"CO2","ENE",1,514694.729485464,"kt"
1969,"CO2","ENE",2,436071.719058574,"kt"
1969,"CO2","ENE",3,446149.419548849,"kt"
1969,"CO2","ENE",4,411016.248487435,"kt"
1969,"CO2","ENE",5,404191.144058586,"kt"
1969,"CO2","ENE",6,385156.271909064,"kt"
1969,"CO2","ENE",7,403958.08723571,"kt"
1969,"CO2","ENE",8,401091.345432383,"kt"
1969,"CO2","ENE",9,383001.73086867,"kt"
1969,"CO2","ENE",10,414590.741773983,"kt"
1969,"CO2","ENE",11,428098.852676117,"kt"
1969,"CO2","ENE",12,490984.996845209,"kt"
1969,"CO2","IND",1,460942.188271058,"kt"
1969,"CO2","IND",2,417454.482700139,"kt"
1969,"CO2","IND",3,420847.408729198,"kt"
1969,"CO2","IND",4,409670.835091482,"kt"
1969,"CO2","IND",5,363804.140498074,"kt"
1969,"CO2","IND",6,334467.18520272,"kt"
1969,"CO2","IND",7,324948.921388881,"kt"
1969,"CO2","IND",8,345616.091376144,"kt"
1969,"CO2","IND",9,332068.035978204,"kt"
1969,"CO2","IND",10,384471.310485338,"kt"
1969,"CO2","IND",11,408471.260479224,"kt"
1969,"CO2","IND",12,462181.748703725,"kt"
1969,"CO2","TRA",1,167032.563198813,"kt"
1969,"CO2","TRA",2,150868.121598928,"kt"
1969,"CO2","TRA",3,167032.563198813,"kt"
1969,"CO2","TRA",4,161644.415998851,"kt"
1969,"CO2","TRA",5,167032.563198813,"kt"
1969,"CO2","TRA",6,161644.415998851,"kt"
1969,"CO2","TRA",7,167032.563198813,"kt"
1969,"CO2","TRA",8,167032.563198813,"kt"
1969,"CO2","TRA",9,161644.415998851,"kt"
1969,"CO2","TRA",10,167032.563198813,"kt"
1969,"CO2","TRA",11,161644.415998851,"kt"
1969,"CO2","TRA",12,167032.563198813,"kt"
1969,"CO2","SLV",1,3995.91092275297,"kt"
1969,"CO2","SLV",2,3609.20986571236,"kt"
1969,"CO2","SLV",3,3995.91092275297,"kt"
1969,"CO2","SLV",4,3867.0105704061,"kt"
1969,"CO2","SLV",5,3995.91092275297,"kt"
1969,"CO2","SLV",6,3867.0105704061,"kt"
1969,"CO2","SLV",7,3995.91092275297,"kt"
1969,"CO2","SLV",8,3995.91092275297,"kt"
1969,"CO2","SLV",9,3867.0105704061,"kt"
1969,"CO2","SLV",10,3995.91092275297,"kt"
1969,"CO2","SLV",11,3867.0105704061,"kt"
1969,"CO2","SLV",12,3995.91092275297,"kt"
1969,"CO2","WST",1,127.061530523865,"kt"
1969,"CO2","WST",2,114.765253376395,"kt"
1969,"CO2","WST",3,127.061530523865,"kt"
1969,"CO2","WST",4,122.962771474708,"kt"
1969,"CO2","WST",5,127.061530523865,"kt"
1969,"CO2","WST",6,122.962771474708,"kt"
1969,"CO2","WST",7,127.061530523865,"kt"
1969,"CO2","WST",8,127.061530523865,"kt"
1969,"CO2","WST",9,122.962771474708,"kt"
1969,"CO2","WST",10,127.061530523865,"kt"
1969,"CO2","WST",11,122.962771474708,"kt"
1969,"CO2","WST",12,127.061530523865,"kt"
1969,"CO2","SHP",1,39626.9479664325,"kt"
1969,"CO2","SHP",2,34006.5103652118,"kt"
1969,"CO2","SHP",3,41563.0763766882,"kt"
1969,"CO2","SHP",4,39902.2567189598,"kt"
1969,"CO2","SHP",5,41955.0820769693,"kt"
1969,"CO2","SHP",6,39021.303778251,"kt"
1969,"CO2","SHP",7,43147.7099016837,"kt"
1969,"CO2","SHP",8,43741.5008705302,"kt"
1969,"CO2","SHP",9,41644.7073750681,"kt"
1969,"CO2","SHP",10,44767.5494317268,"kt"
1969,"CO2","SHP",11,43585.9295924435,"kt"
1969,"CO2","SHP",12,44033.803741146,"kt"
1969,"CO2","RCO",1,351200.693093164,"kt"
1969,"CO2","RCO",2,273511.398109562,"kt"
1969,"CO2","RCO",3,255409.121225779,"kt"
1969,"CO2","RCO",4,154595.346997034,"kt"
1969,"CO2","RCO",5,119761.141128782,"kt"
1969,"CO2","RCO",6,110601.099206183,"kt"
1969,"CO2","RCO",7,117090.763663107,"kt"
1969,"CO2","RCO",8,116774.958374031,"kt"
1969,"CO2","RCO",9,111405.277420742,"kt"
1969,"CO2","RCO",10,145954.024388585,"kt"
1969,"CO2","RCO",11,219063.856692174,"kt"
1969,"CO2","RCO",12,337453.278338201,"kt"
1970,"CO2","AGR",1,0,"kt"
1970,"CO2","AGR",2,0,"kt"
1970,"CO2","AGR",3,0,"kt"
1970,"CO2","AGR",4,0,"kt"
1970,"CO2","AGR",5,0,"kt"
1970,"CO2","AGR",6,0,"kt"
1970,"CO2","AGR",7,0,"kt"
1970,"CO2","AGR",8,0,"kt"
1970,"CO2","AGR",9,0,"kt"
1970,"CO2","AGR",10,0,"kt"
1970,"CO2","AGR",11,0,"kt"
1970,"CO2","AGR",12,0,"kt"
1970,"CO2","ENE",1,548237.930112973,"kt"
1970,"CO2","ENE",2,464247.734358791,"kt"
1970,"CO2","ENE",3,475547.148388788,"kt"
1970,"CO2","ENE",4,438230.233025738,"kt"
1970,"CO2","ENE",5,431443.461763289,"kt"
1970,"CO2","ENE",6,411215.951105271,"kt"
1970,"CO2","ENE",7,431339.593981651,"kt"
1970,"CO2","ENE",8,428136.847850135,"kt"
1970,"CO2","ENE",9,408398.893815683,"kt"
1970,"CO2","ENE",10,441855.916951737,"kt"
1970,"CO2","ENE",11,456310.653393317,"kt"
1970,"CO2","ENE",12,523644.216118986,"kt"
1970,"CO2","IND",1,470070.596083456,"kt"
1970,"CO2","IND",2,425766.053141401,"kt"
1970,"CO2","IND",3,429859.740468509,"kt"
1970,"CO2","IND",4,418535.068452014,"kt"
1970,"CO2","IND",5,372826.578210971,"kt"
1970,"CO2","IND",6,343249.377195897,"kt"
1970,"CO2","IND",7,333928.971061977,"kt"
1970,"CO2","IND",8,354691.023102427,"kt"
1970,"CO2","IND",9,340707.605971472,"kt"
1970,"CO2","IND",10,393588.630251421,"kt"
1970,"CO2","IND",11,417264.182839802,"kt"
1970,"CO2","IND",12,471383.844549409,"kt"
1970,"CO2","TRA",1,176701.389622318,"kt"
1970,"CO2","TRA",2,159601.255142739,"kt"
1970,"CO2","TRA",3,176701.389622318,"kt"
1970,"CO2","TRA",4,171001.344795791,"kt"
1970,"CO2","TRA",5,176701.389622318,"kt"
1970,"CO2","TRA",6,171001.344795791,"kt"
1970,"CO2","TRA",7,176701.389622318,"kt"
1970,"CO2","TRA",8,176701.389622318,"kt"
1970,"CO2","TRA",9,171001.344795791,"kt"
1970,"CO2","TRA",10,176701.389622318,"kt"
1970,"CO2","TRA",11,171001.344795791,"kt"
1970,"CO2","TRA",12,176701.389622318,"kt"
1970,"CO2","SLV",1,4582.92770698641,"kt"
1970,"CO2","SLV",2,4139.41857405224,"kt"
1970,"CO2","SLV",3,4582.92770698641,"kt"
1970,"CO2","SLV",4,4435.09132934169,"kt"
1970,"CO2","SLV",5,4582.92770698641,"kt"
1970,"CO2","SLV",6,4435.09132934169,"kt"
1970,"CO2","SLV",7,4582.92770698641,"kt"
1970,"CO2","SLV",8,4582.92770698641,"kt"
1970,"CO2","SLV",9,4435.09132934169,"kt"
1970,"CO2","SLV",10,4582.92770698641,"kt"
1970,"CO2","SLV",11,4435.09132934169,"kt"
1970,"CO2","SLV",12,4582.92770698641,"kt"
1970,"CO2","WST",1,133.895792650983,"kt"
1970,"CO2","WST",2,120.938135297662,"kt"
1970,"CO2","WST",3,133.895792650983,"kt"
1970,"CO2","WST",4,129.57657353321,"kt"
1970,"CO2","WST",5,133.895792650983,"kt"
1970,"CO2","WST",6,129.57657353321,"kt"
1970,"CO2","WST",7,133.895792650983,"kt"
1970,"CO2","WST",8,133.895792650983,"kt"
1970,"CO2","WST",9,129.57657353321,"kt"
1970,"CO2","WST",10,133.895792650983,"kt"
1970,"CO2","WST",11,129.57657353321,"kt"
1970,"CO2","WST",12,133.895792650983,"kt"
1970,"CO2","SHP",1,43727.9561983807,"kt"
1970,"CO2","SHP",2,37525.8573274281,"kt"
1970,"CO2","SHP",3,45864.4552896007,"kt"
1970,"CO2","SHP",4,44031.7567606077,"kt"
1970,"CO2","SHP",5,46297.0298120173,"kt"
1970,"CO2","SHP",6,43059.6336579964,"kt"
1970,"CO2","SHP",7,47613.0831534014,"kt"
1970,"CO2","SHP",8,48268.3257801792,"kt"
1970,"CO2","SHP",9,45954.5343116997,"kt"
1970,"CO2","SHP",10,49400.5605053825,"kt"
1970,"CO2","SHP",11,48096.654370116,"kt"
1970,"CO2","SHP",12,48590.8791883746,"kt"
1970,"CO2","RCO",1,403535.790212653,"kt"
1970,"CO2","RCO",2,313634.59416402,"kt"
1970,"CO2","RCO",3,291253.48726028,"kt"
1970,"CO2","RCO",4,175557.374477853,"kt"
1970,"CO2","RCO",5,137208.269891278,"kt"
1970,"CO2","RCO",6,126723.058075553,"kt"
1970,"CO2","RCO",7,134186.29813667,"kt"
1970,"CO2","RCO",8,133842.175664582,"kt"
1970,"CO2","RCO",9,127619.728225416,"kt"
1970,"CO2","RCO",10,165865.953656047,"kt"
1970,"CO2","RCO",11,247915.06856989,"kt"
1970,"CO2","RCO",12,385529.326238051,"kt"
1971,"CO2","AGR",1,0,"kt"
1971,"CO2","AGR",2,0,"kt"
1971,"CO2","AGR",3,0,"kt"
1971,"CO2","AGR",4,0,"kt"
1971,"CO2","AGR",5,0,"kt"
1971,"CO2","AGR",6,0,"kt"
1971,"CO2","AGR",7,0,"kt"
1971,"CO2","AGR",8,0,"kt"
1971,"CO2","AGR",9,0,"kt"
1971,"CO2","AGR",10,0,"kt"
1971,"CO2","AGR",11,0,"kt"
1971,"CO2","AGR",12,0,"kt"
1971,"CO2","ENE",1,577967.727197844,"kt"
1971,"CO2","ENE",2,489783.594786956,"kt"
1971,"CO2","ENE",3,500799.053592788,"kt"
1971,"CO2","ENE",4,461618.900217749,"kt"
1971,"CO2","ENE",5,454245.828883172,"kt"
1971,"CO2","ENE",6,432437.88389862,"kt"
1971,"CO2","ENE",7,453640.136612055,"kt"
1971,"CO2","ENE",8,450281.123277159,"kt"
1971,"CO2","ENE",9,429780.282321268,"kt"
1971,"CO2","ENE",10,465000.519864444,"kt"
1971,"CO2","ENE",11,480416.170505763,"kt"
1971,"CO2","ENE",12,551417.244444111,"kt"
1971,"CO2","IND",1,483709.966431243,"kt"
1971,"CO2","IND",2,438199.139989372,"kt"
1971,"CO2","IND",3,442814.973498217,"kt"
1971,"CO2","IND",4,431315.938380466,"kt"
1971,"CO2","IND",5,385070.187634008,"kt"
1971,"CO2","IND",6,354949.658021317,"kt"
1971,"CO2","IND",7,345614.276115114,"kt"
1971,"CO2","IND",8,366781.313288694,"kt"
1971,"CO2","IND",9,352164.339155254,"kt"
1971,"CO2","IND",10,406237.224807588,"kt"
1971,"CO2","IND",11,429923.278947435,"kt"
1971,"CO2","IND",12,485149.047845376,"kt"
1971,"CO2","TRA",1,191249.880323285,"kt"
1971,"CO2","TRA",2,172741.827388773,"kt"
1971,"CO2","TRA",3,191249.880323285,"kt"
1971,"CO2","TRA",4,185080.529345114,"kt"
1971,"CO2","TRA",5,191249.880323285,"kt"
1971,"CO2","TRA",6,185080.529345114,"kt"
1971,"CO2","TRA",7,191249.880323285,"kt"
1971,"CO2","TRA",8,191249.880323285,"kt"
1971,"CO2","TRA",9,185080.529345114,"kt"
1971,"CO2","TRA",10,191249.880323285,"kt"
1971,"CO2","TRA",11,185080.529345114,"kt"
1971,"CO2","TRA",12,191249.880323285,"kt"
1971,"CO2","SLV",1,4900.30820558617,"kt"
1971,"CO2","SLV",2,4426.08483085202,"kt"
1971,"CO2","SLV",3,4900.30820558617,"kt"
1971,"CO2","SLV",4,4742.23374734145,"kt"
1971,"CO2","SLV",5,4900.30820558617,"kt"
1971,"CO2","SLV",6,4742.23374734145,"kt"
1971,"CO2","SLV",7,4900.30820558617,"kt"
1971,"CO2","SLV",8,4900.30820558617,"kt"
1971,"CO2","SLV",9,4742.23374734145,"kt"
1971,"CO2","SLV",10,4900.30820558617,"kt"
1971,"CO2","SLV",11,4742.23374734145,"kt"
1971,"CO2","SLV",12,4900.30820558617,"kt"
1971,"CO2","WST",1,151.999957373455,"kt"
1971,"CO2","WST",2,137.290284079249,"kt"
1971,"CO2","WST",3,151.999957373455,"kt"
1971,"CO2","WST",4,147.096732942053,"kt"
1971,"CO2","WST",5,151.999957373455,"kt"
1971,"CO2","WST",6,147.096732942053,"kt"
1971,"CO2","WST",7,151.999957373455,"kt"
1971,"CO2","WST",8,151.999957373455,"kt"
1971,"CO2","WST",9,147.096732942053,"kt"
1971,"CO2","WST",10,151.999957373455,"kt"
1971,"CO2","WST",11,147.096732942053,"kt"
1971,"CO2","WST",12,151.999957373455,"kt"
1971,"CO2","SHP",1,41868.7543292579,"kt"
1971,"CO2","SHP",2,35930.3529830889,"kt"
1971,"CO2","SHP",3,43914.4148940726,"kt"
1971,"CO2","SHP",4,42159.6380615611,"kt"
1971,"CO2","SHP",5,44328.5974441554,"kt"
1971,"CO2","SHP",6,41228.8471694284,"kt"
1971,"CO2","SHP",7,45588.6955329989,"kt"
1971,"CO2","SHP",8,46216.0789039975,"kt"
1971,"CO2","SHP",9,44000.6639844571,"kt"
1971,"CO2","SHP",10,47300.1738783322,"kt"
1971,"CO2","SHP",11,46051.7065271893,"kt"
1971,"CO2","SHP",12,46524.9181587875,"kt"
1971,"CO2","RCO",1,412738.667147245,"kt"
1971,"CO2","RCO",2,320767.836938447,"kt"
1971,"CO2","RCO",3,296910.374773555,"kt"
1971,"CO2","RCO",4,180645.999230458,"kt"
1971,"CO2","RCO",5,143405.575743225,"kt"
1971,"CO2","RCO",6,132824.476789777,"kt"
1971,"CO2","RCO",7,140603.648508798,"kt"
1971,"CO2","RCO",8,140212.136384136,"kt"
1971,"CO2","RCO",9,133637.614681211,"kt"
1971,"CO2","RCO",10,170913.356516347,"kt"
1971,"CO2","RCO",11,253235.838983423,"kt"
1971,"CO2","RCO",12,394053.324660422,"kt"
1972,"CO2","AGR",1,0,"kt"
1972,"CO2","AGR",2,0,"kt"
1972,"CO2","AGR",3,0,"kt"
1972,"CO2","AGR",4,0,"kt"
1972,"CO2","AGR",5,0,"kt"
1972,"CO2","AGR",6,0,"kt"
1972,"CO2","AGR",7,0,"kt"
1972,"CO2","AGR",8,0,"kt"
1972,"CO2","AGR",9,0,"kt"
1972,"CO2","AGR",10,0,"kt"
1972,"CO2","AGR",11,0,"kt"
1972,"CO2","AGR",12,0,"kt"
1972,"CO2","ENE",1,603956.156453264,"kt"
1972,"CO2","ENE",2,511346.660642383,"kt"
1972,"CO2","ENE",3,523501.801567084,"kt"
1972,"CO2","ENE",4,482607.874951127,"kt"
1972,"CO2","ENE",5,476820.337986338,"kt"
1972,"CO2","ENE",6,455053.597504587,"kt"
1972,"CO2","ENE",7,478045.493623292,"kt"
1972,"CO2","ENE",8,474600.514137051,"kt"
1972,"CO2","ENE",9,451333.877761052,"kt"
1972,"CO2","ENE",10,486921.752494928,"kt"
1972,"CO2","ENE",11,502578.499454508,"kt"
1972,"CO2","ENE",12,577079.272791098,"kt"
1972,"CO2","IND",1,499947.125903203,"kt"
1972,"CO2","IND",2,452892.414528257,"kt"
1972,"CO2","IND",3,457758.491191631,"kt"
1972,"CO2","IND",4,445836.23514533,"kt"
1972,"CO2","IND",5,398149.228864119,"kt"
1972,"CO2","IND",6,367024.960018298,"kt"
1972,"CO2","IND",7,357430.070048486,"kt"
1972,"CO2","IND",8,379259.125352241,"kt"
1972,"CO2","IND",9,364180.813122933,"kt"
1972,"CO2","IND",10,419978.284167875,"kt"
1972,"CO2","IND",11,444414.161697648,"kt"
1972,"CO2","IND",12,501416.601799142,"kt"
1972,"CO2","TRA",1,203198.325173457,"kt"
1972,"CO2","TRA",2,183533.971124413,"kt"
1972,"CO2","TRA",3,203198.325173457,"kt"
1972,"CO2","TRA",4,196643.540490442,"kt"
1972,"CO2","TRA",5,203198.325173457,"kt"
1972,"CO2","TRA",6,196643.540490442,"kt"
1972,"CO2","TRA",7,203198.325173457,"kt"
1972,"CO2","TRA",8,203198.325173457,"kt"
1972,"CO2","TRA",9,196643.540490442,"kt"
1972,"CO2","TRA",10,203198.325173457,"kt"
1972,"CO2","TRA",11,196643.540490442,"kt"
1972,"CO2","TRA",12,203198.325173457,"kt"
1972,"CO2","SLV",1,4787.41280351003,"kt"
1972,"CO2","SLV",2,4324.11479026713,"kt"
1972,"CO2","SLV",3,4787.41280351003,"kt"
1972,"CO2","SLV",4,4632.98013242906,"kt"
1972,"CO2","SLV",5,4787.41280351003,"kt"
1972,"CO2","SLV",6,4632.98013242906,"kt"
1972,"CO2","SLV",7,4787.41280351003,"kt"
1972,"CO2","SLV",8,4787.41280351003,"kt"
1972,"CO2","SLV",9,4632.98013242906,"kt"
1972,"CO2","SLV",10,4787.41280351003,"kt"
1972,"CO2","SLV",11,4632.98013242906,"kt"
1972,"CO2","SLV",12,4787.41280351003,"kt"
1972,"CO2","WST",1,169.212819165682,"kt"
1972,"CO2","WST",2,152.837385052874,"kt"
1972,"CO2","WST",3,169.212819165682,"kt"
1972,"CO2","WST",4,163.754341128079,"kt"
1972,"CO2","WST",5,169.212819165682,"kt"
1972,"CO2","WST",6,163.754341128079,"kt"
1972,"CO2","WST",7,169.212819165682,"kt"
1972,"CO2","WST",8,169.212819165682,"kt"
1972,"CO2","WST",9,163.754341128079,"kt"
1972,"CO2","WST",10,169.212819165682,"kt"
1972,"CO2","WST",11,163.754341128079,"kt"
1972,"CO2","WST",12,169.212819165682,"kt"
1972,"CO2","SHP",1,43819.1315696416,"kt"
1972,"CO2","SHP",2,37604.1009562451,"kt"
1972,"CO2","SHP",3,45960.0853876491,"kt"
1972,"CO2","SHP",4,44123.5655739834,"kt"
1972,"CO2","SHP",5,46393.5618534929,"kt"
1972,"CO2","SHP",6,43149.4155372893,"kt"
1972,"CO2","SHP",7,47712.3592438204,"kt"
1972,"CO2","SHP",8,48368.9680901739,"kt"
1972,"CO2","SHP",9,46050.3522298293,"kt"
1972,"CO2","SHP",10,49503.5635916494,"kt"
1972,"CO2","SHP",11,48196.9387350818,"kt"
1972,"CO2","SHP",12,48692.1940412754,"kt"
1972,"CO2","RCO",1,427828.785045044,"kt"
1972,"CO2","RCO",2,332334.654404076,"kt"
1972,"CO2","RCO",3,307315.676591514,"kt"
1972,"CO2","RCO",4,187119.334451107,"kt"
1972,"CO2","RCO",5,148701.839642064,"kt"
1972,"CO2","RCO",6,137746.68200783,"kt"
1972,"CO2","RCO",7,145811.41821824,"kt"
1972,"CO2","RCO",8,145421.461942235,"kt"
1972,"CO2","RCO",9,138591.445811631,"kt"
1972,"CO2","RCO",10,177129.764481744,"kt"
1972,"CO2","RCO",11,262253.445733779,"kt"
1972,"CO2","RCO",12,408281.668398388,"kt"
1973,"CO2","AGR",1,0,"kt"
1973,"CO2","AGR",2,0,"kt"
1973,"CO2","AGR",3,0,"kt"
1973,"CO2","AGR",4,0,"kt"
1973,"CO2","AGR",5,0,"kt"
1973,"CO2","AGR",6,0,"kt"
1973,"CO2","AGR",7,0,"kt"
1973,"CO2","AGR",8,0,"kt"
1973,"CO2","AGR",9,0,"kt"
1973,"CO2","AGR",10,0,"kt"
1973,"CO2","AGR",11,0,"kt"
1973,"CO2","AGR",12,0,"kt"
1973,"CO2","ENE",1,651290.666262848,"kt"
1973,"CO2","ENE",2,551528.569439628,"kt"
1973,"CO2","ENE",3,564774.673411637,"kt"
1973,"CO2","ENE",4,520788.70302982,"kt"
1973,"CO2","ENE",5,515552.675960289,"kt"
1973,"CO2","ENE",6,492220.153175047,"kt"
1973,"CO2","ENE",7,517493.018425847,"kt"
1973,"CO2","ENE",8,513752.546331818,"kt"
1973,"CO2","ENE",9,487582.845366893,"kt"
1973,"CO2","ENE",10,525138.256243059,"kt"
1973,"CO2","ENE",11,542035.150189577,"kt"
1973,"CO2","ENE",12,622669.164060913,"kt"
1973,"CO2","IND",1,525324.504784386,"kt"
1973,"CO2","IND",2,475953.229928016,"kt"
1973,"CO2","IND",3,481133.678682562,"kt"
1973,"CO2","IND",4,468755.909817621,"kt"
1973,"CO2","IND",5,418906.724691051,"kt"
1973,"CO2","IND",6,386367.951035684,"kt"
1973,"CO2","IND",7,376339.612653717,"kt"
1973,"CO2","IND",8,399246.882736873,"kt"
1973,"CO2","IND",9,383225.278652801,"kt"
1973,"CO2","IND",10,441813.994774207,"kt"
1973,"CO2","IND",11,467184.573626179,"kt"
1973,"CO2","IND",12,526948.218848875,"kt"
1973,"CO2","TRA",1,216459.536685285,"kt"
1973,"CO2","TRA",2,195511.839586709,"kt"
1973,"CO2","TRA",3,216459.536685285,"kt"
1973,"CO2","TRA",4,209476.97098576,"kt"
1973,"CO2","TRA",5,216459.536685285,"kt"
1973,"CO2","TRA",6,209476.97098576,"kt"
1973,"CO2","TRA",7,216459.536685285,"kt"
1973,"CO2","TRA",8,216459.536685285,"kt"
1973,"CO2","TRA",9,209476.97098576,"kt"
1973,"CO2","TRA",10,216459.536685285,"kt"
1973,"CO2","TRA",11,209476.97098576,"kt"
1973,"CO2","TRA",12,216459.536685285,"kt"
1973,"CO2","SLV",1,4675.27588564143,"kt"
1973,"CO2","SLV",2,4222.82983219226,"kt"
1973,"CO2","SLV",3,4675.27588564143,"kt"
1973,"CO2","SLV",4,4524.46053449171,"kt"
1973,"CO2","SLV",5,4675.27588564143,"kt"
1973,"CO2","SLV",6,4524.46053449171,"kt"
1973,"CO2","SLV",7,4675.27588564143,"kt"
1973,"CO2","SLV",8,4675.27588564143,"kt"
1973,"CO2","SLV",9,4524.46053449171,"kt"
1973,"CO2","SLV",10,4675.27588564143,"kt"
1973,"CO2","SLV",11,4524.46053449171,"kt"
1973,"CO2","SLV",12,4675.27588564143,"kt"
1973,"CO2","WST",1,185.618260901324,"kt"
1973,"CO2","WST",2,167.655203394744,"kt"
1973,"CO2","WST",3,185.618260901324,"kt"
1973,"CO2","WST",4,179.630575065797,"kt"
1973,"CO2","WST",5,185.618260901324,"kt"
1973,"CO2","WST",6,179.630575065797,"kt"
1973,"CO2","WST",7,185.618260901324,"kt"
1973,"CO2","WST",8,185.618260901324,"kt"
1973,"CO2","WST",9,179.630575065797,"kt"
1973,"CO2","WST",10,185.618260901324,"kt"
1973,"CO2","WST",11,179.630575065797,"kt"
1973,"CO2","WST",12,185.618260901324,"kt"
1973,"CO2","SHP",1,46122.3846047962,"kt"
1973,"CO2","SHP",2,39580.6750360869,"kt"
1973,"CO2","SHP",3,48375.8727931304,"kt"
1973,"CO2","SHP",4,46442.8204904941,"kt"
1973,"CO2","SHP",5,48832.1339639617,"kt"
1973,"CO2","SHP",6,45417.4664716958,"kt"
1973,"CO2","SHP",7,50220.2509410363,"kt"
1973,"CO2","SHP",8,50911.3729387029,"kt"
1973,"CO2","SHP",9,48470.8843066626,"kt"
1973,"CO2","SHP",10,52105.6058733917,"kt"
1973,"CO2","SHP",11,50730.3012516417,"kt"
1973,"CO2","SHP",12,51251.5885271215,"kt"
1973,"CO2","RCO",1,433997.433385218,"kt"
1973,"CO2","RCO",2,336975.291169485,"kt"
1973,"CO2","RCO",3,311303.242593658,"kt"
1973,"CO2","RCO",4,190017.89558667,"kt"
1973,"CO2","RCO",5,151584.234491841,"kt"
1973,"CO2","RCO",6,140542.802939801,"kt"
1973,"CO2","RCO",7,148768.851176835,"kt"
1973,"CO2","RCO",8,148330.856709629,"kt"
1973,"CO2","RCO",9,141379.670709822,"kt"
1973,"CO2","RCO",10,180344.246225964,"kt"
1973,"CO2","RCO",11,266311.868022738,"kt"
1973,"CO2","RCO",12,413611.459905928,"kt"
1974,"CO2","AGR",1,0,"kt"
1974,"CO2","AGR",2,0,"kt"
1974,"CO2","AGR",3,0,"kt"
1974,"CO2","AGR",4,0,"kt"
1974,"CO2","AGR",5,0,"kt"
1974,"CO2","AGR",6,0,"kt"
1974,"CO2","AGR",7,0,"kt"
1974,"CO2","AGR",8,0,"kt"
1974,"CO2","AGR",9,0,"kt"
1974,"CO2","AGR",10,0,"kt"
1974,"CO2","AGR",11,0,"kt"
1974,"CO2","AGR",12,0,"kt"
1974,"CO2","ENE",1,652434.084849204,"kt"
1974,"CO2","ENE",2,552926.918631192,"kt"
1974,"CO2","ENE",3,567824.927691847,"kt"
1974,"CO2","ENE",4,524432.296329941,"kt"
1974,"CO2","ENE",5,519061.741793415,"kt"
1974,"CO2","ENE",6,495825.284458049,"kt"
1974,"CO2","ENE",7,520698.221822961,"kt"
1974,"CO2","ENE",8,516751.710268184,"kt"
1974,"CO2","ENE",9,491467.894589457,"kt"
1974,"CO2","ENE",10,530002.710280405,"kt"
1974,"CO2","ENE",11,545910.823337805,"kt"
1974,"CO2","ENE",12,624683.502310139,"kt"
1974,"CO2","IND",1,522705.186927871,"kt"
1974,"CO2","IND",2,473604.379779597,"kt"
1974,"CO2","IND",3,479029.0615044,"kt"
1974,"CO2","IND",4,466755.580662355,"kt"
1974,"CO2","IND",5,417621.171510902,"kt"
1974,"CO2","IND",6,385400.213887927,"kt"
1974,"CO2","IND",7,375587.565344115,"kt"
1974,"CO2","IND",8,398246.887684191,"kt"
1974,"CO2","IND",9,382221.144358863,"kt"
1974,"CO2","IND",10,440280.493850979,"kt"
1974,"CO2","IND",11,465166.045897823,"kt"
1974,"CO2","IND",12,524347.706184554,"kt"
1974,"CO2","TRA",1,218510.378636504,"kt"
1974,"CO2","TRA",2,197364.212962004,"kt"
1974,"CO2","TRA",3,218510.378636504,"kt"
1974,"CO2","TRA",4,211461.656745004,"kt"
1974,"CO2","TRA",5,218510.378636504,"kt"
1974,"CO2","TRA",6,211461.656745004,"kt"
1974,"CO2","TRA",7,218510.378636504,"kt"
1974,"CO2","TRA",8,218510.378636504,"kt"
1974,"CO2","TRA",9,211461.656745004,"kt"
1974,"CO2","TRA",10,218510.378636504,"kt"
1974,"CO2","TRA",11,211461.656745004,"kt"
1974,"CO2","TRA",12,218510.378636504,"kt"
1974,"CO2","SLV",1,4563.32981004448,"kt"
1974,"CO2","SLV",2,4121.71724778212,"kt"
1974,"CO2","SLV",3,4563.32981004448,"kt"
1974,"CO2","SLV",4,4416.1256226237,"kt"
1974,"CO2","SLV",5,4563.32981004448,"kt"
1974,"CO2","SLV",6,4416.1256226237,"kt"
1974,"CO2","SLV",7,4563.32981004448,"kt"
1974,"CO2","SLV",8,4563.32981004448,"kt"
1974,"CO2","SLV",9,4416.1256226237,"kt"
1974,"CO2","SLV",10,4563.32981004448,"kt"
1974,"CO2","SLV",11,4416.1256226237,"kt"
1974,"CO2","SLV",12,4563.32981004448,"kt"
1974,"CO2","WST",1,202.39059567939,"kt"
1974,"CO2","WST",2,182.804409000739,"kt"
1974,"CO2","WST",3,202.39059567939,"kt"
1974,"CO2","WST",4,195.861866786506,"kt"
1974,"CO2","WST",5,202.39059567939,"kt"
1974,"CO2","WST",6,195.861866786506,"kt"
1974,"CO2","WST",7,202.39059567939,"kt"
1974,"CO2","WST",8,202.39059567939,"kt"
1974,"CO2","WST",9,195.861866786506,"kt"
1974,"CO2","WST",10,202.39059567939,"kt"
1974,"CO2","WST",11,195.861866786506,"kt"
1974,"CO2","WST",12,202.39059567939,"kt"
1974,"CO2","SHP",1,42889.3718785475,"kt"
1974,"CO2","SHP",2,36806.2125445731,"kt"
1974,"CO2","SHP",3,44984.8986766855,"kt"
1974,"CO2","SHP",4,43187.3463649643,"kt"
1974,"CO2","SHP",5,45409.177585879,"kt"
1974,"CO2","SHP",6,42233.865962851,"kt"
1974,"CO2","SHP",7,46699.9925719387,"kt"
1974,"CO2","SHP",8,47342.6694115114,"kt"
1974,"CO2","SHP",9,45073.2502259721,"kt"
1974,"CO2","SHP",10,48453.1909269178,"kt"
1974,"CO2","SHP",11,47174.2901963084,"kt"
1974,"CO2","SHP",12,47659.037114864,"kt"
1974,"CO2","RCO",1,418933.721536532,"kt"
1974,"CO2","RCO",2,325707.142840966,"kt"
1974,"CO2","RCO",3,301801.583875292,"kt"
1974,"CO2","RCO",4,184559.721888019,"kt"
1974,"CO2","RCO",5,147495.502240338,"kt"
1974,"CO2","RCO",6,136820.157712204,"kt"
1974,"CO2","RCO",7,144814.321671047,"kt"
1974,"CO2","RCO",8,144332.962419867,"kt"
1974,"CO2","RCO",9,137612.891985522,"kt"
1974,"CO2","RCO",10,175952.144579634,"kt"
1974,"CO2","RCO",11,258566.399318396,"kt"
1974,"CO2","RCO",12,399206.424288635,"kt"
1975,"CO2","AGR",1,0,"kt"
1975,"CO2","AGR",2,0,"kt"
1975,"CO2","AGR",3,0,"kt"
1975,"CO2","AGR",4,0,"kt"
1975,"CO2","AGR",5,0,"kt"
1975,"CO2","AGR",6,0,"kt"
1975,"CO2","AGR",7,0,"kt"
1975,"CO2","AGR",8,0,"kt"
1975,"CO2","AGR",9,0,"kt"
1975,"CO2","AGR",10,0,"kt"
1975,"CO2","AGR",11,0,"kt"
1975,"CO2","AGR",12,0,"kt"
1975,"CO2","ENE",1,645856.803557598,"kt"
1975,"CO2","ENE",2,547341.899846059,"kt"
1975,"CO2","ENE",3,562578.16575161,"kt"
1975,"CO2","ENE",4,520110.542413484,"kt"
1975,"CO2","ENE",5,514217.044993758,"kt"
1975,"CO2","ENE",6,490828.740752108,"kt"
1975,"CO2","ENE",7,515123.741266621,"kt"
1975,"CO2","ENE",8,511279.436306957,"kt"
1975,"CO2","ENE",9,487049.354441253,"kt"
1975,"CO2","ENE",10,525963.082515515,"kt"
1975,"CO2","ENE",11,541480.614149148,"kt"
1975,"CO2","ENE",12,618638.33669416,"kt"
1975,"CO2","IND",1,509321.576524194,"kt"
1975,"CO2","IND",2,461493.690365825,"kt"
1975,"CO2","IND",3,467409.66628486,"kt"
1975,"CO2","IND",4,455463.289399851,"kt"
1975,"CO2","IND",5,408586.466877925,"kt"
1975,"CO2","IND",6,377474.817415643,"kt"
1975,"CO2","IND",7,368292.423019417,"kt"
1975,"CO2","IND",8,390057.311329497,"kt"
1975,"CO2","IND",9,374343.463130173,"kt"
1975,"CO2","IND",10,430351.355188005,"kt"
1975,"CO2","IND",11,453897.612257116,"kt"
1975,"CO2","IND",12,510939.44290502,"kt"
1975,"CO2","TRA",1,227637.263644873,"kt"
1975,"CO2","TRA",2,205607.851034079,"kt"
1975,"CO2","TRA",3,227637.263644873,"kt"
1975,"CO2","TRA",4,220294.126107942,"kt"
1975,"CO2","TRA",5,227637.263644873,"kt"
1975,"CO2","TRA",6,220294.126107942,"kt"
1975,"CO2","TRA",7,227637.263644873,"kt"
1975,"CO2","TRA",8,227637.263644873,"kt"
1975,"CO2","TRA",9,220294.126107942,"kt"
1975,"CO2","TRA",10,227637.263644873,"kt"
1975,"CO2","TRA",11,220294.126107942,"kt"
1975,"CO2","TRA",12,227637.263644873,"kt"
1975,"CO2","SLV",1,4450.74575197829,"kt"
1975,"CO2","SLV",2,4020.02842114168,"kt"
1975,"CO2","SLV",3,4450.74575197829,"kt"
1975,"CO2","SLV",4,4307.17330836609,"kt"
1975,"CO2","SLV",5,4450.74575197829,"kt"
1975,"CO2","SLV",6,4307.17330836609,"kt"
1975,"CO2","SLV",7,4450.74575197829,"kt"
1975,"CO2","SLV",8,4450.74575197829,"kt"
1975,"CO2","SLV",9,4307.17330836609,"kt"
1975,"CO2","SLV",10,4450.74575197829,"kt"
1975,"CO2","SLV",11,4307.17330836609,"kt"
1975,"CO2","SLV",12,4450.74575197829,"kt"
1975,"CO2","WST",1,220.167368634979,"kt"
1975,"CO2","WST",2,198.860849089658,"kt"
1975,"CO2","WST",3,220.167368634979,"kt"
1975,"CO2","WST",4,213.065195453205,"kt"
1975,"CO2","WST",5,220.167368634979,"kt"
1975,"CO2","WST",6,213.065195453205,"kt"
1975,"CO2","WST",7,220.167368634979,"kt"
1975,"CO2","WST",8,220.167368634979,"kt"
1975,"CO2","WST",9,213.065195453205,"kt"
1975,"CO2","WST",10,220.167368634979,"kt"
1975,"CO2","WST",11,213.065195453205,"kt"
1975,"CO2","WST",12,220.167368634979,"kt"
1975,"CO2","SHP",1,38984.9428797681,"kt"
1975,"CO2","SHP",2,33455.5632508223,"kt"
1975,"CO2","SHP",3,40889.7036386753,"kt"
1975,"CO2","SHP",4,39255.7912933443,"kt"
1975,"CO2","SHP",5,41275.3583665374,"kt"
1975,"CO2","SHP",6,38389.1108691445,"kt"
1975,"CO2","SHP",7,42448.6641599257,"kt"
1975,"CO2","SHP",8,43032.8349878837,"kt"
1975,"CO2","SHP",9,40970.012114911,"kt"
1975,"CO2","SHP",10,44042.2603058266,"kt"
1975,"CO2","SHP",11,42879.7841550243,"kt"
1975,"CO2","SHP",12,43320.4021940235,"kt"
1975,"CO2","RCO",1,424427.254330088,"kt"
1975,"CO2","RCO",2,329869.999422568,"kt"
1975,"CO2","RCO",3,306202.016406,"kt"
1975,"CO2","RCO",4,187625.546994793,"kt"
1975,"CO2","RCO",5,150410.673428261,"kt"
1975,"CO2","RCO",6,139606.386932477,"kt"
1975,"CO2","RCO",7,147699.889762784,"kt"
1975,"CO2","RCO",8,147190.196440831,"kt"
1975,"CO2","RCO",9,140410.137238494,"kt"
1975,"CO2","RCO",10,179775.783798411,"kt"
1975,"CO2","RCO",11,262982.871826074,"kt"
1975,"CO2","RCO",12,404099.785599055,"kt"
1976,"CO2","AGR",1,0,"kt"
1976,"CO2","AGR",2,0,"kt"
1976,"CO2","AGR",3,0,"kt"
1976,"CO2","AGR",4,0,"kt"
1976,"CO2","AGR",5,0,"kt"
1976,"CO2","AGR",6,0,"kt"
1976,"CO2","AGR",7,0,"kt"
1976,"CO2","AGR",8,0,"kt"
1976,"CO2","AGR",9,0,"kt"
1976,"CO2","AGR",10,0,"kt"
1976,"CO2","AGR",11,0,"kt"
1976,"CO2","AGR",12,0,"kt"
1976,"CO2","ENE",1,693669.784877937,"kt"
1976,"CO2","ENE",2,587566.286292994,"kt"
1976,"CO2","ENE",3,602318.215148899,"kt"
1976,"CO2","ENE",4,556824.00879439,"kt"
1976,"CO2","ENE",5,550524.323824752,"kt"
1976,"CO2","ENE",6,524320.596591217,"kt"
1976,"CO2","ENE",7,550363.638660346,"kt"
1976,"CO2","ENE",8,546439.700826371,"kt"
1976,"CO2","ENE",9,520065.808016664,"kt"
1976,"CO2","ENE",10,561992.859186097,"kt"
1976,"CO2","ENE",11,580026.376936727,"kt"
1976,"CO2","ENE",12,663956.258840236,"kt"
1976,"CO2","IND",1,530703.927888246,"kt"
1976,"CO2","IND",2,480880.544040823,"kt"
1976,"CO2","IND",3,487268.986708388,"kt"
1976,"CO2","IND",4,474840.048270419,"kt"
1976,"CO2","IND",5,426365.403902407,"kt"
1976,"CO2","IND",6,394061.83615235,"kt"
1976,"CO2","IND",7,384629.994308071,"kt"
1976,"CO2","IND",8,407197.230690761,"kt"
1976,"CO2","IND",9,390772.420180371,"kt"
1976,"CO2","IND",10,448932.640285097,"kt"
1976,"CO2","IND",11,473195.34028443,"kt"
1976,"CO2","IND",12,532403.459473769,"kt"
1976,"CO2","TRA",1,238891.807530408,"kt"
1976,"CO2","TRA",2,215773.245511336,"kt"
1976,"CO2","TRA",3,238891.807530408,"kt"
1976,"CO2","TRA",4,231185.620190717,"kt"
1976,"CO2","TRA",5,238891.807530408,"kt"
1976,"CO2","TRA",6,231185.620190717,"kt"
1976,"CO2","TRA",7,238891.807530408,"kt"
1976,"CO2","TRA",8,238891.807530408,"kt"
1976,"CO2","TRA",9,231185.620190717,"kt"
1976,"CO2","TRA",10,238891.807530408,"kt"
1976,"CO2","TRA",11,231185.620190717,"kt"
1976,"CO2","TRA",12,238891.807530408,"kt"
1976,"CO2","SLV",1,4548.02568486674,"kt"
1976,"CO2","SLV",2,4107.89416697641,"kt"
1976,"CO2","SLV",3,4548.02568486674,"kt"
1976,"CO2","SLV",4,4401.3151789033,"kt"
1976,"CO2","SLV",5,4548.02568486674,"kt"
1976,"CO2","SLV",6,4401.3151789033,"kt"
1976,"CO2","SLV",7,4548.02568486674,"kt"
1976,"CO2","SLV",8,4548.02568486674,"kt"
1976,"CO2","SLV",9,4401.3151789033,"kt"
1976,"CO2","SLV",10,4548.02568486674,"kt"
1976,"CO2","SLV",11,4401.3151789033,"kt"
1976,"CO2","SLV",12,4548.02568486674,"kt"
1976,"CO2","WST",1,238.638792168135,"kt"
1976,"CO2","WST",2,215.544715506702,"kt"
1976,"CO2","WST",3,238.638792168135,"kt"
1976,"CO2","WST",4,230.940766614324,"kt"
1976,"CO2","WST",5,238.638792168135,"kt"
1976,"CO2","WST",6,230.940766614324,"kt"
1976,"CO2","WST",7,238.638792168135,"kt"
1976,"CO2","WST",8,238.638792168135,"kt"
1976,"CO2","WST",9,230.940766614324,"kt"
1976,"CO2","WST",10,238.638792168135,"kt"
1976,"CO2","WST",11,230.940766614324,"kt"
1976,"CO2","WST",12,238.638792168135,"kt"
1976,"CO2","SHP",1,40040.2299394897,"kt"
1976,"CO2","SHP",2,34361.1750169642,"kt"
1976,"CO2","SHP",3,41996.5508452704,"kt"
1976,"CO2","SHP",4,40318.4099740682,"kt"
1976,"CO2","SHP",5,42392.6448969784,"kt"
1976,"CO2","SHP",6,39428.2692965241,"kt"
1976,"CO2","SHP",7,43597.7110144661,"kt"
1976,"CO2","SHP",8,44197.6948171235,"kt"
1976,"CO2","SHP",9,42079.0331991497,"kt"
1976,"CO2","SHP",10,45234.4443632707,"kt"
1976,"CO2","SHP",11,44040.5010369755,"kt"
1976,"CO2","SHP",12,44493.0462068229,"kt"
1976,"CO2","RCO",1,446717.850377351,"kt"
1976,"CO2","RCO",2,347303.772899571,"kt"
1976,"CO2","RCO",3,322676.187267833,"kt"
1976,"CO2","RCO",4,197425.827291938,"kt"
1976,"CO2","RCO",5,158185.984425013,"kt"
1976,"CO2","RCO",6,146762.731853685,"kt"
1976,"CO2","RCO",7,155256.217378284,"kt"
1976,"CO2","RCO",8,154721.493108071,"kt"
1976,"CO2","RCO",9,147624.761424718,"kt"
1976,"CO2","RCO",10,189045.79241076,"kt"
1976,"CO2","RCO",11,276799.668750176,"kt"
1976,"CO2","RCO",12,425513.116816657,"kt"
1977,"CO2","AGR",1,0,"kt"
1977,"CO2","AGR",2,0,"kt"
1977,"CO2","AGR",3,0,"kt"
1977,"CO2","AGR",4,0,"kt"
1977,"CO2","AGR",5,0,"kt"
1977,"CO2","AGR",6,0,"kt"
1977,"CO2","AGR",7,0,"kt"
1977,"CO2","AGR",8,0,"kt"
1977,"CO2","AGR",9,0,"kt"
1977,"CO2","AGR",10,0,"kt"
1977,"CO2","AGR",11,0,"kt"
1977,"CO2","AGR",12,0,"kt"
1977,"CO2","ENE",1,714813.985979505,"kt"
1977,"CO2","ENE",2,605835.629482839,"kt"
1977,"CO2","ENE",3,623559.120376386,"kt"
1977,"CO2","ENE",4,576609.167088836,"kt"
1977,"CO2","ENE",5,572055.971260828,"kt"
1977,"CO2","ENE",6,546869.253256422,"kt"
1977,"CO2","ENE",7,574348.635956537,"kt"
1977,"CO2","ENE",8,570390.048815667,"kt"
1977,"CO2","ENE",9,541738.289441173,"kt"
1977,"CO2","ENE",10,583397.883683108,"kt"
1977,"CO2","ENE",11,600165.846468063,"kt"
1977,"CO2","ENE",12,685510.025031718,"kt"
1977,"CO2","IND",1,552400.919930121,"kt"
1977,"CO2","IND",2,500519.084156676,"kt"
1977,"CO2","IND",3,507441.406154748,"kt"
1977,"CO2","IND",4,494450.15232581,"kt"
1977,"CO2","IND",5,444365.157885759,"kt"
1977,"CO2","IND",6,410809.562355981,"kt"
1977,"CO2","IND",7,401150.853068014,"kt"
1977,"CO2","IND",8,424503.214434514,"kt"
1977,"CO2","IND",9,407431.738567024,"kt"
1977,"CO2","IND",10,467717.519252259,"kt"
1977,"CO2","IND",11,492761.240431331,"kt"
1977,"CO2","IND",12,554146.128887749,"kt"
1977,"CO2","TRA",1,248274.814501822,"kt"
1977,"CO2","TRA",2,224248.219550033,"kt"
1977,"CO2","TRA",3,248274.814501822,"kt"
1977,"CO2","TRA",4,240265.949517892,"kt"
1977,"CO2","TRA",5,248274.814501822,"kt"
1977,"CO2","TRA",6,240265.949517892,"kt"
1977,"CO2","TRA",7,248274.814501822,"kt"
1977,"CO2","TRA",8,248274.814501822,"kt"
1977,"CO2","TRA",9,240265.949517892,"kt"
1977,"CO2","TRA",10,248274.814501822,"kt"
1977,"CO2","TRA",11,240265.949517892,"kt"
1977,"CO2","TRA",12,248274.814501822,"kt"
1977,"CO2","SLV",1,4648.64072711205,"kt"
1977,"CO2","SLV",2,4198.77226964959,"kt"
1977,"CO2","SLV",3,4648.64072711205,"kt"
1977,"CO2","SLV",4,4498.68457462456,"kt"
1977,"CO2","SLV",5,4648.64072711205,"kt"
1977,"CO2","SLV",6,4498.68457462456,"kt"
1977,"CO2","SLV",7,4648.64072711205,"kt"
1977,"CO2","SLV",8,4648.64072711205,"kt"
1977,"CO2","SLV",9,4498.68457462456,"kt"
1977,"CO2","SLV",10,4648.64072711205,"kt"
1977,"CO2","SLV",11,4498.68457462456,"kt"
1977,"CO2","SLV",12,4648.64072711205,"kt"
1977,"CO2","WST",1,256.249314263406,"kt"
1977,"CO2","WST",2,231.450993528237,"kt"
1977,"CO2","WST",3,256.249314263406,"kt"
1977,"CO2","WST",4,247.983207351683,"kt"
1977,"CO2","WST",5,256.249314263406,"kt"
1977,"CO2","WST",6,247.983207351683,"kt"
1977,"CO2","WST",7,256.249314263406,"kt"
1977,"CO2","WST",8,256.249314263406,"kt"
1977,"CO2","WST",9,247.983207351683,"kt"
1977,"CO2","WST",10,256.249314263406,"kt"
1977,"CO2","WST",11,247.983207351683,"kt"
1977,"CO2","WST",12,256.249314263406,"kt"
1977,"CO2","SHP",1,39735.6387830376,"kt"
1977,"CO2","SHP",2,34099.7851585322,"kt"
1977,"CO2","SHP",3,41677.0777051739,"kt"
1977,"CO2","SHP",4,40011.7026664712,"kt"
1977,"CO2","SHP",5,42070.1586187092,"kt"
1977,"CO2","SHP",6,39128.3334030469,"kt"
1977,"CO2","SHP",7,43266.0576439278,"kt"
1977,"CO2","SHP",8,43861.4772929682,"kt"
1977,"CO2","SHP",9,41758.932605225,"kt"
1977,"CO2","SHP",10,44890.3401525582,"kt"
1977,"CO2","SHP",11,43705.4793060351,"kt"
1977,"CO2","SHP",12,44154.5819068253,"kt"
1977,"CO2","RCO",1,447507.336825495,"kt"
1977,"CO2","RCO",2,347778.299303054,"kt"
1977,"CO2","RCO",3,322810.925244046,"kt"
1977,"CO2","RCO",4,198180.176525348,"kt"
1977,"CO2","RCO",5,159384.00456324,"kt"
1977,"CO2","RCO",6,147934.189999446,"kt"
1977,"CO2","RCO",7,156471.183807809,"kt"
1977,"CO2","RCO",8,155925.025093405,"kt"
1977,"CO2","RCO",9,148784.6769653,"kt"
1977,"CO2","RCO",10,190220.276688609,"kt"
1977,"CO2","RCO",11,277636.423377147,"kt"
1977,"CO2","RCO",12,426114.698883556,"kt"
1978,"CO2","AGR",1,0,"kt"
1978,"CO2","AGR",2,0,"kt"
1978,"CO2","AGR",3,0,"kt"
1978,"CO2","AGR",4,0,"kt"
1978,"CO2","AGR",5,0,"kt"
1978,"CO2","AGR",6,0,"kt"
1978,"CO2","AGR",7,0,"kt"
1978,"CO2","AGR",8,0,"kt"
1978,"CO2","AGR",9,0,"kt"
1978,"CO2","AGR",10,0,"kt"
1978,"CO2","AGR",11,0,"kt"
1978,"CO2","AGR",12,0,"kt"
1978,"CO2","ENE",1,723980.067076771,"kt"
1978,"CO2","ENE",2,613926.947139877,"kt"
1978,"CO2","ENE",3,632288.721415197,"kt"
1978,"CO2","ENE",4,584695.858323222,"kt"
1978,"CO2","ENE",5,580422.494864095,"kt"
1978,"CO2","ENE",6,555223.066201051,"kt"
1978,"CO2","ENE",7,583236.897574658,"kt"
1978,"CO2","ENE",8,579144.428216649,"kt"
1978,"CO2","ENE",9,549757.522653004,"kt"
1978,"CO2","ENE",10,591389.445199461,"kt"
1978,"CO2","ENE",11,608043.177830321,"kt"
1978,"CO2","ENE",12,694355.055781022,"kt"
1978,"CO2","IND",1,595353.330820094,"kt"
1978,"CO2","IND",2,539339.303008009,"kt"
1978,"CO2","IND",3,546761.564973835,"kt"
1978,"CO2","IND",4,532554.40368106,"kt"
1978,"CO2","IND",5,478304.731408523,"kt"
1978,"CO2","IND",6,441936.133168876,"kt"
1978,"CO2","IND",7,431485.291643895,"kt"
1978,"CO2","IND",8,456667.337607839,"kt"
1978,"CO2","IND",9,438505.824623786,"kt"
1978,"CO2","IND",10,503486.777372467,"kt"
1978,"CO2","IND",11,530839.249408515,"kt"
1978,"CO2","IND",12,597125.656901724,"kt"
1978,"CO2","TRA",1,260934.993088147,"kt"
1978,"CO2","TRA",2,235683.219563488,"kt"
1978,"CO2","TRA",3,260934.993088147,"kt"
1978,"CO2","TRA",4,252517.735246594,"kt"
1978,"CO2","TRA",5,260934.993088147,"kt"
1978,"CO2","TRA",6,252517.735246594,"kt"
1978,"CO2","TRA",7,260934.993088147,"kt"
1978,"CO2","TRA",8,260934.993088147,"kt"
1978,"CO2","TRA",9,252517.735246594,"kt"
1978,"CO2","TRA",10,260934.993088147,"kt"
1978,"CO2","TRA",11,252517.735246594,"kt"
1978,"CO2","TRA",12,260934.993088147,"kt"
1978,"CO2","SLV",1,4746.57820202016,"kt"
1978,"CO2","SLV",2,4287.2319244053,"kt"
1978,"CO2","SLV",3,4746.57820202016,"kt"
1978,"CO2","SLV",4,4593.46277614854,"kt"
1978,"CO2","SLV",5,4746.57820202016,"kt"
1978,"CO2","SLV",6,4593.46277614854,"kt"
1978,"CO2","SLV",7,4746.57820202016,"kt"
1978,"CO2","SLV",8,4746.57820202016,"kt"
1978,"CO2","SLV",9,4593.46277614854,"kt"
1978,"CO2","SLV",10,4746.57820202016,"kt"
1978,"CO2","SLV",11,4593.46277614854,"kt"
1978,"CO2","SLV",12,4746.57820202016,"kt"
1978,"CO2","WST",1,275.063705560402,"kt"
1978,"CO2","WST",2,248.444637280363,"kt"
1978,"CO2","WST",3,275.063705560402,"kt"
1978,"CO2","WST",4,266.190682800389,"kt"
1978,"CO2","WST",5,275.063705560402,"kt"
1978,"CO2","WST",6,266.190682800389,"kt"
1978,"CO2","WST",7,275.063705560402,"kt"
1978,"CO2","WST",8,275.063705560402,"kt"
1978,"CO2","WST",9,266.190682800389,"kt"
1978,"CO2","WST",10,275.063705560402,"kt"
1978,"CO2","WST",11,266.190682800389,"kt"
1978,"CO2","WST",12,275.063705560402,"kt"
1978,"CO2","SHP",1,39830.3032265873,"kt"
1978,"CO2","SHP",2,34181.022991522,"kt"
1978,"CO2","SHP",3,41776.3673476855,"kt"
1978,"CO2","SHP",4,40107.0247925122,"kt"
1978,"CO2","SHP",5,42170.3847199538,"kt"
1978,"CO2","SHP",6,39221.5510288879,"kt"
1978,"CO2","SHP",7,43369.1328025736,"kt"
1978,"CO2","SHP",8,43965.9709532785,"kt"
1978,"CO2","SHP",9,41858.4172552614,"kt"
1978,"CO2","SHP",10,44997.2849306327,"kt"
1978,"CO2","SHP",11,43809.6013235814,"kt"
1978,"CO2","SHP",12,44259.773846716,"kt"
1978,"CO2","RCO",1,462288.942272401,"kt"
1978,"CO2","RCO",2,358956.69179047,"kt"
1978,"CO2","RCO",3,332381.523596039,"kt"
1978,"CO2","RCO",4,204595.19369885,"kt"
1978,"CO2","RCO",5,164838.978689217,"kt"
1978,"CO2","RCO",6,153036.610965943,"kt"
1978,"CO2","RCO",7,161832.612566823,"kt"
1978,"CO2","RCO",8,161296.197618295,"kt"
1978,"CO2","RCO",9,153963.74868611,"kt"
1978,"CO2","RCO",10,196423.735193951,"kt"
1978,"CO2","RCO",11,286901.424663675,"kt"
1978,"CO2","RCO",12,439824.064816335,"kt"
1979,"CO2","AGR",1,0,"kt"
1979,"CO2","AGR",2,0,"kt"
1979,"CO2","AGR",3,0,"kt"
1979,"CO2","AGR",4,0,"kt"
1979,"CO2","AGR",5,0,"kt"
1979,"CO2","AGR",6,0,"kt"
1979,"CO2","AGR",7,0,"kt"
1979,"CO2","AGR",8,0,"kt"
1979,"CO2","AGR",9,0,"kt"
1979,"CO2","AGR",10,0,"kt"
1979,"CO2","AGR",11,0,"kt"
1979,"CO2","AGR",12,0,"kt"
1979,"CO2","ENE",1,743187.079208256,"kt"
1979,"CO2","ENE",2,630593.989244268,"kt"
1979,"CO2","ENE",3,650164.642202283,"kt"
1979,"CO2","ENE",4,601488.972839322,"kt"
1979,"CO2","ENE",5,597060.203214037,"kt"
1979,"CO2","ENE",6,571329.320156583,"kt"
1979,"CO2","ENE",7,599996.059927201,"kt"
1979,"CO2","ENE",8,595604.765754748,"kt"
1979,"CO2","ENE",9,565788.706630213,"kt"
1979,"CO2","ENE",10,608443.777315104,"kt"
1979,"CO2","ENE",11,625069.417928683,"kt"
1979,"CO2","ENE",12,713170.753679797,"kt"
1979,"CO2","IND",1,621576.82689571,"kt"
1979,"CO2","IND",2,563117.74799704,"kt"
1979,"CO2","IND",3,570940.650037204,"kt"
1979,"CO2","IND",4,556152.175254555,"kt"
1979,"CO2","IND",5,499673.798573407,"kt"
1979,"CO2","IND",6,461775.637198579,"kt"
1979,"CO2","IND",7,450912.587244486,"kt"
1979,"CO2","IND",8,477168.158438531,"kt"
1979,"CO2","IND",9,458146.671657447,"kt"
1979,"CO2","IND",10,525929.369767452,"kt"
1979,"CO2","IND",11,554337.692483989,"kt"
1979,"CO2","IND",12,623451.792425295,"kt"
1979,"CO2","TRA",1,264545.364990493,"kt"
1979,"CO2","TRA",2,238944.200636575,"kt"
1979,"CO2","TRA",3,264545.364990493,"kt"
1979,"CO2","TRA",4,256011.643539187,"kt"
1979,"CO2","TRA",5,264545.364990493,"kt"
1979,"CO2","TRA",6,256011.643539187,"kt"
1979,"CO2","TRA",7,264545.364990493,"kt"
1979,"CO2","TRA",8,264545.364990493,"kt"
1979,"CO2","TRA",9,256011.643539187,"kt"
1979,"CO2","TRA",10,264545.364990493,"kt"
1979,"CO2","TRA",11,256011.643539187,"kt"
1979,"CO2","TRA",12,264545.364990493,"kt"
1979,"CO2","SLV",1,4844.66119205913,"kt"
1979,"CO2","SLV",2,4375.82301218244,"kt"
1979,"CO2","SLV",3,4844.66119205913,"kt"
1979,"CO2","SLV",4,4688.3817987669,"kt"
1979,"CO2","SLV",5,4844.66119205913,"kt"
1979,"CO2","SLV",6,4688.3817987669,"kt"
1979,"CO2","SLV",7,4844.66119205913,"kt"
1979,"CO2","SLV",8,4844.66119205913,"kt"
1979,"CO2","SLV",9,4688.3817987669,"kt"
1979,"CO2","SLV",10,4844.66119205913,"kt"
1979,"CO2","SLV",11,4688.3817987669,"kt"
1979,"CO2","SLV",12,4844.66119205913,"kt"
1979,"CO2","WST",1,295.236081623135,"kt"
1979,"CO2","WST",2,266.66484791767,"kt"
1979,"CO2","WST",3,295.236081623135,"kt"
1979,"CO2","WST",4,285.712337054647,"kt"
1979,"CO2","WST",5,295.236081623135,"kt"
1979,"CO2","WST",6,285.712337054647,"kt"
1979,"CO2","WST",7,295.236081623135,"kt"
1979,"CO2","WST",8,295.236081623135,"kt"
1979,"CO2","WST",9,285.712337054647,"kt"
1979,"CO2","WST",10,295.236081623135,"kt"
1979,"CO2","WST",11,285.712337054647,"kt"
1979,"CO2","WST",12,295.236081623135,"kt"
1979,"CO2","SHP",1,41138.6772637677,"kt"
1979,"CO2","SHP",2,35303.8254666113,"kt"
1979,"CO2","SHP",3,43148.6670787339,"kt"
1979,"CO2","SHP",4,41424.4887758656,"kt"
1979,"CO2","SHP",5,43555.6274129761,"kt"
1979,"CO2","SHP",6,40509.9283423171,"kt"
1979,"CO2","SHP",7,44793.7528224392,"kt"
1979,"CO2","SHP",8,45410.1963358334,"kt"
1979,"CO2","SHP",9,43233.4122198412,"kt"
1979,"CO2","SHP",10,46475.3876458424,"kt"
1979,"CO2","SHP",11,45248.6901656853,"kt"
1979,"CO2","SHP",12,45713.6502749994,"kt"
1979,"CO2","RCO",1,460253.250548158,"kt"
1979,"CO2","RCO",2,357439.777939095,"kt"
1979,"CO2","RCO",3,331337.021177434,"kt"
1979,"CO2","RCO",4,204812.787517961,"kt"
1979,"CO2","RCO",5,164851.4259241,"kt"
1979,"CO2","RCO",6,153060.882314812,"kt"
1979,"CO2","RCO",7,161804.161709345,"kt"
1979,"CO2","RCO",8,161283.570766149,"kt"
1979,"CO2","RCO",9,154008.285963382,"kt"
1979,"CO2","RCO",10,196654.177839312,"kt"
1979,"CO2","RCO",11,286604.382719707,"kt"
1979,"CO2","RCO",12,437652.33127541,"kt"
1980,"CO2","AGR",1,0,"kt"
1980,"CO2","AGR",2,0,"kt"
1980,"CO2","AGR",3,0,"kt"
1980,"CO2","AGR",4,0,"kt"
1980,"CO2","AGR",5,0,"kt"
1980,"CO2","AGR",6,0,"kt"
1980,"CO2","AGR",7,0,"kt"
1980,"CO2","AGR",8,0,"kt"
1980,"CO2","AGR",9,0,"kt"
1980,"CO2","AGR",10,0,"kt"
1980,"CO2","AGR",11,0,"kt"
1980,"CO2","AGR",12,0,"kt"
1980,"CO2","ENE",1,745582.301094152,"kt"
1980,"CO2","ENE",2,632951.652941409,"kt"
1980,"CO2","ENE",3,653675.27299784,"kt"
1980,"CO2","ENE",4,605609.461754241,"kt"
1980,"CO2","ENE",5,601825.929482495,"kt"
1980,"CO2","ENE",6,576427.31663358,"kt"
1980,"CO2","ENE",7,605196.40042676,"kt"
1980,"CO2","ENE",8,600901.298421839,"kt"
1980,"CO2","ENE",9,571337.472068293,"kt"
1980,"CO2","ENE",10,614248.444956071,"kt"
1980,"CO2","ENE",11,629751.021342066,"kt"
1980,"CO2","ENE",12,716264.904396537,"kt"
1980,"CO2","IND",1,603886.970007048,"kt"
1980,"CO2","IND",2,547179.463230832,"kt"
1980,"CO2","IND",3,555087.37354056,"kt"
1980,"CO2","IND",4,540895.260105502,"kt"
1980,"CO2","IND",5,486685.139551401,"kt"
1980,"CO2","IND",6,450158.359107582,"kt"
1980,"CO2","IND",7,439804.407369142,"kt"
1980,"CO2","IND",8,465163.637744501,"kt"
1980,"CO2","IND",9,446444.428234879,"kt"
1980,"CO2","IND",10,512044.36992676,"kt"
1980,"CO2","IND",11,539038.294669151,"kt"
1980,"CO2","IND",12,605805.834291278,"kt"
1980,"CO2","TRA",1,261898.32621822,"kt"
1980,"CO2","TRA",2,236553.326906779,"kt"
1980,"CO2","TRA",3,261898.32621822,"kt"
1980,"CO2","TRA",4,253449.993114406,"kt"
1980,"CO2","TRA",5,261898.32621822,"kt"
1980,"CO2","TRA",6,253449.993114406,"kt"
1980,"CO2","TRA",7,261898.32621822,"kt"
1980,"CO2","TRA",8,261898.32621822,"kt"
1980,"CO2","TRA",9,253449.993114406,"kt"
1980,"CO2","TRA",10,261898.32621822,"kt"
1980,"CO2","TRA",11,253449.993114406,"kt"
1980,"CO2","TRA",12,261898.32621822,"kt"
1980,"CO2","SLV",1,4945.29019415649,"kt"
1980,"CO2","SLV",2,4466.71372375425,"kt"
1980,"CO2","SLV",3,4945.29019415649,"kt"
1980,"CO2","SLV",4,4785.76470402241,"kt"
1980,"CO2","SLV",5,4945.29019415649,"kt"
1980,"CO2","SLV",6,4785.76470402241,"kt"
1980,"CO2","SLV",7,4945.29019415649,"kt"
1980,"CO2","SLV",8,4945.29019415649,"kt"
1980,"CO2","SLV",9,4785.76470402241,"kt"
1980,"CO2","SLV",10,4945.29019415649,"kt"
1980,"CO2","SLV",11,4785.76470402241,"kt"
1980,"CO2","SLV",12,4945.29019415649,"kt"
1980,"CO2","WST",1,315.934990267293,"kt"
1980,"CO2","WST",2,285.360636370458,"kt"
1980,"CO2","WST",3,315.934990267293,"kt"
1980,"CO2","WST",4,305.743538968348,"kt"
1980,"CO2","WST",5,315.934990267293,"kt"
1980,"CO2","WST",6,305.743538968348,"kt"
1980,"CO2","WST",7,315.934990267293,"kt"
1980,"CO2","WST",8,315.934990267293,"kt"
1980,"CO2","WST",9,305.743538968348,"kt"
1980,"CO2","WST",10,315.934990267293,"kt"
1980,"CO2","WST",11,305.743538968348,"kt"
1980,"CO2","WST",12,315.934990267293,"kt"
1980,"CO2","SHP",1,40058.2773643068,"kt"
1980,"CO2","SHP",2,34376.6627083107,"kt"
1980,"CO2","SHP",3,42015.4800471033,"kt"
1980,"CO2","SHP",4,40336.5827836113,"kt"
1980,"CO2","SHP",5,42411.752631193,"kt"
1980,"CO2","SHP",6,39446.0408909148,"kt"
1980,"CO2","SHP",7,43617.3619109,"kt"
1980,"CO2","SHP",8,44217.616145635,"kt"
1980,"CO2","SHP",9,42097.9995784433,"kt"
1980,"CO2","SHP",10,45254.8329882866,"kt"
1980,"CO2","SHP",11,44060.3515131734,"kt"
1980,"CO2","SHP",12,44513.1006597447,"kt"
1980,"CO2","RCO",1,437797.430784286,"kt"
1980,"CO2","RCO",2,340668.130910567,"kt"
1980,"CO2","RCO",3,317350.56361488,"kt"
1980,"CO2","RCO",4,196632.046641637,"kt"
1980,"CO2","RCO",5,158372.285914146,"kt"
1980,"CO2","RCO",6,147067.96117524,"kt"
1980,"CO2","RCO",7,155383.51063209,"kt"
1980,"CO2","RCO",8,154897.601107369,"kt"
1980,"CO2","RCO",9,148051.860630563,"kt"
1980,"CO2","RCO",10,189701.045433602,"kt"
1980,"CO2","RCO",11,275144.639545131,"kt"
1980,"CO2","RCO",12,416326.700690707,"kt"
1981,"CO2","AGR",1,0,"kt"
1981,"CO2","AGR",2,0,"kt"
1981,"CO2","AGR",3,0,"kt"
1981,"CO2","AGR",4,0,"kt"
1981,"CO2","AGR",5,0,"kt"
1981,"CO2","AGR",6,0,"kt"
1981,"CO2","AGR",7,0,"kt"
1981,"CO2","AGR",8,0,"kt"
1981,"CO2","AGR",9,0,"kt"
1981,"CO2","AGR",10,0,"kt"
1981,"CO2","AGR",11,0,"kt"
1981,"CO2","AGR",12,0,"kt"
1981,"CO2","ENE",1,728926.554800424,"kt"
1981,"CO2","ENE",2,618799.84828191,"kt"
1981,"CO2","ENE",3,641605.268788812,"kt"
1981,"CO2","ENE",4,594977.410014957,"kt"
1981,"CO2","ENE",5,592531.834990495,"kt"
1981,"CO2","ENE",6,569663.012567358,"kt"
1981,"CO2","ENE",7,598404.571148512,"kt"
1981,"CO2","ENE",8,593825.240030219,"kt"
1981,"CO2","ENE",9,564177.808991198,"kt"
1981,"CO2","ENE",10,605587.787144986,"kt"
1981,"CO2","ENE",11,618495.950400779,"kt"
1981,"CO2","ENE",12,701427.421496059,"kt"
1981,"CO2","IND",1,588397.632289225,"kt"
1981,"CO2","IND",2,533078.611675214,"kt"
1981,"CO2","IND",3,541073.295030159,"kt"
1981,"CO2","IND",4,527096.50149232,"kt"
1981,"CO2","IND",5,474578.151448109,"kt"
1981,"CO2","IND",6,438978.19374436,"kt"
1981,"CO2","IND",7,429050.359111662,"kt"
1981,"CO2","IND",8,453610.800202505,"kt"
1981,"CO2","IND",9,435501.01002316,"kt"
1981,"CO2","IND",10,499138.592538951,"kt"
1981,"CO2","IND",11,525357.909631721,"kt"
1981,"CO2","IND",12,590194.177211844,"kt"
1981,"CO2","TRA",1,263432.22283048,"kt"
1981,"CO2","TRA",2,237938.781911402,"kt"
1981,"CO2","TRA",3,263432.22283048,"kt"
1981,"CO2","TRA",4,254934.409190787,"kt"
1981,"CO2","TRA",5,263432.22283048,"kt"
1981,"CO2","TRA",6,254934.409190787,"kt"
1981,"CO2","TRA",7,263432.22283048,"kt"
1981,"CO2","TRA",8,263432.22283048,"kt"
1981,"CO2","TRA",9,254934.409190787,"kt"
1981,"CO2","TRA",10,263432.22283048,"kt"
1981,"CO2","TRA",11,254934.409190787,"kt"
1981,"CO2","TRA",12,263432.22283048,"kt"
1981,"CO2","SLV",1,4846.23725570814,"kt"
1981,"CO2","SLV",2,4377.24655354284,"kt"
1981,"CO2","SLV",3,4846.23725570814,"kt"
1981,"CO2","SLV",4,4689.90702165304,"kt"
1981,"CO2","SLV",5,4846.23725570814,"kt"
1981,"CO2","SLV",6,4689.90702165304,"kt"
1981,"CO2","SLV",7,4846.23725570814,"kt"
1981,"CO2","SLV",8,4846.23725570814,"kt"
1981,"CO2","SLV",9,4689.90702165304,"kt"
1981,"CO2","SLV",10,4846.23725570814,"kt"
1981,"CO2","SLV",11,4689.90702165304,"kt"
1981,"CO2","SLV",12,4846.23725570814,"kt"
1981,"CO2","WST",1,457.171939897074,"kt"
1981,"CO2","WST",2,412.929494100583,"kt"
1981,"CO2","WST",3,457.171939897074,"kt"
1981,"CO2","WST",4,442.424457964911,"kt"
1981,"CO2","WST",5,457.171939897074,"kt"
1981,"CO2","WST",6,442.424457964911,"kt"
1981,"CO2","WST",7,457.171939897074,"kt"
1981,"CO2","WST",8,457.171939897074,"kt"
1981,"CO2","WST",9,442.424457964911,"kt"
1981,"CO2","WST",10,457.171939897074,"kt"
1981,"CO2","WST",11,442.424457964911,"kt"
1981,"CO2","WST",12,457.171939897074,"kt"
1981,"CO2","SHP",1,36654.0958990067,"kt"
1981,"CO2","SHP",2,31455.3089774392,"kt"
1981,"CO2","SHP",3,38444.9740782301,"kt"
1981,"CO2","SHP",4,36908.7507219196,"kt"
1981,"CO2","SHP",5,38807.5711307013,"kt"
1981,"CO2","SHP",6,36093.8877251881,"kt"
1981,"CO2","SHP",7,39910.726859372,"kt"
1981,"CO2","SHP",8,40459.9710538656,"kt"
1981,"CO2","SHP",9,38520.4810399442,"kt"
1981,"CO2","SHP",10,41409.0444569194,"kt"
1981,"CO2","SHP",11,40316.0708839371,"kt"
1981,"CO2","SHP",12,40730.3450796469,"kt"
1981,"CO2","RCO",1,422713.869649553,"kt"
1981,"CO2","RCO",2,328873.897190006,"kt"
1981,"CO2","RCO",3,306051.946597192,"kt"
1981,"CO2","RCO",4,190234.149771428,"kt"
1981,"CO2","RCO",5,154149.469706434,"kt"
1981,"CO2","RCO",6,143273.073832249,"kt"
1981,"CO2","RCO",7,151361.73141935,"kt"
1981,"CO2","RCO",8,150873.323084374,"kt"
1981,"CO2","RCO",9,144189.465081488,"kt"
1981,"CO2","RCO",10,184039.256792904,"kt"
1981,"CO2","RCO",11,265578.618100292,"kt"
1981,"CO2","RCO",12,401480.178573846,"kt"
1982,"CO2","AGR",1,0,"kt"
1982,"CO2","AGR",2,0,"kt"
1982,"CO2","AGR",3,0,"kt"
1982,"CO2","AGR",4,0,"kt"
1982,"CO2","AGR",5,0,"kt"
1982,"CO2","AGR",6,0,"kt"
1982,"CO2","AGR",7,0,"kt"
1982,"CO2","AGR",8,0,"kt"
1982,"CO2","AGR",9,0,"kt"
1982,"CO2","AGR",10,0,"kt"
1982,"CO2","AGR",11,0,"kt"
1982,"CO2","AGR",12,0,"kt"
1982,"CO2","ENE",1,730448.873589976,"kt"
1982,"CO2","ENE",2,620938.233659334,"kt"
1982,"CO2","ENE",3,644317.384100935,"kt"
1982,"CO2","ENE",4,598339.837674284,"kt"
1982,"CO2","ENE",5,595057.52326265,"kt"
1982,"CO2","ENE",6,571049.357834628,"kt"
1982,"CO2","ENE",7,598982.280480533,"kt"
1982,"CO2","ENE",8,594558.385386268,"kt"
1982,"CO2","ENE",9,566420.682845834,"kt"
1982,"CO2","ENE",10,608807.171833772,"kt"
1982,"CO2","ENE",11,621561.653792215,"kt"
1982,"CO2","ENE",12,703151.842042062,"kt"
1982,"CO2","IND",1,566173.510934451,"kt"
1982,"CO2","IND",2,512910.956127196,"kt"
1982,"CO2","IND",3,521188.231146432,"kt"
1982,"CO2","IND",4,507650.914965103,"kt"
1982,"CO2","IND",5,457940.787694622,"kt"
1982,"CO2","IND",6,423857.838908462,"kt"
1982,"CO2","IND",7,414647.698398691,"kt"
1982,"CO2","IND",8,437986.433538744,"kt"
1982,"CO2","IND",9,420582.631504422,"kt"
1982,"CO2","IND",10,481279.522834675,"kt"
1982,"CO2","IND",11,506013.311263083,"kt"
1982,"CO2","IND",12,567865.701426538,"kt"
1982,"CO2","TRA",1,262679.847251631,"kt"
1982,"CO2","TRA",2,237259.216872441,"kt"
1982,"CO2","TRA",3,262679.847251631,"kt"
1982,"CO2","TRA",4,254206.303791901,"kt"
1982,"CO2","TRA",5,262679.847251631,"kt"
1982,"CO2","TRA",6,254206.303791901,"kt"
1982,"CO2","TRA",7,262679.847251631,"kt"
1982,"CO2","TRA",8,262679.847251631,"kt"
1982,"CO2","TRA",9,254206.303791901,"kt"
1982,"CO2","TRA",10,262679.847251631,"kt"
1982,"CO2","TRA",11,254206.303791901,"kt"
1982,"CO2","TRA",12,262679.847251631,"kt"
1982,"CO2","SLV",1,4953.04940814687,"kt"
1982,"CO2","SLV",2,4473.72204606814,"kt"
1982,"CO2","SLV",3,4953.04940814687,"kt"
1982,"CO2","SLV",4,4793.2736207873,"kt"
1982,"CO2","SLV",5,4953.04940814687,"kt"
1982,"CO2","SLV",6,4793.2736207873,"kt"
1982,"CO2","SLV",7,4953.04940814687,"kt"
1982,"CO2","SLV",8,4953.04940814687,"kt"
1982,"CO2","SLV",9,4793.2736207873,"kt"
1982,"CO2","SLV",10,4953.04940814687,"kt"
1982,"CO2","SLV",11,4793.2736207873,"kt"
1982,"CO2","SLV",12,4953.04940814687,"kt"
1982,"CO2","WST",1,611.239011590202,"kt"
1982,"CO2","WST",2,552.086849178247,"kt"
1982,"CO2","WST",3,611.239011590202,"kt"
1982,"CO2","WST",4,591.52162411955,"kt"
1982,"CO2","WST",5,611.239011590202,"kt"
1982,"CO2","WST",6,591.52162411955,"kt"
1982,"CO2","WST",7,611.239011590202,"kt"
1982,"CO2","WST",8,611.239011590202,"kt"
1982,"CO2","WST",9,591.52162411955,"kt"
1982,"CO2","WST",10,611.239011590202,"kt"
1982,"CO2","WST",11,591.52162411955,"kt"
1982,"CO2","WST",12,611.239011590202,"kt"
1982,"CO2","SHP",1,32664.5672573555,"kt"
1982,"CO2","SHP",2,28031.6300400771,"kt"
1982,"CO2","SHP",3,34260.5215238625,"kt"
1982,"CO2","SHP",4,32891.5047765176,"kt"
1982,"CO2","SHP",5,34583.6525551229,"kt"
1982,"CO2","SHP",6,32165.3336213047,"kt"
1982,"CO2","SHP",7,35566.7378996308,"kt"
1982,"CO2","SHP",8,36056.2009048344,"kt"
1982,"CO2","SHP",9,34327.8101083662,"kt"
1982,"CO2","SHP",10,36901.9746511474,"kt"
1982,"CO2","SHP",11,35927.9632096004,"kt"
1982,"CO2","SHP",12,36297.1467072928,"kt"
1982,"CO2","RCO",1,424075.832158002,"kt"
1982,"CO2","RCO",2,330151.116128194,"kt"
1982,"CO2","RCO",3,307591.717558893,"kt"
1982,"CO2","RCO",4,191631.721539566,"kt"
1982,"CO2","RCO",5,155829.30622127,"kt"
1982,"CO2","RCO",6,144915.300373058,"kt"
1982,"CO2","RCO",7,153025.883628338,"kt"
1982,"CO2","RCO",8,152568.695947198,"kt"
1982,"CO2","RCO",9,145845.402071777,"kt"
1982,"CO2","RCO",10,185777.040309641,"kt"
1982,"CO2","RCO",11,267139.952471102,"kt"
1982,"CO2","RCO",12,402566.50613676,"kt"
1983,"CO2","AGR",1,0,"kt"
1983,"CO2","AGR",2,0,"kt"
1983,"CO2","AGR",3,0,"kt"
1983,"CO2","AGR",4,0,"kt"
1983,"CO2","AGR",5,0,"kt"
1983,"CO2","AGR",6,0,"kt"
1983,"CO2","AGR",7,0,"kt"
1983,"CO2","AGR",8,0,"kt"
1983,"CO2","AGR",9,0,"kt"
1983,"CO2","AGR",10,0,"kt"
1983,"CO2","AGR",11,0,"kt"
1983,"CO2","AGR",12,0,"kt"
1983,"CO2","ENE",1,732311.470218037,"kt"
1983,"CO2","ENE",2,622725.914674451,"kt"
1983,"CO2","ENE",3,648347.487523871,"kt"
1983,"CO2","ENE",4,602535.827611854,"kt"
1983,"CO2","ENE",5,600713.213821159,"kt"
1983,"CO2","ENE",6,578036.19046231,"kt"
1983,"CO2","ENE",7,606606.223068195,"kt"
1983,"CO2","ENE",8,602125.811189219,"kt"
1983,"CO2","ENE",9,572789.000621481,"kt"
1983,"CO2","ENE",10,614279.662421316,"kt"
1983,"CO2","ENE",11,625408.018748182,"kt"
1983,"CO2","ENE",12,706012.197811283,"kt"
1983,"CO2","IND",1,561603.64903413,"kt"
1983,"CO2","IND",2,508679.787725824,"kt"
1983,"CO2","IND",3,517183.43261548,"kt"
1983,"CO2","IND",4,503553.408052649,"kt"
1983,"CO2","IND",5,454496.969286161,"kt"
1983,"CO2","IND",6,420632.107602608,"kt"
1983,"CO2","IND",7,411654.297386973,"kt"
1983,"CO2","IND",8,434653.177856028,"kt"
1983,"CO2","IND",9,417578.795629457,"kt"
1983,"CO2","IND",10,477495.849755216,"kt"
1983,"CO2","IND",11,502026.752066073,"kt"
1983,"CO2","IND",12,563181.193553591,"kt"
1983,"CO2","TRA",1,265996.8153549,"kt"
1983,"CO2","TRA",2,240255.188062491,"kt"
1983,"CO2","TRA",3,265996.8153549,"kt"
1983,"CO2","TRA",4,257416.272924097,"kt"
1983,"CO2","TRA",5,265996.8153549,"kt"
1983,"CO2","TRA",6,257416.272924097,"kt"
1983,"CO2","TRA",7,265996.8153549,"kt"
1983,"CO2","TRA",8,265996.8153549,"kt"
1983,"CO2","TRA",9,257416.272924097,"kt"
1983,"CO2","TRA",10,265996.8153549,"kt"
1983,"CO2","TRA",11,257416.272924097,"kt"
1983,"CO2","TRA",12,265996.8153549,"kt"
1983,"CO2","SLV",1,4766.52398010171,"kt"
1983,"CO2","SLV",2,4305.24746589832,"kt"
1983,"CO2","SLV",3,4766.52398010171,"kt"
1983,"CO2","SLV",4,4612.76514203391,"kt"
1983,"CO2","SLV",5,4766.52398010171,"kt"
1983,"CO2","SLV",6,4612.76514203391,"kt"
1983,"CO2","SLV",7,4766.52398010171,"kt"
1983,"CO2","SLV",8,4766.52398010171,"kt"
1983,"CO2","SLV",9,4612.76514203391,"kt"
1983,"CO2","SLV",10,4766.52398010171,"kt"
1983,"CO2","SLV",11,4612.76514203391,"kt"
1983,"CO2","SLV",12,4766.52398010171,"kt"
1983,"CO2","WST",1,779.79327121967,"kt"
1983,"CO2","WST",2,704.329406262927,"kt"
1983,"CO2","WST",3,779.79327121967,"kt"
1983,"CO2","WST",4,754.638649567422,"kt"
1983,"CO2","WST",5,779.79327121967,"kt"
1983,"CO2","WST",6,754.638649567422,"kt"
1983,"CO2","WST",7,779.79327121967,"kt"
1983,"CO2","WST",8,779.79327121967,"kt"
1983,"CO2","WST",9,754.638649567422,"kt"
1983,"CO2","WST",10,779.79327121967,"kt"
1983,"CO2","WST",11,754.638649567422,"kt"
1983,"CO2","WST",12,779.79327121967,"kt"
1983,"CO2","SHP",1,30576.4221468215,"kt"
1983,"CO2","SHP",2,26239.6543268429,"kt"
1983,"CO2","SHP",3,32070.351975901,"kt"
1983,"CO2","SHP",4,30788.852249819,"kt"
1983,"CO2","SHP",5,32372.8262362429,"kt"
1983,"CO2","SHP",6,30109.1029784542,"kt"
1983,"CO2","SHP",7,33293.0659646066,"kt"
1983,"CO2","SHP",8,33751.2391084429,"kt"
1983,"CO2","SHP",9,32133.339008585,"kt"
1983,"CO2","SHP",10,34542.9451458815,"kt"
1983,"CO2","SHP",11,33631.1992538287,"kt"
1983,"CO2","SHP",12,33976.7819883601,"kt"
1983,"CO2","RCO",1,422703.19463572,"kt"
1983,"CO2","RCO",2,328730.631327619,"kt"
1983,"CO2","RCO",3,305665.369603263,"kt"
1983,"CO2","RCO",4,190684.702684363,"kt"
1983,"CO2","RCO",5,155550.039592235,"kt"
1983,"CO2","RCO",6,144666.266669786,"kt"
1983,"CO2","RCO",7,152779.300268843,"kt"
1983,"CO2","RCO",8,152302.428586603,"kt"
1983,"CO2","RCO",9,145614.457143586,"kt"
1983,"CO2","RCO",10,185514.20192303,"kt"
1983,"CO2","RCO",11,266028.873351592,"kt"
1983,"CO2","RCO",12,400768.444267134,"kt"
1984,"CO2","AGR",1,0,"kt"
1984,"CO2","AGR",2,0,"kt"
1984,"CO2","AGR",3,0,"kt"
1984,"CO2","AGR",4,0,"kt"
1984,"CO2","AGR",5,0,"kt"
1984,"CO2","AGR",6,0,"kt"
1984,"CO2","AGR",7,0,"kt"
1984,"CO2","AGR",8,0,"kt"
1984,"CO2","AGR",9,0,"kt"
1984,"CO2","AGR",10,0,"kt"
1984,"CO2","AGR",11,0,"kt"
1984,"CO2","AGR",12,0,"kt"
1984,"CO2","ENE",1,742052.822248237,"kt"
1984,"CO2","ENE",2,631293.149295947,"kt"
1984,"CO2","ENE",3,659596.368197078,"kt"
1984,"CO2","ENE",4,613073.959512129,"kt"
1984,"CO2","ENE",5,613027.618053578,"kt"
1984,"CO2","ENE",6,591833.59313189,"kt"
1984,"CO2","ENE",7,621435.361739181,"kt"
1984,"CO2","ENE",8,616904.827623839,"kt"
1984,"CO2","ENE",9,585935.362598385,"kt"
1984,"CO2","ENE",10,626503.104423502,"kt"
1984,"CO2","ENE",11,635995.023093126,"kt"
1984,"CO2","ENE",12,716719.661725025,"kt"
1984,"CO2","IND",1,574108.837786663,"kt"
1984,"CO2","IND",2,519988.980053544,"kt"
1984,"CO2","IND",3,528745.772729808,"kt"
1984,"CO2","IND",4,514773.161879076,"kt"
1984,"CO2","IND",5,464684.293326072,"kt"
1984,"CO2","IND",6,430057.385522489,"kt"
1984,"CO2","IND",7,420914.475541836,"kt"
1984,"CO2","IND",8,444392.631706572,"kt"
1984,"CO2","IND",9,426973.681123873,"kt"
1984,"CO2","IND",10,488162.449490809,"kt"
1984,"CO2","IND",11,513231.309679768,"kt"
1984,"CO2","IND",12,575702.085059281,"kt"
1984,"CO2","TRA",1,269974.59021802,"kt"
1984,"CO2","TRA",2,243848.016971115,"kt"
1984,"CO2","TRA",3,269974.59021802,"kt"
1984,"CO2","TRA",4,261265.732469052,"kt"
1984,"CO2","TRA",5,269974.59021802,"kt"
1984,"CO2","TRA",6,261265.732469052,"kt"
1984,"CO2","TRA",7,269974.59021802,"kt"
1984,"CO2","TRA",8,269974.59021802,"kt"
1984,"CO2","TRA",9,261265.732469052,"kt"
1984,"CO2","TRA",10,269974.59021802,"kt"
1984,"CO2","TRA",11,261265.732469052,"kt"
1984,"CO2","TRA",12,269974.59021802,"kt"
1984,"CO2","SLV",1,4681.3591056604,"kt"
1984,"CO2","SLV",2,4228.32435349972,"kt"
1984,"CO2","SLV",3,4681.3591056604,"kt"
1984,"CO2","SLV",4,4530.34752160684,"kt"
1984,"CO2","SLV",5,4681.3591056604,"kt"
1984,"CO2","SLV",6,4530.34752160684,"kt"
1984,"CO2","SLV",7,4681.3591056604,"kt"
1984,"CO2","SLV",8,4681.3591056604,"kt"
1984,"CO2","SLV",9,4530.34752160684,"kt"
1984,"CO2","SLV",10,4681.3591056604,"kt"
1984,"CO2","SLV",11,4530.34752160684,"kt"
1984,"CO2","SLV",12,4681.3591056604,"kt"
1984,"CO2","WST",1,961.466641753968,"kt"
1984,"CO2","WST",2,868.421482874551,"kt"
1984,"CO2","WST",3,961.466641753968,"kt"
1984,"CO2","WST",4,930.451588794162,"kt"
1984,"CO2","WST",5,961.466641753968,"kt"
1984,"CO2","WST",6,930.451588794162,"kt"
1984,"CO2","WST",7,961.466641753968,"kt"
1984,"CO2","WST",8,961.466641753968,"kt"
1984,"CO2","WST",9,930.451588794162,"kt"
1984,"CO2","WST",10,961.466641753968,"kt"
1984,"CO2","WST",11,930.451588794162,"kt"
1984,"CO2","WST",12,961.466641753968,"kt"
1984,"CO2","SHP",1,31531.9080086754,"kt"
1984,"CO2","SHP",2,27059.6200706713,"kt"
1984,"CO2","SHP",3,33072.5218095889,"kt"
1984,"CO2","SHP",4,31750.9763625144,"kt"
1984,"CO2","SHP",5,33384.4481202048,"kt"
1984,"CO2","SHP",6,31049.9855340022,"kt"
1984,"CO2","SHP",7,34333.4445175386,"kt"
1984,"CO2","SHP",8,34805.9351625893,"kt"
1984,"CO2","SHP",9,33137.4771307443,"kt"
1984,"CO2","SHP",10,35622.3813060443,"kt"
1984,"CO2","SHP",11,34682.144169814,"kt"
1984,"CO2","SHP",12,35038.5260559061,"kt"
1984,"CO2","RCO",1,444494.156224953,"kt"
1984,"CO2","RCO",2,345206.388578364,"kt"
1984,"CO2","RCO",3,320128.391880547,"kt"
1984,"CO2","RCO",4,199491.295275556,"kt"
1984,"CO2","RCO",5,163104.500283066,"kt"
1984,"CO2","RCO",6,151840.844438092,"kt"
1984,"CO2","RCO",7,160355.888115169,"kt"
1984,"CO2","RCO",8,159845.671305639,"kt"
1984,"CO2","RCO",9,152785.26916537,"kt"
1984,"CO2","RCO",10,194069.083560752,"kt"
1984,"CO2","RCO",11,278829.715735171,"kt"
1984,"CO2","RCO",12,421175.150555303,"kt"
1985,"CO2","AGR",1,0,"kt"
1985,"CO2","AGR",2,0,"kt"
1985,"CO2","AGR",3,0,"kt"
1985,"CO2","AGR",4,0,"kt"
1985,"CO2","AGR",5,0,"kt"
1985,"CO2","AGR",6,0,"kt"
1985,"CO2","AGR",7,0,"kt"
1985,"CO2","AGR",8,0,"kt"
1985,"CO2","AGR",9,0,"kt"
1985,"CO2","AGR",10,0,"kt"
1985,"CO2","AGR",11,0,"kt"
1985,"CO2","AGR",12,0,"kt"
1985,"CO2","ENE",1,754283.879180649,"kt"
1985,"CO2","ENE",2,641771.12145644,"kt"
1985,"CO2","ENE",3,671193.552673869,"kt"
1985,"CO2","ENE",4,624049.237267708,"kt"
1985,"CO2","ENE",5,623956.111090278,"kt"
1985,"CO2","ENE",6,602411.375410061,"kt"
1985,"CO2","ENE",7,632315.867514529,"kt"
1985,"CO2","ENE",8,627780.611283883,"kt"
1985,"CO2","ENE",9,596511.580782609,"kt"
1985,"CO2","ENE",10,637903.530982849,"kt"
1985,"CO2","ENE",11,647302.857135079,"kt"
1985,"CO2","ENE",12,728871.264221255,"kt"
1985,"CO2","IND",1,567563.294712519,"kt"
1985,"CO2","IND",2,514076.07111084,"kt"
1985,"CO2","IND",3,522775.509045104,"kt"
1985,"CO2","IND",4,508993.761229284,"kt"
1985,"CO2","IND",5,459574.719158761,"kt"
1985,"CO2","IND",6,425389.702736052,"kt"
1985,"CO2","IND",7,416379.288937257,"kt"
1985,"CO2","IND",8,439569.35949392,"kt"
1985,"CO2","IND",9,422307.724453643,"kt"
1985,"CO2","IND",10,482764.789715423,"kt"
1985,"CO2","IND",11,507452.772088079,"kt"
1985,"CO2","IND",12,569155.65015843,"kt"
1985,"CO2","TRA",1,271729.998331907,"kt"
1985,"CO2","TRA",2,245433.546880432,"kt"
1985,"CO2","TRA",3,271729.998331907,"kt"
1985,"CO2","TRA",4,262964.514514749,"kt"
1985,"CO2","TRA",5,271729.998331907,"kt"
1985,"CO2","TRA",6,262964.514514749,"kt"
1985,"CO2","TRA",7,271729.998331907,"kt"
1985,"CO2","TRA",8,271729.998331907,"kt"
1985,"CO2","TRA",9,262964.514514749,"kt"
1985,"CO2","TRA",10,271729.998331907,"kt"
1985,"CO2","TRA",11,262964.514514749,"kt"
1985,"CO2","TRA",12,271729.998331907,"kt"
1985,"CO2","SLV",1,4248.43234956728,"kt"
1985,"CO2","SLV",2,3837.29373509303,"kt"
1985,"CO2","SLV",3,4248.43234956728,"kt"
1985,"CO2","SLV",4,4111.38614474253,"kt"
1985,"CO2","SLV",5,4248.43234956728,"kt"
1985,"CO2","SLV",6,4111.38614474253,"kt"
1985,"CO2","SLV",7,4248.43234956728,"kt"
1985,"CO2","SLV",8,4248.43234956728,"kt"
1985,"CO2","SLV",9,4111.38614474253,"kt"
1985,"CO2","SLV",10,4248.43234956728,"kt"
1985,"CO2","SLV",11,4111.38614474253,"kt"
1985,"CO2","SLV",12,4248.43234956728,"kt"
1985,"CO2","WST",1,1160.13257844704,"kt"
1985,"CO2","WST",2,1047.86168375862,"kt"
1985,"CO2","WST",3,1160.13257844704,"kt"
1985,"CO2","WST",4,1122.70894688423,"kt"
1985,"CO2","WST",5,1160.13257844704,"kt"
1985,"CO2","WST",6,1122.70894688423,"kt"
1985,"CO2","WST",7,1160.13257844704,"kt"
1985,"CO2","WST",8,1160.13257844704,"kt"
1985,"CO2","WST",9,1122.70894688423,"kt"
1985,"CO2","WST",10,1160.13257844704,"kt"
1985,"CO2","WST",11,1122.70894688423,"kt"
1985,"CO2","WST",12,1160.13257844704,"kt"
1985,"CO2","SHP",1,34283.1014756237,"kt"
1985,"CO2","SHP",2,29420.601522731,"kt"
1985,"CO2","SHP",3,35958.1355159657,"kt"
1985,"CO2","SHP",4,34521.2837829771,"kt"
1985,"CO2","SHP",5,36297.2777384034,"kt"
1985,"CO2","SHP",6,33759.1307378536,"kt"
1985,"CO2","SHP",7,37329.0751095249,"kt"
1985,"CO2","SHP",8,37842.7910802203,"kt"
1985,"CO2","SHP",9,36028.7582599475,"kt"
1985,"CO2","SHP",10,38730.4730428136,"kt"
1985,"CO2","SHP",11,37708.1991879087,"kt"
1985,"CO2","SHP",12,38095.6757834134,"kt"
1985,"CO2","RCO",1,457827.041558885,"kt"
1985,"CO2","RCO",2,355236.488163208,"kt"
1985,"CO2","RCO",3,328919.004859813,"kt"
1985,"CO2","RCO",4,205218.528702424,"kt"
1985,"CO2","RCO",5,167525.895892402,"kt"
1985,"CO2","RCO",6,155973.976808513,"kt"
1985,"CO2","RCO",7,164680.000545386,"kt"
1985,"CO2","RCO",8,164205.496592645,"kt"
1985,"CO2","RCO",9,156965.603134034,"kt"
1985,"CO2","RCO",10,199529.73596711,"kt"
1985,"CO2","RCO",11,287205.062849966,"kt"
1985,"CO2","RCO",12,433733.700276369,"kt"
1986,"CO2","AGR",1,0,"kt"
1986,"CO2","AGR",2,0,"kt"
1986,"CO2","AGR",3,0,"kt"
1986,"CO2","AGR",4,0,"kt"
1986,"CO2","AGR",5,0,"kt"
1986,"CO2","AGR",6,0,"kt"
1986,"CO2","AGR",7,0,"kt"
1986,"CO2","AGR",8,0,"kt"
1986,"CO2","AGR",9,0,"kt"
1986,"CO2","AGR",10,0,"kt"
1986,"CO2","AGR",11,0,"kt"
1986,"CO2","AGR",12,0,"kt"
1986,"CO2","ENE",1,768383.671427297,"kt"
1986,"CO2","ENE",2,654463.359484994,"kt"
1986,"CO2","ENE",3,686112.460508404,"kt"
1986,"CO2","ENE",4,638647.87903835,"kt"
1986,"CO2","ENE",5,638789.51881787,"kt"
1986,"CO2","ENE",6,617191.261632014,"kt"
1986,"CO2","ENE",7,647503.369937624,"kt"
1986,"CO2","ENE",8,642779.866834206,"kt"
1986,"CO2","ENE",9,611392.884961979,"kt"
1986,"CO2","ENE",10,653588.086350663,"kt"
1986,"CO2","ENE",11,661890.360531445,"kt"
1986,"CO2","ENE",12,743266.240053692,"kt"
1986,"CO2","IND",1,571237.260681247,"kt"
1986,"CO2","IND",2,517400.553574749,"kt"
1986,"CO2","IND",3,526482.119888193,"kt"
1986,"CO2","IND",4,512593.793099793,"kt"
1986,"CO2","IND",5,463347.074925604,"kt"
1986,"CO2","IND",6,429065.907353489,"kt"
1986,"CO2","IND",7,420191.000623348,"kt"
1986,"CO2","IND",8,443368.104265272,"kt"
1986,"CO2","IND",9,425970.939951948,"kt"
1986,"CO2","IND",10,486524.178567529,"kt"
1986,"CO2","IND",11,511046.309399022,"kt"
1986,"CO2","IND",12,572836.327172043,"kt"
1986,"CO2","TRA",1,278169.78143722,"kt"
1986,"CO2","TRA",2,251250.125169102,"kt"
1986,"CO2","TRA",3,278169.78143722,"kt"
1986,"CO2","TRA",4,269196.562681181,"kt"
1986,"CO2","TRA",5,278169.78143722,"kt"
1986,"CO2","TRA",6,269196.562681181,"kt"
1986,"CO2","TRA",7,278169.78143722,"kt"
1986,"CO2","TRA",8,278169.78143722,"kt"
1986,"CO2","TRA",9,269196.562681181,"kt"
1986,"CO2","TRA",10,278169.78143722,"kt"
1986,"CO2","TRA",11,269196.562681181,"kt"
1986,"CO2","TRA",12,278169.78143722,"kt"
1986,"CO2","SLV",1,4288.82928793555,"kt"
1986,"CO2","SLV",2,3873.78129232888,"kt"
1986,"CO2","SLV",3,4288.82928793555,"kt"
1986,"CO2","SLV",4,4150.47995606666,"kt"
1986,"CO2","SLV",5,4288.82928793555,"kt"
1986,"CO2","SLV",6,4150.47995606666,"kt"
1986,"CO2","SLV",7,4288.82928793555,"kt"
1986,"CO2","SLV",8,4288.82928793555,"kt"
1986,"CO2","SLV",9,4150.47995606666,"kt"
1986,"CO2","SLV",10,4288.82928793555,"kt"
1986,"CO2","SLV",11,4150.47995606666,"kt"
1986,"CO2","SLV",12,4288.82928793555,"kt"
1986,"CO2","WST",1,1394.5097808271,"kt"
1986,"CO2","WST",2,1259.55722139222,"kt"
1986,"CO2","WST",3,1394.5097808271,"kt"
1986,"CO2","WST",4,1349.52559434881,"kt"
1986,"CO2","WST",5,1394.5097808271,"kt"
1986,"CO2","WST",6,1349.52559434881,"kt"
1986,"CO2","WST",7,1394.5097808271,"kt"
1986,"CO2","WST",8,1394.5097808271,"kt"
1986,"CO2","WST",9,1349.52559434881,"kt"
1986,"CO2","WST",10,1394.5097808271,"kt"
1986,"CO2","WST",11,1349.52559434881,"kt"
1986,"CO2","WST",12,1394.5097808271,"kt"
1986,"CO2","SHP",1,36987.6227637396,"kt"
1986,"CO2","SHP",2,31741.5304848898,"kt"
1986,"CO2","SHP",3,38794.79669299,"kt"
1986,"CO2","SHP",4,37244.594769019,"kt"
1986,"CO2","SHP",5,39160.6931272931,"kt"
1986,"CO2","SHP",6,36422.3170838654,"kt"
1986,"CO2","SHP",7,40273.8868084073,"kt"
1986,"CO2","SHP",8,40828.1287443448,"kt"
1986,"CO2","SHP",9,38870.9907157157,"kt"
1986,"CO2","SHP",10,41785.8380574862,"kt"
1986,"CO2","SHP",11,40682.9191826189,"kt"
1986,"CO2","SHP",12,41100.9629863424,"kt"
1986,"CO2","RCO",1,462178.19437125,"kt"
1986,"CO2","RCO",2,358562.222173513,"kt"
1986,"CO2","RCO",3,332071.759615066,"kt"
1986,"CO2","RCO",4,207304.690371654,"kt"
1986,"CO2","RCO",5,169178.361830439,"kt"
1986,"CO2","RCO",6,157501.845860418,"kt"
1986,"CO2","RCO",7,166318.607319463,"kt"
1986,"CO2","RCO",8,165828.985988518,"kt"
1986,"CO2","RCO",9,158524.723655525,"kt"
1986,"CO2","RCO",10,201630.088449217,"kt"
1986,"CO2","RCO",11,290207.107506953,"kt"
1986,"CO2","RCO",12,437785.038001556,"kt"
1987,"CO2","AGR",1,0,"kt"
1987,"CO2","AGR",2,0,"kt"
1987,"CO2","AGR",3,0,"kt"
1987,"CO2","AGR",4,0,"kt"
1987,"CO2","AGR",5,0,"kt"
1987,"CO2","AGR",6,0,"kt"
1987,"CO2","AGR",7,0,"kt"
1987,"CO2","AGR",8,0,"kt"
1987,"CO2","AGR",9,0,"kt"
1987,"CO2","AGR",10,0,"kt"
1987,"CO2","AGR",11,0,"kt"
1987,"CO2","AGR",12,0,"kt"
1987,"CO2","ENE",1,790348.198162785,"kt"
1987,"CO2","ENE",2,673295.635942835,"kt"
1987,"CO2","ENE",3,706784.897664464,"kt"
1987,"CO2","ENE",4,657962.56110862,"kt"
1987,"CO2","ENE",5,659152.944827473,"kt"
1987,"CO2","ENE",6,637656.950584934,"kt"
1987,"CO2","ENE",7,669311.906501944,"kt"
1987,"CO2","ENE",8,664433.223329393,"kt"
1987,"CO2","ENE",9,631244.829848259,"kt"
1987,"CO2","ENE",10,673917.970152694,"kt"
1987,"CO2","ENE",11,681737.267646606,"kt"
1987,"CO2","ENE",12,765088.621478849,"kt"
1987,"CO2","IND",1,585673.529602586,"kt"
1987,"CO2","IND",2,530557.744752473,"kt"
1987,"CO2","IND",3,540242.040547519,"kt"
1987,"CO2","IND",4,526162.660791672,"kt"
1987,"CO2","IND",5,476419.026469763,"kt"
1987,"CO2","IND",6,441578.529334003,"kt"
1987,"CO2","IND",7,432717.225216635,"kt"
1987,"CO2","IND",8,456297.813645137,"kt"
1987,"CO2","IND",9,438230.746491543,"kt"
1987,"CO2","IND",10,499999.614898266,"kt"
1987,"CO2","IND",11,524488.769370442,"kt"
1987,"CO2","IND",12,587403.217404523,"kt"
1987,"CO2","TRA",1,287324.928149528,"kt"
1987,"CO2","TRA",2,259519.289941509,"kt"
1987,"CO2","TRA",3,287324.928149528,"kt"
1987,"CO2","TRA",4,278056.382080188,"kt"
1987,"CO2","TRA",5,287324.928149528,"kt"
1987,"CO2","TRA",6,278056.382080188,"kt"
1987,"CO2","TRA",7,287324.928149528,"kt"
1987,"CO2","TRA",8,287324.928149528,"kt"
1987,"CO2","TRA",9,278056.382080188,"kt"
1987,"CO2","TRA",10,287324.928149528,"kt"
1987,"CO2","TRA",11,278056.382080188,"kt"
1987,"CO2","TRA",12,287324.928149528,"kt"
1987,"CO2","SLV",1,4208.40403148844,"kt"
1987,"CO2","SLV",2,3801.13912521537,"kt"
1987,"CO2","SLV",3,4208.40403148844,"kt"
1987,"CO2","SLV",4,4072.64906273075,"kt"
1987,"CO2","SLV",5,4208.40403148844,"kt"
1987,"CO2","SLV",6,4072.64906273075,"kt"
1987,"CO2","SLV",7,4208.40403148844,"kt"
1987,"CO2","SLV",8,4208.40403148844,"kt"
1987,"CO2","SLV",9,4072.64906273075,"kt"
1987,"CO2","SLV",10,4208.40403148844,"kt"
1987,"CO2","SLV",11,4072.64906273075,"kt"
1987,"CO2","SLV",12,4208.40403148844,"kt"
1987,"CO2","WST",1,1642.55693016584,"kt"
1987,"CO2","WST",2,1483.59980789172,"kt"
1987,"CO2","WST",3,1642.55693016584,"kt"
1987,"CO2","WST",4,1589.57122274113,"kt"
1987,"CO2","WST",5,1642.55693016584,"kt"
1987,"CO2","WST",6,1589.57122274113,"kt"
1987,"CO2","WST",7,1642.55693016584,"kt"
1987,"CO2","WST",8,1642.55693016584,"kt"
1987,"CO2","WST",9,1589.57122274113,"kt"
1987,"CO2","WST",10,1642.55693016584,"kt"
1987,"CO2","WST",11,1589.57122274113,"kt"
1987,"CO2","WST",12,1642.55693016584,"kt"
1987,"CO2","SHP",1,37787.0832118241,"kt"
1987,"CO2","SHP",2,32427.6004804239,"kt"
1987,"CO2","SHP",3,39633.3178854882,"kt"
1987,"CO2","SHP",4,38049.6094792899,"kt"
1987,"CO2","SHP",5,40007.1229039463,"kt"
1987,"CO2","SHP",6,37209.5588626121,"kt"
1987,"CO2","SHP",7,41144.377453335,"kt"
1987,"CO2","SHP",8,41710.5989238666,"kt"
1987,"CO2","SHP",9,39711.1587863584,"kt"
1987,"CO2","SHP",10,42689.0084242438,"kt"
1987,"CO2","SHP",11,41562.2507635337,"kt"
1987,"CO2","SHP",12,41989.3302787106,"kt"
1987,"CO2","RCO",1,466131.829407313,"kt"
1987,"CO2","RCO",2,361507.433962823,"kt"
1987,"CO2","RCO",3,334641.942569316,"kt"
1987,"CO2","RCO",4,209064.817432816,"kt"
1987,"CO2","RCO",5,171409.439818605,"kt"
1987,"CO2","RCO",6,159710.026902241,"kt"
1987,"CO2","RCO",7,168655.096196682,"kt"
1987,"CO2","RCO",8,168133.407272244,"kt"
1987,"CO2","RCO",9,160688.909324974,"kt"
1987,"CO2","RCO",10,203654.800768664,"kt"
1987,"CO2","RCO",11,292633.21382388,"kt"
1987,"CO2","RCO",12,441336.64054208,"kt"
1988,"CO2","AGR",1,0,"kt"
1988,"CO2","AGR",2,0,"kt"
1988,"CO2","AGR",3,0,"kt"
1988,"CO2","AGR",4,0,"kt"
1988,"CO2","AGR",5,0,"kt"
1988,"CO2","AGR",6,0,"kt"
1988,"CO2","AGR",7,0,"kt"
1988,"CO2","AGR",8,0,"kt"
1988,"CO2","AGR",9,0,"kt"
1988,"CO2","AGR",10,0,"kt"
1988,"CO2","AGR",11,0,"kt"
1988,"CO2","AGR",12,0,"kt"
1988,"CO2","ENE",1,812696.170129266,"kt"
1988,"CO2","ENE",2,692906.701088467,"kt"
1988,"CO2","ENE",3,728754.196174173,"kt"
1988,"CO2","ENE",4,678689.802273156,"kt"
1988,"CO2","ENE",5,682424.757323132,"kt"
1988,"CO2","ENE",6,661632.201552863,"kt"
1988,"CO2","ENE",7,695056.778822091,"kt"
1988,"CO2","ENE",8,690249.934122855,"kt"
1988,"CO2","ENE",9,654147.898899782,"kt"
1988,"CO2","ENE",10,695988.421737644,"kt"
1988,"CO2","ENE",11,702716.125138815,"kt"
1988,"CO2","ENE",12,787684.982111125,"kt"
1988,"CO2","IND",1,599534.099492164,"kt"
1988,"CO2","IND",2,543113.223367399,"kt"
1988,"CO2","IND",3,553316.536317925,"kt"
1988,"CO2","IND",4,538893.086202286,"kt"
1988,"CO2","IND",5,488414.75750378,"kt"
1988,"CO2","IND",6,452865.20853386,"kt"
1988,"CO2","IND",7,443967.020708427,"kt"
1988,"CO2","IND",8,467960.715484989,"kt"
1988,"CO2","IND",9,449439.738123115,"kt"
1988,"CO2","IND",10,512408.452280342,"kt"
1988,"CO2","IND",11,537180.350996913,"kt"
1988,"CO2","IND",12,601303.925871049,"kt"
1988,"CO2","TRA",1,298573.136386346,"kt"
1988,"CO2","TRA",2,269678.961897345,"kt"
1988,"CO2","TRA",3,298573.136386346,"kt"
1988,"CO2","TRA",4,288941.744890013,"kt"
1988,"CO2","TRA",5,298573.136386346,"kt"
1988,"CO2","TRA",6,288941.744890013,"kt"
1988,"CO2","TRA",7,298573.136386346,"kt"
1988,"CO2","TRA",8,298573.136386346,"kt"
1988,"CO2","TRA",9,288941.744890013,"kt"
1988,"CO2","TRA",10,298573.136386346,"kt"
1988,"CO2","TRA",11,288941.744890013,"kt"
1988,"CO2","TRA",12,298573.136386346,"kt"
1988,"CO2","SLV",1,4216.34231138636,"kt"
1988,"CO2","SLV",2,3808.309184478,"kt"
1988,"CO2","SLV",3,4216.34231138636,"kt"
1988,"CO2","SLV",4,4080.33126908358,"kt"
1988,"CO2","SLV",5,4216.34231138636,"kt"
1988,"CO2","SLV",6,4080.33126908358,"kt"
1988,"CO2","SLV",7,4216.34231138636,"kt"
1988,"CO2","SLV",8,4216.34231138636,"kt"
1988,"CO2","SLV",9,4080.33126908358,"kt"
1988,"CO2","SLV",10,4216.34231138636,"kt"
1988,"CO2","SLV",11,4080.33126908358,"kt"
1988,"CO2","SLV",12,4216.34231138636,"kt"
1988,"CO2","WST",1,1904.22537070091,"kt"
1988,"CO2","WST",2,1719.94549611695,"kt"
1988,"CO2","WST",3,1904.22537070091,"kt"
1988,"CO2","WST",4,1842.79874583959,"kt"
1988,"CO2","WST",5,1904.22537070091,"kt"
1988,"CO2","WST",6,1842.79874583959,"kt"
1988,"CO2","WST",7,1904.22537070091,"kt"
1988,"CO2","WST",8,1904.22537070091,"kt"
1988,"CO2","WST",9,1842.79874583959,"kt"
1988,"CO2","WST",10,1904.22537070091,"kt"
1988,"CO2","WST",11,1842.79874583959,"kt"
1988,"CO2","WST",12,1904.22537070091,"kt"
1988,"CO2","SHP",1,40973.4198832309,"kt"
1988,"CO2","SHP",2,35162.0071557761,"kt"
1988,"CO2","SHP",3,42975.3354071935,"kt"
1988,"CO2","SHP",4,41258.0832674608,"kt"
1988,"CO2","SHP",5,43380.66094899,"kt"
1988,"CO2","SHP",6,40347.1966968472,"kt"
1988,"CO2","SHP",7,44613.8127089449,"kt"
1988,"CO2","SHP",8,45227.7799190875,"kt"
1988,"CO2","SHP",9,43059.7401202423,"kt"
1988,"CO2","SHP",10,46288.6922697966,"kt"
1988,"CO2","SHP",11,45066.9225322352,"kt"
1988,"CO2","SHP",12,45530.0148593348,"kt"
1988,"CO2","RCO",1,477650.373175546,"kt"
1988,"CO2","RCO",2,370525.035701815,"kt"
1988,"CO2","RCO",3,343182.11510898,"kt"
1988,"CO2","RCO",4,214359.425443111,"kt"
1988,"CO2","RCO",5,176342.170545078,"kt"
1988,"CO2","RCO",6,164334.981450432,"kt"
1988,"CO2","RCO",7,173530.448242253,"kt"
1988,"CO2","RCO",8,172980.378557675,"kt"
1988,"CO2","RCO",9,165346.534865084,"kt"
1988,"CO2","RCO",10,209405.209979,"kt"
1988,"CO2","RCO",11,299681.181590569,"kt"
1988,"CO2","RCO",12,452004.568708782,"kt"
1989,"CO2","AGR",1,0,"kt"
1989,"CO2","AGR",2,0,"kt"
1989,"CO2","AGR",3,0,"kt"
1989,"CO2","AGR",4,0,"kt"
1989,"CO2","AGR",5,0,"kt"
1989,"CO2","AGR",6,0,"kt"
1989,"CO2","AGR",7,0,"kt"
1989,"CO2","AGR",8,0,"kt"
1989,"CO2","AGR",9,0,"kt"
1989,"CO2","AGR",10,0,"kt"
1989,"CO2","AGR",11,0,"kt"
1989,"CO2","AGR",12,0,"kt"
1989,"CO2","ENE",1,832198.883518044,"kt"
1989,"CO2","ENE",2,709297.062952245,"kt"
1989,"CO2","ENE",3,746427.623234948,"kt"
1989,"CO2","ENE",4,695589.450851739,"kt"
1989,"CO2","ENE",5,701485.956602607,"kt"
1989,"CO2","ENE",6,681146.020048859,"kt"
1989,"CO2","ENE",7,716411.980705836,"kt"
1989,"CO2","ENE",8,711412.989839775,"kt"
1989,"CO2","ENE",9,672621.54566816,"kt"
1989,"CO2","ENE",10,713974.752014916,"kt"
1989,"CO2","ENE",11,720166.379439816,"kt"
1989,"CO2","ENE",12,807331.809319965,"kt"
1989,"CO2","IND",1,594083.758046961,"kt"
1989,"CO2","IND",2,538224.487031859,"kt"
1989,"CO2","IND",3,548820.485836698,"kt"
1989,"CO2","IND",4,534615.25398985,"kt"
1989,"CO2","IND",5,485444.673295654,"kt"
1989,"CO2","IND",6,450507.575472709,"kt"
1989,"CO2","IND",7,441989.039395131,"kt"
1989,"CO2","IND",8,465524.494655133,"kt"
1989,"CO2","IND",9,447008.920679664,"kt"
1989,"CO2","IND",10,508980.128555655,"kt"
1989,"CO2","IND",11,532865.926593327,"kt"
1989,"CO2","IND",12,595891.396356701,"kt"
1989,"CO2","TRA",1,305356.673423382,"kt"
1989,"CO2","TRA",2,275806.027608216,"kt"
1989,"CO2","TRA",3,305356.673423382,"kt"
1989,"CO2","TRA",4,295506.45815166,"kt"
1989,"CO2","TRA",5,305356.673423382,"kt"
1989,"CO2","TRA",6,295506.45815166,"kt"
1989,"CO2","TRA",7,305356.673423382,"kt"
1989,"CO2","TRA",8,305356.673423382,"kt"
1989,"CO2","TRA",9,295506.45815166,"kt"
1989,"CO2","TRA",10,305356.673423382,"kt"
1989,"CO2","TRA",11,295506.45815166,"kt"
1989,"CO2","TRA",12,305356.673423382,"kt"
1989,"CO2","SLV",1,4172.77704427959,"kt"
1989,"CO2","SLV",2,3768.95991096221,"kt"
1989,"CO2","SLV",3,4172.77704427959,"kt"
1989,"CO2","SLV",4,4038.1713331738,"kt"
1989,"CO2","SLV",5,4172.77704427959,"kt"
1989,"CO2","SLV",6,4038.1713331738,"kt"
1989,"CO2","SLV",7,4172.77704427959,"kt"
1989,"CO2","SLV",8,4172.77704427959,"kt"
1989,"CO2","SLV",9,4038.1713331738,"kt"
1989,"CO2","SLV",10,4172.77704427959,"kt"
1989,"CO2","SLV",11,4038.1713331738,"kt"
1989,"CO2","SLV",12,4172.77704427959,"kt"
1989,"CO2","WST",1,2176.88958942028,"kt"
1989,"CO2","WST",2,1966.22285496026,"kt"
1989,"CO2","WST",3,2176.88958942028,"kt"
1989,"CO2","WST",4,2106.66734460027,"kt"
1989,"CO2","WST",5,2176.88958942028,"kt"
1989,"CO2","WST",6,2106.66734460027,"kt"
1989,"CO2","WST",7,2176.88958942028,"kt"
1989,"CO2","WST",8,2176.88958942028,"kt"
1989,"CO2","WST",9,2106.66734460027,"kt"
1989,"CO2","WST",10,2176.88958942028,"kt"
1989,"CO2","WST",11,2106.66734460027,"kt"
1989,"CO2","WST",12,2176.88958942028,"kt"
1989,"CO2","SHP",1,44181.0769746445,"kt"
1989,"CO2","SHP",2,37914.7102965682,"kt"
1989,"CO2","SHP",3,46339.7150408102,"kt"
1989,"CO2","SHP",4,44488.0255995425,"kt"
1989,"CO2","SHP",5,46776.7720161111,"kt"
1989,"CO2","SHP",6,43505.8290973678,"kt"
1989,"CO2","SHP",7,48106.4626541699,"kt"
1989,"CO2","SHP",8,48768.4950802775,"kt"
1989,"CO2","SHP",9,46430.727485826,"kt"
1989,"CO2","SHP",10,49912.4623244961,"kt"
1989,"CO2","SHP",11,48595.0447651532,"kt"
1989,"CO2","SHP",12,49094.3908731487,"kt"
1989,"CO2","RCO",1,469559.387876286,"kt"
1989,"CO2","RCO",2,364528.571005005,"kt"
1989,"CO2","RCO",3,338034.147888453,"kt"
1989,"CO2","RCO",4,211910.940960455,"kt"
1989,"CO2","RCO",5,175069.0105612,"kt"
1989,"CO2","RCO",6,163171.47254201,"kt"
1989,"CO2","RCO",7,172265.806511631,"kt"
1989,"CO2","RCO",8,171711.039937597,"kt"
1989,"CO2","RCO",9,164189.777981678,"kt"
1989,"CO2","RCO",10,207708.53127766,"kt"
1989,"CO2","RCO",11,295412.954197846,"kt"
1989,"CO2","RCO",12,444413.067319974,"kt"
1990,"CO2","AGR",1,0,"kt"
1990,"CO2","AGR",2,0,"kt"
1990,"CO2","AGR",3,0,"kt"
1990,"CO2","AGR",4,0,"kt"
1990,"CO2","AGR",5,0,"kt"
1990,"CO2","AGR",6,0,"kt"
1990,"CO2","AGR",7,0,"kt"
1990,"CO2","AGR",8,0,"kt"
1990,"CO2","AGR",9,0,"kt"
1990,"CO2","AGR",10,0,"kt"
1990,"CO2","AGR",11,0,"kt"
1990,"CO2","AGR",12,0,"kt"
1990,"CO2","ENE",1,843061.902979263,"kt"
1990,"CO2","ENE",2,719142.4608957,"kt"
1990,"CO2","ENE",3,757979.514164603,"kt"
1990,"CO2","ENE",4,706824.002259705,"kt"
1990,"CO2","ENE",5,712395.370582383,"kt"
1990,"CO2","ENE",6,691276.144023699,"kt"
1990,"CO2","ENE",7,726418.811670561,"kt"
1990,"CO2","ENE",8,721182.021063568,"kt"
1990,"CO2","ENE",9,682788.844784833,"kt"
1990,"CO2","ENE",10,725250.435829838,"kt"
1990,"CO2","ENE",11,731143.505625814,"kt"
1990,"CO2","ENE",12,818409.741826974,"kt"
1990,"CO2","IND",1,568960.853291793,"kt"
1990,"CO2","IND",2,515510.709158347,"kt"
1990,"CO2","IND",3,526321.590644055,"kt"
1990,"CO2","IND",4,512794.725397833,"kt"
1990,"CO2","IND",5,466820.562006247,"kt"
1990,"CO2","IND",6,433718.370854184,"kt"
1990,"CO2","IND",7,425964.445492029,"kt"
1990,"CO2","IND",8,448175.649882657,"kt"
1990,"CO2","IND",9,430267.120273179,"kt"
1990,"CO2","IND",10,489031.766396876,"kt"
1990,"CO2","IND",11,511069.10010733,"kt"
1990,"CO2","IND",12,570743.999425312,"kt"
1990,"CO2","TRA",1,311394.145458159,"kt"
1990,"CO2","TRA",2,281259.228155756,"kt"
1990,"CO2","TRA",3,311394.145458159,"kt"
1990,"CO2","TRA",4,301349.173024024,"kt"
1990,"CO2","TRA",5,311394.145458159,"kt"
1990,"CO2","TRA",6,301349.173024024,"kt"
1990,"CO2","TRA",7,311394.145458159,"kt"
1990,"CO2","TRA",8,311394.145458159,"kt"
1990,"CO2","TRA",9,301349.173024024,"kt"
1990,"CO2","TRA",10,311394.145458159,"kt"
1990,"CO2","TRA",11,301349.173024024,"kt"
1990,"CO2","TRA",12,311394.145458159,"kt"
1990,"CO2","SLV",1,4161.09206123178,"kt"
1990,"CO2","SLV",2,3758.40573272548,"kt"
1990,"CO2","SLV",3,4161.09206123178,"kt"
1990,"CO2","SLV",4,4026.86328506302,"kt"
1990,"CO2","SLV",5,4161.09206123178,"kt"
1990,"CO2","SLV",6,4026.86328506302,"kt"
1990,"CO2","SLV",7,4161.09206123178,"kt"
1990,"CO2","SLV",8,4161.09206123178,"kt"
1990,"CO2","SLV",9,4026.86328506302,"kt"
1990,"CO2","SLV",10,4161.09206123178,"kt"
1990,"CO2","SLV",11,4026.86328506302,"kt"
1990,"CO2","SLV",12,4161.09206123178,"kt"
1990,"CO2","WST",1,2464.61210323861,"kt"
1990,"CO2","WST",2,2226.1012545381,"kt"
1990,"CO2","WST",3,2464.61210323861,"kt"
1990,"CO2","WST",4,2385.1084870051,"kt"
1990,"CO2","WST",5,2464.61210323861,"kt"
1990,"CO2","WST",6,2385.1084870051,"kt"
1990,"CO2","WST",7,2464.61210323861,"kt"
1990,"CO2","WST",8,2464.61210323861,"kt"
1990,"CO2","WST",9,2385.1084870051,"kt"
1990,"CO2","WST",10,2464.61210323861,"kt"
1990,"CO2","WST",11,2385.1084870051,"kt"
1990,"CO2","WST",12,2464.61210323861,"kt"
1990,"CO2","SHP",1,44333.1179661612,"kt"
1990,"CO2","SHP",2,38045.1867480559,"kt"
1990,"CO2","SHP",3,46499.1845853269,"kt"
1990,"CO2","SHP",4,44641.1228978871,"kt"
1990,"CO2","SHP",5,46937.7456112401,"kt"
1990,"CO2","SHP",6,43655.5463484097,"kt"
1990,"CO2","SHP",7,48272.0121332941,"kt"
1990,"CO2","SHP",8,48936.3228213494,"kt"
1990,"CO2","SHP",9,46590.5102328114,"kt"
1990,"CO2","SHP",10,50084.22681691,"kt"
1990,"CO2","SHP",11,48762.2756090987,"kt"
1990,"CO2","SHP",12,49263.3401242171,"kt"
1990,"CO2","RCO",1,461505.173571089,"kt"
1990,"CO2","RCO",2,358011.736346468,"kt"
1990,"CO2","RCO",3,330641.532685621,"kt"
1990,"CO2","RCO",4,207567.473555877,"kt"
1990,"CO2","RCO",5,172360.385193643,"kt"
1990,"CO2","RCO",6,160763.974302839,"kt"
1990,"CO2","RCO",7,169778.814514853,"kt"
1990,"CO2","RCO",8,169181.707747928,"kt"
1990,"CO2","RCO",9,161676.313585429,"kt"
1990,"CO2","RCO",10,204305.078403185,"kt"
1990,"CO2","RCO",11,289495.83108406,"kt"
1990,"CO2","RCO",12,435925.960624852,"kt"
1991,"CO2","AGR",1,0,"kt"
1991,"CO2","AGR",2,0,"kt"
1991,"CO2","AGR",3,0,"kt"
1991,"CO2","AGR",4,0,"kt"
1991,"CO2","AGR",5,0,"kt"
1991,"CO2","AGR",6,0,"kt"
1991,"CO2","AGR",7,0,"kt"
1991,"CO2","AGR",8,0,"kt"
1991,"CO2","AGR",9,0,"kt"
1991,"CO2","AGR",10,0,"kt"
1991,"CO2","AGR",11,0,"kt"
1991,"CO2","AGR",12,0,"kt"
1991,"CO2","ENE",1,850243.744579774,"kt"
1991,"CO2","ENE",2,725208.324936212,"kt"
1991,"CO2","ENE",3,764889.080322133,"kt"
1991,"CO2","ENE",4,713612.005035813,"kt"
1991,"CO2","ENE",5,719829.373638127,"kt"
1991,"CO2","ENE",6,698242.179187225,"kt"
1991,"CO2","ENE",7,733634.568240547,"kt"
1991,"CO2","ENE",8,728405.159675511,"kt"
1991,"CO2","ENE",9,689533.07009514,"kt"
1991,"CO2","ENE",10,732220.846722567,"kt"
1991,"CO2","ENE",11,738282.931395743,"kt"
1991,"CO2","ENE",12,826256.637303534,"kt"
1991,"CO2","IND",1,551131.002072717,"kt"
1991,"CO2","IND",2,499383.643788123,"kt"
1991,"CO2","IND",3,510706.296042844,"kt"
1991,"CO2","IND",4,497634.542211674,"kt"
1991,"CO2","IND",5,454464.317301226,"kt"
1991,"CO2","IND",6,422795.818517617,"kt"
1991,"CO2","IND",7,415797.64339263,"kt"
1991,"CO2","IND",8,436889.012468204,"kt"
1991,"CO2","IND",9,419393.175702243,"kt"
1991,"CO2","IND",10,475555.6863768,"kt"
1991,"CO2","IND",11,495933.220803988,"kt"
1991,"CO2","IND",12,552889.034193993,"kt"
1991,"CO2","TRA",1,313896.959835198,"kt"
1991,"CO2","TRA",2,283519.834689857,"kt"
1991,"CO2","TRA",3,313896.959835198,"kt"
1991,"CO2","TRA",4,303771.251453418,"kt"
1991,"CO2","TRA",5,313896.959835198,"kt"
1991,"CO2","TRA",6,303771.251453418,"kt"
1991,"CO2","TRA",7,313896.959835198,"kt"
1991,"CO2","TRA",8,313896.959835198,"kt"
1991,"CO2","TRA",9,303771.251453418,"kt"
1991,"CO2","TRA",10,313896.959835198,"kt"
1991,"CO2","TRA",11,303771.251453418,"kt"
1991,"CO2","TRA",12,313896.959835198,"kt"
1991,"CO2","SLV",1,4058.9985086789,"kt"
1991,"CO2","SLV",2,3666.1922013874,"kt"
1991,"CO2","SLV",3,4058.9985086789,"kt"
1991,"CO2","SLV",4,3928.06307291507,"kt"
1991,"CO2","SLV",5,4058.9985086789,"kt"
1991,"CO2","SLV",6,3928.06307291507,"kt"
1991,"CO2","SLV",7,4058.9985086789,"kt"
1991,"CO2","SLV",8,4058.9985086789,"kt"
1991,"CO2","SLV",9,3928.06307291507,"kt"
1991,"CO2","SLV",10,4058.9985086789,"kt"
1991,"CO2","SLV",11,3928.06307291507,"kt"
1991,"CO2","SLV",12,4058.9985086789,"kt"
1991,"CO2","WST",1,2739.98898013786,"kt"
1991,"CO2","WST",2,2474.82875625355,"kt"
1991,"CO2","WST",3,2739.98898013786,"kt"
1991,"CO2","WST",4,2651.60223884309,"kt"
1991,"CO2","WST",5,2739.98898013786,"kt"
1991,"CO2","WST",6,2651.60223884309,"kt"
1991,"CO2","WST",7,2739.98898013786,"kt"
1991,"CO2","WST",8,2739.98898013786,"kt"
1991,"CO2","WST",9,2651.60223884309,"kt"
1991,"CO2","WST",10,2739.98898013786,"kt"
1991,"CO2","WST",11,2651.60223884309,"kt"
1991,"CO2","WST",12,2739.98898013786,"kt"
1991,"CO2","SHP",1,47271.8970056016,"kt"
1991,"CO2","SHP",2,40567.1478122907,"kt"
1991,"CO2","SHP",3,49581.5490857154,"kt"
1991,"CO2","SHP",4,47600.319144123,"kt"
1991,"CO2","SHP",5,50049.1816953474,"kt"
1991,"CO2","SHP",6,46549.4101335365,"kt"
1991,"CO2","SHP",7,51471.8948385263,"kt"
1991,"CO2","SHP",8,52180.2417328152,"kt"
1991,"CO2","SHP",9,49678.9285798704,"kt"
1991,"CO2","SHP",10,53404.2386439253,"kt"
1991,"CO2","SHP",11,51994.657179572,"kt"
1991,"CO2","SHP",12,52528.9365453932,"kt"
1991,"CO2","RCO",1,468233.675587376,"kt"
1991,"CO2","RCO",2,363174.691008194,"kt"
1991,"CO2","RCO",3,335491.167999509,"kt"
1991,"CO2","RCO",4,210680.379331987,"kt"
1991,"CO2","RCO",5,174258.048515486,"kt"
1991,"CO2","RCO",6,162432.36490167,"kt"
1991,"CO2","RCO",7,171559.421325064,"kt"
1991,"CO2","RCO",8,170968.757788235,"kt"
1991,"CO2","RCO",9,163405.174566144,"kt"
1991,"CO2","RCO",10,207094.106181743,"kt"
1991,"CO2","RCO",11,293715.779016148,"kt"
1991,"CO2","RCO",12,442379.198844864,"kt"
1992,"CO2","AGR",1,0,"kt"
1992,"CO2","AGR",2,0,"kt"
1992,"CO2","AGR",3,0,"kt"
1992,"CO2","AGR",4,0,"kt"
1992,"CO2","AGR",5,0,"kt"
1992,"CO2","AGR",6,0,"kt"
1992,"CO2","AGR",7,0,"kt"
1992,"CO2","AGR",8,0,"kt"
1992,"CO2","AGR",9,0,"kt"
1992,"CO2","AGR",10,0,"kt"
1992,"CO2","AGR",11,0,"kt"
1992,"CO2","AGR",12,0,"kt"
1992,"CO2","ENE",1,850528.937765943,"kt"
1992,"CO2","ENE",2,725318.640027271,"kt"
1992,"CO2","ENE",3,767192.049675154,"kt"
1992,"CO2","ENE",4,716143.210232253,"kt"
1992,"CO2","ENE",5,725625.464077974,"kt"
1992,"CO2","ENE",6,706412.251021489,"kt"
1992,"CO2","ENE",7,743340.863480776,"kt"
1992,"CO2","ENE",8,737912.412385979,"kt"
1992,"CO2","ENE",9,696250.851220421,"kt"
1992,"CO2","ENE",10,736488.67379522,"kt"
1992,"CO2","ENE",11,740589.080927308,"kt"
1992,"CO2","ENE",12,828175.492285946,"kt"
1992,"CO2","IND",1,527208.991566444,"kt"
1992,"CO2","IND",2,477739.324602508,"kt"
1992,"CO2","IND",3,489579.022715413,"kt"
1992,"CO2","IND",4,477108.775357128,"kt"
1992,"CO2","IND",5,437425.792547559,"kt"
1992,"CO2","IND",6,407599.201923153,"kt"
1992,"CO2","IND",7,401512.512940005,"kt"
1992,"CO2","IND",8,421185.841987259,"kt"
1992,"CO2","IND",9,404276.577580941,"kt"
1992,"CO2","IND",10,457099.121594812,"kt"
1992,"CO2","IND",11,475447.463186022,"kt"
1992,"CO2","IND",12,528925.68080992,"kt"
1992,"CO2","TRA",1,320159.007111815,"kt"
1992,"CO2","TRA",2,289175.877391317,"kt"
1992,"CO2","TRA",3,320159.007111815,"kt"
1992,"CO2","TRA",4,309831.297204982,"kt"
1992,"CO2","TRA",5,320159.007111815,"kt"
1992,"CO2","TRA",6,309831.297204982,"kt"
1992,"CO2","TRA",7,320159.007111815,"kt"
1992,"CO2","TRA",8,320159.007111815,"kt"
1992,"CO2","TRA",9,309831.297204982,"kt"
1992,"CO2","TRA",10,320159.007111815,"kt"
1992,"CO2","TRA",11,309831.297204982,"kt"
1992,"CO2","TRA",12,320159.007111815,"kt"
1992,"CO2","SLV",1,4531.3939476652,"kt"
1992,"CO2","SLV",2,4092.87195272986,"kt"
1992,"CO2","SLV",3,4531.3939476652,"kt"
1992,"CO2","SLV",4,4385.21994935342,"kt"
1992,"CO2","SLV",5,4531.3939476652,"kt"
1992,"CO2","SLV",6,4385.21994935342,"kt"
1992,"CO2","SLV",7,4531.3939476652,"kt"
1992,"CO2","SLV",8,4531.3939476652,"kt"
1992,"CO2","SLV",9,4385.21994935342,"kt"
1992,"CO2","SLV",10,4531.3939476652,"kt"
1992,"CO2","SLV",11,4385.21994935342,"kt"
1992,"CO2","SLV",12,4531.3939476652,"kt"
1992,"CO2","WST",1,3140.30946257359,"kt"
1992,"CO2","WST",2,2836.40854684066,"kt"
1992,"CO2","WST",3,3140.30946257359,"kt"
1992,"CO2","WST",4,3039.00915732928,"kt"
1992,"CO2","WST",5,3140.30946257359,"kt"
1992,"CO2","WST",6,3039.00915732928,"kt"
1992,"CO2","WST",7,3140.30946257359,"kt"
1992,"CO2","WST",8,3140.30946257359,"kt"
1992,"CO2","WST",9,3039.00915732928,"kt"
1992,"CO2","WST",10,3140.30946257359,"kt"
1992,"CO2","WST",11,3039.00915732928,"kt"
1992,"CO2","WST",12,3140.30946257359,"kt"
1992,"CO2","SHP",1,49063.5060002106,"kt"
1992,"CO2","SHP",2,42104.6462312249,"kt"
1992,"CO2","SHP",3,51460.6940943891,"kt"
1992,"CO2","SHP",4,49404.3753662535,"kt"
1992,"CO2","SHP",5,51946.0500204662,"kt"
1992,"CO2","SHP",6,48313.6368130604,"kt"
1992,"CO2","SHP",7,53422.6841151095,"kt"
1992,"CO2","SHP",8,54157.8774180999,"kt"
1992,"CO2","SHP",9,51561.7642798146,"kt"
1992,"CO2","SHP",10,55428.2639182519,"kt"
1992,"CO2","SHP",11,53965.2591942001,"kt"
1992,"CO2","SHP",12,54519.7877943037,"kt"
1992,"CO2","RCO",1,452111.714306589,"kt"
1992,"CO2","RCO",2,350753.075699825,"kt"
1992,"CO2","RCO",3,323310.755146405,"kt"
1992,"CO2","RCO",4,204039.068246119,"kt"
1992,"CO2","RCO",5,170100.373609568,"kt"
1992,"CO2","RCO",6,158860.265691277,"kt"
1992,"CO2","RCO",7,167807.927877034,"kt"
1992,"CO2","RCO",8,167209.206087687,"kt"
1992,"CO2","RCO",9,159615.494277603,"kt"
1992,"CO2","RCO",10,199887.913726943,"kt"
1992,"CO2","RCO",11,282302.94068545,"kt"
1992,"CO2","RCO",12,426689.755315565,"kt"
1993,"CO2","AGR",1,0,"kt"
1993,"CO2","AGR",2,0,"kt"
1993,"CO2","AGR",3,0,"kt"
1993,"CO2","AGR",4,0,"kt"
1993,"CO2","AGR",5,0,"kt"
1993,"CO2","AGR",6,0,"kt"
1993,"CO2","AGR",7,0,"kt"
1993,"CO2","AGR",8,0,"kt"
1993,"CO2","AGR",9,0,"kt"
1993,"CO2","AGR",10,0,"kt"
1993,"CO2","AGR",11,0,"kt"
1993,"CO2","AGR",12,0,"kt"
1993,"CO2","ENE",1,865135.62906339,"kt"
1993,"CO2","ENE",2,738572.124354177,"kt"
1993,"CO2","ENE",3,782947.490166133,"kt"
1993,"CO2","ENE",4,731376.297257493,"kt"
1993,"CO2","ENE",5,743418.954253785,"kt"
1993,"CO2","ENE",6,725045.62116465,"kt"
1993,"CO2","ENE",7,763218.70892655,"kt"
1993,"CO2","ENE",8,758032.205828535,"kt"
1993,"CO2","ENE",9,714195.015985529,"kt"
1993,"CO2","ENE",10,753301.934044724,"kt"
1993,"CO2","ENE",11,755884.777496035,"kt"
1993,"CO2","ENE",12,843574.408456371,"kt"
1993,"CO2","IND",1,517782.529550721,"kt"
1993,"CO2","IND",2,469240.416516957,"kt"
1993,"CO2","IND",3,481599.070704486,"kt"
1993,"CO2","IND",4,469419.060447118,"kt"
1993,"CO2","IND",5,431657.997132054,"kt"
1993,"CO2","IND",6,402742.003090731,"kt"
1993,"CO2","IND",7,397208.184164588,"kt"
1993,"CO2","IND",8,416166.736527089,"kt"
1993,"CO2","IND",9,399386.559454407,"kt"
1993,"CO2","IND",10,450616.549494555,"kt"
1993,"CO2","IND",11,467741.338628956,"kt"
1993,"CO2","IND",12,519516.175429488,"kt"
1993,"CO2","TRA",1,324364.319976446,"kt"
1993,"CO2","TRA",2,292974.224494854,"kt"
1993,"CO2","TRA",3,324364.319976446,"kt"
1993,"CO2","TRA",4,313900.954815915,"kt"
1993,"CO2","TRA",5,324364.319976446,"kt"
1993,"CO2","TRA",6,313900.954815915,"kt"
1993,"CO2","TRA",7,324364.319976446,"kt"
1993,"CO2","TRA",8,324364.319976446,"kt"
1993,"CO2","TRA",9,313900.954815915,"kt"
1993,"CO2","TRA",10,324364.319976446,"kt"
1993,"CO2","TRA",11,313900.954815915,"kt"
1993,"CO2","TRA",12,324364.319976446,"kt"
1993,"CO2","SLV",1,4363.92613325425,"kt"
1993,"CO2","SLV",2,3941.61070100384,"kt"
1993,"CO2","SLV",3,4363.92613325425,"kt"
1993,"CO2","SLV",4,4223.15432250411,"kt"
1993,"CO2","SLV",5,4363.92613325425,"kt"
1993,"CO2","SLV",6,4223.15432250411,"kt"
1993,"CO2","SLV",7,4363.92613325425,"kt"
1993,"CO2","SLV",8,4363.92613325425,"kt"
1993,"CO2","SLV",9,4223.15432250411,"kt"
1993,"CO2","SLV",10,4363.92613325425,"kt"
1993,"CO2","SLV",11,4223.15432250411,"kt"
1993,"CO2","SLV",12,4363.92613325425,"kt"
1993,"CO2","WST",1,3471.69979901408,"kt"
1993,"CO2","WST",2,3135.72885072239,"kt"
1993,"CO2","WST",3,3471.69979901408,"kt"
1993,"CO2","WST",4,3359.70948291685,"kt"
1993,"CO2","WST",5,3471.69979901408,"kt"
1993,"CO2","WST",6,3359.70948291685,"kt"
1993,"CO2","WST",7,3471.69979901408,"kt"
1993,"CO2","WST",8,3471.69979901408,"kt"
1993,"CO2","WST",9,3359.70948291685,"kt"
1993,"CO2","WST",10,3471.69979901408,"kt"
1993,"CO2","WST",11,3359.70948291685,"kt"
1993,"CO2","WST",12,3471.69979901408,"kt"
1993,"CO2","SHP",1,51027.0386172422,"kt"
1993,"CO2","SHP",2,43789.6837049682,"kt"
1993,"CO2","SHP",3,53520.1627216205,"kt"
1993,"CO2","SHP",4,51381.5496524794,"kt"
1993,"CO2","SHP",5,54024.9427017332,"kt"
1993,"CO2","SHP",6,50247.1594954682,"kt"
1993,"CO2","SHP",7,55560.6720271217,"kt"
1993,"CO2","SHP",8,56325.2879325295,"kt"
1993,"CO2","SHP",9,53625.2777587469,"kt"
1993,"CO2","SHP",10,57646.5155880052,"kt"
1993,"CO2","SHP",11,56124.9610837047,"kt"
1993,"CO2","SHP",12,56701.6820439176,"kt"
1993,"CO2","RCO",1,449319.752753429,"kt"
1993,"CO2","RCO",2,348197.698492874,"kt"
1993,"CO2","RCO",3,319652.834656881,"kt"
1993,"CO2","RCO",4,202133.685208684,"kt"
1993,"CO2","RCO",5,169233.443906219,"kt"
1993,"CO2","RCO",6,158314.301759344,"kt"
1993,"CO2","RCO",7,167321.396620345,"kt"
1993,"CO2","RCO",8,166674.85741003,"kt"
1993,"CO2","RCO",9,158887.958241535,"kt"
1993,"CO2","RCO",10,197426.181084287,"kt"
1993,"CO2","RCO",11,278483.166397319,"kt"
1993,"CO2","RCO",12,423666.24056116,"kt"
1994,"CO2","AGR",1,0,"kt"
1994,"CO2","AGR",2,0,"kt"
1994,"CO2","AGR",3,0,"kt"
1994,"CO2","AGR",4,0,"kt"
1994,"CO2","AGR",5,0,"kt"
1994,"CO2","AGR",6,0,"kt"
1994,"CO2","AGR",7,0,"kt"
1994,"CO2","AGR",8,0,"kt"
1994,"CO2","AGR",9,0,"kt"
1994,"CO2","AGR",10,0,"kt"
1994,"CO2","AGR",11,0,"kt"
1994,"CO2","AGR",12,0,"kt"
1994,"CO2","ENE",1,878086.458374125,"kt"
1994,"CO2","ENE",2,750648.679486226,"kt"
1994,"CO2","ENE",3,797189.690251569,"kt"
1994,"CO2","ENE",4,745355.215194313,"kt"
1994,"CO2","ENE",5,759083.243153167,"kt"
1994,"CO2","ENE",6,740987.155282703,"kt"
1994,"CO2","ENE",7,779975.389806462,"kt"
1994,"CO2","ENE",8,774946.219436286,"kt"
1994,"CO2","ENE",9,729908.423224882,"kt"
1994,"CO2","ENE",10,768371.433336324,"kt"
1994,"CO2","ENE",11,769683.84987225,"kt"
1994,"CO2","ENE",12,857141.596330441,"kt"
1994,"CO2","IND",1,514373.537287384,"kt"
1994,"CO2","IND",2,466264.348833006,"kt"
1994,"CO2","IND",3,479589.166213193,"kt"
1994,"CO2","IND",4,467694.753232337,"kt"
1994,"CO2","IND",5,432031.874760518,"kt"
1994,"CO2","IND",6,403946.369340569,"kt"
1994,"CO2","IND",7,399095.209749771,"kt"
1994,"CO2","IND",8,417411.248318588,"kt"
1994,"CO2","IND",9,400370.164056484,"kt"
1994,"CO2","IND",10,450347.913329335,"kt"
1994,"CO2","IND",11,465906.650590294,"kt"
1994,"CO2","IND",12,516221.243350828,"kt"
1994,"CO2","TRA",1,329587.086644561,"kt"
1994,"CO2","TRA",2,297691.562130571,"kt"
1994,"CO2","TRA",3,329587.086644561,"kt"
1994,"CO2","TRA",4,318955.245139898,"kt"
1994,"CO2","TRA",5,329587.086644561,"kt"
1994,"CO2","TRA",6,318955.245139898,"kt"
1994,"CO2","TRA",7,329587.086644561,"kt"
1994,"CO2","TRA",8,329587.086644561,"kt"
1994,"CO2","TRA",9,318955.245139898,"kt"
1994,"CO2","TRA",10,329587.086644561,"kt"
1994,"CO2","TRA",11,318955.245139898,"kt"
1994,"CO2","TRA",12,329587.086644561,"kt"
1994,"CO2","SLV",1,4305.82852366521,"kt"
1994,"CO2","SLV",2,3889.13544072986,"kt"
1994,"CO2","SLV",3,4305.82852366521,"kt"
1994,"CO2","SLV",4,4166.93082935342,"kt"
1994,"CO2","SLV",5,4305.82852366521,"kt"
1994,"CO2","SLV",6,4166.93082935342,"kt"
1994,"CO2","SLV",7,4305.82852366521,"kt"
1994,"CO2","SLV",8,4305.82852366521,"kt"
1994,"CO2","SLV",9,4166.93082935342,"kt"
1994,"CO2","SLV",10,4305.82852366521,"kt"
1994,"CO2","SLV",11,4166.93082935342,"kt"
1994,"CO2","SLV",12,4305.82852366521,"kt"
1994,"CO2","WST",1,3896.42313877114,"kt"
1994,"CO2","WST",2,3519.34993179329,"kt"
1994,"CO2","WST",3,3896.42313877114,"kt"
1994,"CO2","WST",4,3770.73206977853,"kt"
1994,"CO2","WST",5,3896.42313877114,"kt"
1994,"CO2","WST",6,3770.73206977853,"kt"
1994,"CO2","WST",7,3896.42313877114,"kt"
1994,"CO2","WST",8,3896.42313877114,"kt"
1994,"CO2","WST",9,3770.73206977853,"kt"
1994,"CO2","WST",10,3896.42313877114,"kt"
1994,"CO2","WST",11,3770.73206977853,"kt"
1994,"CO2","WST",12,3896.42313877114,"kt"
1994,"CO2","SHP",1,53235.6940850091,"kt"
1994,"CO2","SHP",2,45685.0773426872,"kt"
1994,"CO2","SHP",3,55836.7306282469,"kt"
1994,"CO2","SHP",4,53605.5497837342,"kt"
1994,"CO2","SHP",5,56363.3595161799,"kt"
1994,"CO2","SHP",6,52422.0586580844,"kt"
1994,"CO2","SHP",7,57965.5613836451,"kt"
1994,"CO2","SHP",8,58763.2729408089,"kt"
1994,"CO2","SHP",9,55946.3954669644,"kt"
1994,"CO2","SHP",10,60141.6886433379,"kt"
1994,"CO2","SHP",11,58554.2751402301,"kt"
1994,"CO2","SHP",12,59155.9589032367,"kt"
1994,"CO2","RCO",1,429826.511601332,"kt"
1994,"CO2","RCO",2,333346.492535804,"kt"
1994,"CO2","RCO",3,305758.100326646,"kt"
1994,"CO2","RCO",4,195285.55580868,"kt"
1994,"CO2","RCO",5,164915.754109769,"kt"
1994,"CO2","RCO",6,154501.383253121,"kt"
1994,"CO2","RCO",7,163254.202158765,"kt"
1994,"CO2","RCO",8,162614.296791721,"kt"
1994,"CO2","RCO",9,154939.086370741,"kt"
1994,"CO2","RCO",10,190386.906803869,"kt"
1994,"CO2","RCO",11,266320.820017518,"kt"
1994,"CO2","RCO",12,405221.834848837,"kt"
1995,"CO2","AGR",1,0,"kt"
1995,"CO2","AGR",2,0,"kt"
1995,"CO2","AGR",3,0,"kt"
1995,"CO2","AGR",4,0,"kt"
1995,"CO2","AGR",5,0,"kt"
1995,"CO2","AGR",6,0,"kt"
1995,"CO2","AGR",7,0,"kt"
1995,"CO2","AGR",8,0,"kt"
1995,"CO2","AGR",9,0,"kt"
1995,"CO2","AGR",10,0,"kt"
1995,"CO2","AGR",11,0,"kt"
1995,"CO2","AGR",12,0,"kt"
1995,"CO2","ENE",1,894838.088570738,"kt"
1995,"CO2","ENE",2,765679.222446443,"kt"
1995,"CO2","ENE",3,814028.192371479,"kt"
1995,"CO2","ENE",4,761755.196816254,"kt"
1995,"CO2","ENE",5,776252.531698455,"kt"
1995,"CO2","ENE",6,757753.348110664,"kt"
1995,"CO2","ENE",7,797520.484965577,"kt"
1995,"CO2","ENE",8,792321.870833048,"kt"
1995,"CO2","ENE",9,746499.897411545,"kt"
1995,"CO2","ENE",10,785469.408360872,"kt"
1995,"CO2","ENE",11,785998.927889554,"kt"
1995,"CO2","ENE",12,873947.52259988,"kt"
1995,"CO2","IND",1,523608.990195328,"kt"
1995,"CO2","IND",2,474662.975232381,"kt"
1995,"CO2","IND",3,489189.934442307,"kt"
1995,"CO2","IND",4,477107.805686194,"kt"
1995,"CO2","IND",5,442338.181771225,"kt"
1995,"CO2","IND",6,414188.470132049,"kt"
1995,"CO2","IND",7,409829.858401583,"kt"
1995,"CO2","IND",8,427994.752469784,"kt"
1995,"CO2","IND",9,410490.278422281,"kt"
1995,"CO2","IND",10,460503.075839425,"kt"
1995,"CO2","IND",11,475258.70983131,"kt"
1995,"CO2","IND",12,525519.722578708,"kt"
1995,"CO2","TRA",1,337988.684277532,"kt"
1995,"CO2","TRA",2,305280.101928093,"kt"
1995,"CO2","TRA",3,337988.684277532,"kt"
1995,"CO2","TRA",4,327085.823494386,"kt"
1995,"CO2","TRA",5,337988.684277532,"kt"
1995,"CO2","TRA",6,327085.823494386,"kt"
1995,"CO2","TRA",7,337988.684277532,"kt"
1995,"CO2","TRA",8,337988.684277532,"kt"
1995,"CO2","TRA",9,327085.823494386,"kt"
1995,"CO2","TRA",10,337988.684277532,"kt"
1995,"CO2","TRA",11,327085.823494386,"kt"
1995,"CO2","TRA",12,337988.684277532,"kt"
1995,"CO2","SLV",1,3656.4087456926,"kt"
1995,"CO2","SLV",2,3302.56273804493,"kt"
1995,"CO2","SLV",3,3656.4087456926,"kt"
1995,"CO2","SLV",4,3538.46007647671,"kt"
1995,"CO2","SLV",5,3656.4087456926,"kt"
1995,"CO2","SLV",6,3538.46007647671,"kt"
1995,"CO2","SLV",7,3656.4087456926,"kt"
1995,"CO2","SLV",8,3656.4087456926,"kt"
1995,"CO2","SLV",9,3538.46007647671,"kt"
1995,"CO2","SLV",10,3656.4087456926,"kt"
1995,"CO2","SLV",11,3538.46007647671,"kt"
1995,"CO2","SLV",12,3656.4087456926,"kt"
1995,"CO2","WST",1,4306.51930046993,"kt"
1995,"CO2","WST",2,3889.75936816639,"kt"
1995,"CO2","WST",3,4306.51930046993,"kt"
1995,"CO2","WST",4,4167.59932303542,"kt"
1995,"CO2","WST",5,4306.51930046993,"kt"
1995,"CO2","WST",6,4167.59932303542,"kt"
1995,"CO2","WST",7,4306.51930046993,"kt"
1995,"CO2","WST",8,4306.51930046993,"kt"
1995,"CO2","WST",9,4167.59932303542,"kt"
1995,"CO2","WST",10,4306.51930046993,"kt"
1995,"CO2","WST",11,4167.59932303542,"kt"
1995,"CO2","WST",12,4306.51930046993,"kt"
1995,"CO2","SHP",1,54762.3706289504,"kt"
1995,"CO2","SHP",2,46995.2196671132,"kt"
1995,"CO2","SHP",3,57437.9988825828,"kt"
1995,"CO2","SHP",4,55142.8329333672,"kt"
1995,"CO2","SHP",5,57979.730268628,"kt"
1995,"CO2","SHP",6,53925.4020203106,"kt"
1995,"CO2","SHP",7,59627.8795788629,"kt"
1995,"CO2","SHP",8,60448.4676579308,"kt"
1995,"CO2","SHP",9,57550.8086551,"kt"
1995,"CO2","SHP",10,61866.4131337568,"kt"
1995,"CO2","SHP",11,60233.4762839094,"kt"
1995,"CO2","SHP",12,60852.4149452652,"kt"
1995,"CO2","RCO",1,439532.767605789,"kt"
1995,"CO2","RCO",2,339620.258963517,"kt"
1995,"CO2","RCO",3,309181.027029719,"kt"
1995,"CO2","RCO",4,198104.47941004,"kt"
1995,"CO2","RCO",5,168922.929109924,"kt"
1995,"CO2","RCO",6,158402.044331391,"kt"
1995,"CO2","RCO",7,167381.490212425,"kt"
1995,"CO2","RCO",8,166745.22878708,"kt"
1995,"CO2","RCO",9,158781.521276406,"kt"
1995,"CO2","RCO",10,193033.850382199,"kt"
1995,"CO2","RCO",11,269406.25990668,"kt"
1995,"CO2","RCO",12,413452.136651079,"kt"
1996,"CO2","AGR",1,0,"kt"
1996,"CO2","AGR",2,0,"kt"
1996,"CO2","AGR",3,0,"kt"
1996,"CO2","AGR",4,0,"kt"
1996,"CO2","AGR",5,0,"kt"
1996,"CO2","AGR",6,0,"kt"
1996,"CO2","AGR",7,0,"kt"
1996,"CO2","AGR",8,0,"kt"
1996,"CO2","AGR",9,0,"kt"
1996,"CO2","AGR",10,0,"kt"
1996,"CO2","AGR",11,0,"kt"
1996,"CO2","AGR",12,0,"kt"
1996,"CO2","ENE",1,931284.644894915,"kt"
1996,"CO2","ENE",2,797452.497335744,"kt"
1996,"CO2","ENE",3,848005.68061856,"kt"
1996,"CO2","ENE",4,793529.165024266,"kt"
1996,"CO2","ENE",5,808651.693268062,"kt"
1996,"CO2","ENE",6,788881.930609292,"kt"
1996,"CO2","ENE",7,829843.10067345,"kt"
1996,"CO2","ENE",8,824857.425519195,"kt"
1996,"CO2","ENE",9,777403.336063092,"kt"
1996,"CO2","ENE",10,817654.000805797,"kt"
1996,"CO2","ENE",11,818388.007133428,"kt"
1996,"CO2","ENE",12,909641.456036018,"kt"
1996,"CO2","IND",1,507617.358153482,"kt"
1996,"CO2","IND",2,460334.760815862,"kt"
1996,"CO2","IND",3,474873.457694771,"kt"
1996,"CO2","IND",4,463501.38004984,"kt"
1996,"CO2","IND",5,430855.067452617,"kt"
1996,"CO2","IND",6,404072.509829816,"kt"
1996,"CO2","IND",7,400150.151172271,"kt"
1996,"CO2","IND",8,417541.59349081,"kt"
1996,"CO2","IND",9,400126.088839431,"kt"
1996,"CO2","IND",10,448246.509771155,"kt"
1996,"CO2","IND",11,461528.169554648,"kt"
1996,"CO2","IND",12,509656.342331848,"kt"
1996,"CO2","TRA",1,354997.392807422,"kt"
1996,"CO2","TRA",2,320642.806406704,"kt"
1996,"CO2","TRA",3,354997.392807422,"kt"
1996,"CO2","TRA",4,343545.864007183,"kt"
1996,"CO2","TRA",5,354997.392807422,"kt"
1996,"CO2","TRA",6,343545.864007183,"kt"
1996,"CO2","TRA",7,354997.392807422,"kt"
1996,"CO2","TRA",8,354997.392807422,"kt"
1996,"CO2","TRA",9,343545.864007183,"kt"
1996,"CO2","TRA",10,354997.392807422,"kt"
1996,"CO2","TRA",11,343545.864007183,"kt"
1996,"CO2","TRA",12,354997.392807422,"kt"
1996,"CO2","SLV",1,3708.39970435014,"kt"
1996,"CO2","SLV",2,3349.52231360658,"kt"
1996,"CO2","SLV",3,3708.39970435014,"kt"
1996,"CO2","SLV",4,3588.77390743562,"kt"
1996,"CO2","SLV",5,3708.39970435014,"kt"
1996,"CO2","SLV",6,3588.77390743562,"kt"
1996,"CO2","SLV",7,3708.39970435014,"kt"
1996,"CO2","SLV",8,3708.39970435014,"kt"
1996,"CO2","SLV",9,3588.77390743562,"kt"
1996,"CO2","SLV",10,3708.39970435014,"kt"
1996,"CO2","SLV",11,3588.77390743562,"kt"
1996,"CO2","SLV",12,3708.39970435014,"kt"
1996,"CO2","WST",1,4743.44416516535,"kt"
1996,"CO2","WST",2,4284.40118143967,"kt"
1996,"CO2","WST",3,4743.44416516535,"kt"
1996,"CO2","WST",4,4590.42983725679,"kt"
1996,"CO2","WST",5,4743.44416516535,"kt"
1996,"CO2","WST",6,4590.42983725679,"kt"
1996,"CO2","WST",7,4743.44416516535,"kt"
1996,"CO2","WST",8,4743.44416516535,"kt"
1996,"CO2","WST",9,4590.42983725679,"kt"
1996,"CO2","WST",10,4743.44416516535,"kt"
1996,"CO2","WST",11,4590.42983725679,"kt"
1996,"CO2","WST",12,4743.44416516535,"kt"
1996,"CO2","SHP",1,53795.3782328374,"kt"
1996,"CO2","SHP",2,46165.3794036289,"kt"
1996,"CO2","SHP",3,56423.7603182274,"kt"
1996,"CO2","SHP",4,54169.1223446129,"kt"
1996,"CO2","SHP",5,56955.9258267361,"kt"
1996,"CO2","SHP",6,52973.1887922841,"kt"
1996,"CO2","SHP",7,58574.9721629334,"kt"
1996,"CO2","SHP",8,59381.070320844,"kt"
1996,"CO2","SHP",9,56534.5780989631,"kt"
1996,"CO2","SHP",10,60773.9777554479,"kt"
1996,"CO2","SHP",11,59169.8752584418,"kt"
1996,"CO2","SHP",12,59777.8847183711,"kt"
1996,"CO2","RCO",1,445982.172692782,"kt"
1996,"CO2","RCO",2,344378.618474465,"kt"
1996,"CO2","RCO",3,312960.851556059,"kt"
1996,"CO2","RCO",4,200084.506204366,"kt"
1996,"CO2","RCO",5,169797.416162165,"kt"
1996,"CO2","RCO",6,159208.511464929,"kt"
1996,"CO2","RCO",7,168310.13762249,"kt"
1996,"CO2","RCO",8,167674.082248063,"kt"
1996,"CO2","RCO",9,159542.701276664,"kt"
1996,"CO2","RCO",10,193495.467465547,"kt"
1996,"CO2","RCO",11,271665.764641523,"kt"
1996,"CO2","RCO",12,419856.949639744,"kt"
1997,"CO2","AGR",1,0,"kt"
1997,"CO2","AGR",2,0,"kt"
1997,"CO2","AGR",3,0,"kt"
1997,"CO2","AGR",4,0,"kt"
1997,"CO2","AGR",5,0,"kt"
1997,"CO2","AGR",6,0,"kt"
1997,"CO2","AGR",7,0,"kt"
1997,"CO2","AGR",8,0,"kt"
1997,"CO2","AGR",9,0,"kt"
1997,"CO2","AGR",10,0,"kt"
1997,"CO2","AGR",11,0,"kt"
1997,"CO2","AGR",12,0,"kt"
1997,"CO2","ENE",1,937449.170136051,"kt"
1997,"CO2","ENE",2,802654.660659057,"kt"
1997,"CO2","ENE",3,855365.870021698,"kt"
1997,"CO2","ENE",4,800712.599417744,"kt"
1997,"CO2","ENE",5,819380.860170847,"kt"
1997,"CO2","ENE",6,801854.71864096,"kt"
1997,"CO2","ENE",7,844829.92784857,"kt"
1997,"CO2","ENE",8,839765.582666306,"kt"
1997,"CO2","ENE",9,788974.191001799,"kt"
1997,"CO2","ENE",10,826863.435577802,"kt"
1997,"CO2","ENE",11,825633.997440216,"kt"
1997,"CO2","ENE",12,917054.747182531,"kt"
1997,"CO2","IND",1,507658.611759252,"kt"
1997,"CO2","IND",2,460512.830004023,"kt"
1997,"CO2","IND",3,475356.033717712,"kt"
1997,"CO2","IND",4,464270.120247485,"kt"
1997,"CO2","IND",5,432389.363161264,"kt"
1997,"CO2","IND",6,405997.153590978,"kt"
1997,"CO2","IND",7,402281.663722068,"kt"
1997,"CO2","IND",8,419530.392044011,"kt"
1997,"CO2","IND",9,401749.001457407,"kt"
1997,"CO2","IND",10,449638.091483206,"kt"
1997,"CO2","IND",11,462146.0441807,"kt"
1997,"CO2","IND",12,509853.490361597,"kt"
1997,"CO2","TRA",1,357387.075454109,"kt"
1997,"CO2","TRA",2,322801.229442421,"kt"
1997,"CO2","TRA",3,357387.075454109,"kt"
1997,"CO2","TRA",4,345858.460116879,"kt"
1997,"CO2","TRA",5,357387.075454109,"kt"
1997,"CO2","TRA",6,345858.460116879,"kt"
1997,"CO2","TRA",7,357387.075454109,"kt"
1997,"CO2","TRA",8,357387.075454109,"kt"
1997,"CO2","TRA",9,345858.460116879,"kt"
1997,"CO2","TRA",10,357387.075454109,"kt"
1997,"CO2","TRA",11,345858.460116879,"kt"
1997,"CO2","TRA",12,357387.075454109,"kt"
1997,"CO2","SLV",1,3627.09034555069,"kt"
1997,"CO2","SLV",2,3276.08160243288,"kt"
1997,"CO2","SLV",3,3627.09034555069,"kt"
1997,"CO2","SLV",4,3510.08743117808,"kt"
1997,"CO2","SLV",5,3627.09034555069,"kt"
1997,"CO2","SLV",6,3510.08743117808,"kt"
1997,"CO2","SLV",7,3627.09034555069,"kt"
1997,"CO2","SLV",8,3627.09034555069,"kt"
1997,"CO2","SLV",9,3510.08743117808,"kt"
1997,"CO2","SLV",10,3627.09034555069,"kt"
1997,"CO2","SLV",11,3510.08743117808,"kt"
1997,"CO2","SLV",12,3627.09034555069,"kt"
1997,"CO2","WST",1,5137.08217362167,"kt"
1997,"CO2","WST",2,4639.94518907764,"kt"
1997,"CO2","WST",3,5137.08217362167,"kt"
1997,"CO2","WST",4,4971.36984544033,"kt"
1997,"CO2","WST",5,5137.08217362167,"kt"
1997,"CO2","WST",6,4971.36984544033,"kt"
1997,"CO2","WST",7,5137.08217362167,"kt"
1997,"CO2","WST",8,5137.08217362167,"kt"
1997,"CO2","WST",9,4971.36984544033,"kt"
1997,"CO2","WST",10,5137.08217362167,"kt"
1997,"CO2","WST",11,4971.36984544033,"kt"
1997,"CO2","WST",12,5137.08217362167,"kt"
1997,"CO2","SHP",1,58753.0888805295,"kt"
1997,"CO2","SHP",2,50419.9194876022,"kt"
1997,"CO2","SHP",3,61623.6991698842,"kt"
1997,"CO2","SHP",4,59161.2767535225,"kt"
1997,"CO2","SHP",5,62204.9083452382,"kt"
1997,"CO2","SHP",6,57855.1275525437,"kt"
1997,"CO2","SHP",7,63973.1638425892,"kt"
1997,"CO2","SHP",8,64853.5509366843,"kt"
1997,"CO2","SHP",9,61744.7297701883,"kt"
1997,"CO2","SHP",10,66374.8268714574,"kt"
1997,"CO2","SHP",11,64622.8924176803,"kt"
1997,"CO2","SHP",12,65286.9352223394,"kt"
1997,"CO2","RCO",1,441989.560800943,"kt"
1997,"CO2","RCO",2,341124.563764635,"kt"
1997,"CO2","RCO",3,309468.894178373,"kt"
1997,"CO2","RCO",4,199225.397724173,"kt"
1997,"CO2","RCO",5,170768.313483822,"kt"
1997,"CO2","RCO",6,160279.869980001,"kt"
1997,"CO2","RCO",7,169374.335087361,"kt"
1997,"CO2","RCO",8,168740.939288132,"kt"
1997,"CO2","RCO",9,160568.550365607,"kt"
1997,"CO2","RCO",10,193524.575351465,"kt"
1997,"CO2","RCO",11,269544.246882816,"kt"
1997,"CO2","RCO",12,415792.467270393,"kt"
1998,"CO2","AGR",1,0,"kt"
1998,"CO2","AGR",2,0,"kt"
1998,"CO2","AGR",3,0,"kt"
1998,"CO2","AGR",4,0,"kt"
1998,"CO2","AGR",5,0,"kt"
1998,"CO2","AGR",6,0,"kt"
1998,"CO2","AGR",7,0,"kt"
1998,"CO2","AGR",8,0,"kt"
1998,"CO2","AGR",9,0,"kt"
1998,"CO2","AGR",10,0,"kt"
1998,"CO2","AGR",11,0,"kt"
1998,"CO2","AGR",12,0,"kt"
1998,"CO2","ENE",1,951216.5980034,"kt"
1998,"CO2","ENE",2,814020.422040722,"kt"
1998,"CO2","ENE",3,867199.980657334,"kt"
1998,"CO2","ENE",4,811425.558515082,"kt"
1998,"CO2","ENE",5,831373.072665152,"kt"
1998,"CO2","ENE",6,814412.266947586,"kt"
1998,"CO2","ENE",7,858805.062026851,"kt"
1998,"CO2","ENE",8,853590.477762042,"kt"
1998,"CO2","ENE",9,800781.700166099,"kt"
1998,"CO2","ENE",10,838246.208409725,"kt"
1998,"CO2","ENE",11,836888.48805613,"kt"
1998,"CO2","ENE",12,930575.997143526,"kt"
1998,"CO2","IND",1,502533.120542015,"kt"
1998,"CO2","IND",2,455888.426938807,"kt"
1998,"CO2","IND",3,471050.294961862,"kt"
1998,"CO2","IND",4,460114.146732212,"kt"
1998,"CO2","IND",5,429327.29408508,"kt"
1998,"CO2","IND",6,403438.668184908,"kt"
1998,"CO2","IND",7,400044.963502306,"kt"
1998,"CO2","IND",8,416886.623791072,"kt"
1998,"CO2","IND",9,399179.645609337,"kt"
1998,"CO2","IND",10,446168.954373846,"kt"
1998,"CO2","IND",11,457984.635444427,"kt"
1998,"CO2","IND",12,504733.615539393,"kt"
1998,"CO2","TRA",1,365018.332554963,"kt"
1998,"CO2","TRA",2,329693.977791579,"kt"
1998,"CO2","TRA",3,365018.332554963,"kt"
1998,"CO2","TRA",4,353243.547633835,"kt"
1998,"CO2","TRA",5,365018.332554963,"kt"
1998,"CO2","TRA",6,353243.547633835,"kt"
1998,"CO2","TRA",7,365018.332554963,"kt"
1998,"CO2","TRA",8,365018.332554963,"kt"
1998,"CO2","TRA",9,353243.547633835,"kt"
1998,"CO2","TRA",10,365018.332554963,"kt"
1998,"CO2","TRA",11,353243.547633835,"kt"
1998,"CO2","TRA",12,365018.332554963,"kt"
1998,"CO2","SLV",1,3569.6744660663,"kt"
1998,"CO2","SLV",2,3224.22209838246,"kt"
1998,"CO2","SLV",3,3569.6744660663,"kt"
1998,"CO2","SLV",4,3454.52367683836,"kt"
1998,"CO2","SLV",5,3569.6744660663,"kt"
1998,"CO2","SLV",6,3454.52367683836,"kt"
1998,"CO2","SLV",7,3569.6744660663,"kt"
1998,"CO2","SLV",8,3569.6744660663,"kt"
1998,"CO2","SLV",9,3454.52367683836,"kt"
1998,"CO2","SLV",10,3569.6744660663,"kt"
1998,"CO2","SLV",11,3454.52367683836,"kt"
1998,"CO2","SLV",12,3569.6744660663,"kt"
1998,"CO2","WST",1,5470.37292530645,"kt"
1998,"CO2","WST",2,4940.98199705099,"kt"
1998,"CO2","WST",3,5470.37292530645,"kt"
1998,"CO2","WST",4,5293.90928255463,"kt"
1998,"CO2","WST",5,5470.37292530645,"kt"
1998,"CO2","WST",6,5293.90928255463,"kt"
1998,"CO2","WST",7,5470.37292530645,"kt"
1998,"CO2","WST",8,5470.37292530645,"kt"
1998,"CO2","WST",9,5293.90928255463,"kt"
1998,"CO2","WST",10,5470.37292530645,"kt"
1998,"CO2","WST",11,5293.90928255463,"kt"
1998,"CO2","WST",12,5470.37292530645,"kt"
1998,"CO2","SHP",1,58498.9856079372,"kt"
1998,"CO2","SHP",2,50201.8566284444,"kt"
1998,"CO2","SHP",3,61357.1806952529,"kt"
1998,"CO2","SHP",4,58905.4080950359,"kt"
1998,"CO2","SHP",5,61935.8761788789,"kt"
1998,"CO2","SHP",6,57604.9079040544,"kt"
1998,"CO2","SHP",7,63696.4840866781,"kt"
1998,"CO2","SHP",8,64573.0635640842,"kt"
1998,"CO2","SHP",9,61477.6878461145,"kt"
1998,"CO2","SHP",10,66087.7600797849,"kt"
1998,"CO2","SHP",11,64343.4026281119,"kt"
1998,"CO2","SHP",12,65004.5734910056,"kt"
1998,"CO2","RCO",1,417844.574656687,"kt"
1998,"CO2","RCO",2,322751.06888805,"kt"
1998,"CO2","RCO",3,293185.258781528,"kt"
1998,"CO2","RCO",4,190131.490481536,"kt"
1998,"CO2","RCO",5,163228.835322821,"kt"
1998,"CO2","RCO",6,153317.251015849,"kt"
1998,"CO2","RCO",7,162017.347662016,"kt"
1998,"CO2","RCO",8,161373.979094116,"kt"
1998,"CO2","RCO",9,153550.505793282,"kt"
1998,"CO2","RCO",10,184840.125341082,"kt"
1998,"CO2","RCO",11,255951.060239904,"kt"
1998,"CO2","RCO",12,392986.105110778,"kt"
1999,"CO2","AGR",1,0,"kt"
1999,"CO2","AGR",2,0,"kt"
1999,"CO2","AGR",3,0,"kt"
1999,"CO2","AGR",4,0,"kt"
1999,"CO2","AGR",5,0,"kt"
1999,"CO2","AGR",6,0,"kt"
1999,"CO2","AGR",7,0,"kt"
1999,"CO2","AGR",8,0,"kt"
1999,"CO2","AGR",9,0,"kt"
1999,"CO2","AGR",10,0,"kt"
1999,"CO2","AGR",11,0,"kt"
1999,"CO2","AGR",12,0,"kt"
1999,"CO2","ENE",1,959834.589624968,"kt"
1999,"CO2","ENE",2,821799.886753567,"kt"
1999,"CO2","ENE",3,877360.233256055,"kt"
1999,"CO2","ENE",4,822011.052347023,"kt"
1999,"CO2","ENE",5,843664.26714784,"kt"
1999,"CO2","ENE",6,827392.421450273,"kt"
1999,"CO2","ENE",7,872592.203563078,"kt"
1999,"CO2","ENE",8,867223.775418495,"kt"
1999,"CO2","ENE",9,813433.245343136,"kt"
1999,"CO2","ENE",10,850476.582992182,"kt"
1999,"CO2","ENE",11,847488.058145183,"kt"
1999,"CO2","ENE",12,940396.857311966,"kt"
1999,"CO2","IND",1,494243.296130488,"kt"
1999,"CO2","IND",2,448385.16427956,"kt"
1999,"CO2","IND",3,463422.003798956,"kt"
1999,"CO2","IND",4,452698.330935351,"kt"
1999,"CO2","IND",5,422647.904677792,"kt"
1999,"CO2","IND",6,397269.640778425,"kt"
1999,"CO2","IND",7,394009.748096713,"kt"
1999,"CO2","IND",8,410511.962137706,"kt"
1999,"CO2","IND",9,393044.21674529,"kt"
1999,"CO2","IND",10,439150.118718784,"kt"
1999,"CO2","IND",11,450585.618918783,"kt"
1999,"CO2","IND",12,496426.431880941,"kt"
1999,"CO2","TRA",1,375972.702439806,"kt"
1999,"CO2","TRA",2,339588.247364987,"kt"
1999,"CO2","TRA",3,375972.702439806,"kt"
1999,"CO2","TRA",4,363844.5507482,"kt"
1999,"CO2","TRA",5,375972.702439806,"kt"
1999,"CO2","TRA",6,363844.5507482,"kt"
1999,"CO2","TRA",7,375972.702439806,"kt"
1999,"CO2","TRA",8,375972.702439806,"kt"
1999,"CO2","TRA",9,363844.5507482,"kt"
1999,"CO2","TRA",10,375972.702439806,"kt"
1999,"CO2","TRA",11,363844.5507482,"kt"
1999,"CO2","TRA",12,375972.702439806,"kt"
1999,"CO2","SLV",1,3584.61133299288,"kt"
1999,"CO2","SLV",2,3237.71346205808,"kt"
1999,"CO2","SLV",3,3584.61133299288,"kt"
1999,"CO2","SLV",4,3468.97870934794,"kt"
1999,"CO2","SLV",5,3584.61133299288,"kt"
1999,"CO2","SLV",6,3468.97870934794,"kt"
1999,"CO2","SLV",7,3584.61133299288,"kt"
1999,"CO2","SLV",8,3584.61133299288,"kt"
1999,"CO2","SLV",9,3468.97870934794,"kt"
1999,"CO2","SLV",10,3584.61133299288,"kt"
1999,"CO2","SLV",11,3468.97870934794,"kt"
1999,"CO2","SLV",12,3584.61133299288,"kt"
1999,"CO2","WST",1,5915.53701909437,"kt"
1999,"CO2","WST",2,5343.06569466588,"kt"
1999,"CO2","WST",3,5915.53701909437,"kt"
1999,"CO2","WST",4,5724.71324428487,"kt"
1999,"CO2","WST",5,5915.53701909437,"kt"
1999,"CO2","WST",6,5724.71324428487,"kt"
1999,"CO2","WST",7,5915.53701909437,"kt"
1999,"CO2","WST",8,5915.53701909437,"kt"
1999,"CO2","WST",9,5724.71324428487,"kt"
1999,"CO2","WST",10,5915.53701909437,"kt"
1999,"CO2","WST",11,5724.71324428487,"kt"
1999,"CO2","WST",12,5915.53701909437,"kt"
1999,"CO2","SHP",1,59181.4310845292,"kt"
1999,"CO2","SHP",2,50787.5083216587,"kt"
1999,"CO2","SHP",3,62072.9696954682,"kt"
1999,"CO2","SHP",4,59592.5948707295,"kt"
1999,"CO2","SHP",5,62658.4162041081,"kt"
1999,"CO2","SHP",6,58276.9231265421,"kt"
1999,"CO2","SHP",7,64439.5632527188,"kt"
1999,"CO2","SHP",8,65326.3688510227,"kt"
1999,"CO2","SHP",9,62194.8826751515,"kt"
1999,"CO2","SHP",10,66858.7357207442,"kt"
1999,"CO2","SHP",11,65094.028705056,"kt"
1999,"CO2","SHP",12,65762.9127455364,"kt"
1999,"CO2","RCO",1,425126.011459448,"kt"
1999,"CO2","RCO",2,328326.684929667,"kt"
1999,"CO2","RCO",3,298216.77258854,"kt"
1999,"CO2","RCO",4,192724.461581451,"kt"
1999,"CO2","RCO",5,165476.485664182,"kt"
1999,"CO2","RCO",6,155342.933123695,"kt"
1999,"CO2","RCO",7,164191.133210985,"kt"
1999,"CO2","RCO",8,163530.900184498,"kt"
1999,"CO2","RCO",9,155619.807917977,"kt"
1999,"CO2","RCO",10,187617.337121816,"kt"
1999,"CO2","RCO",11,259862.077593058,"kt"
1999,"CO2","RCO",12,399518.84714155,"kt"
