"year","em","sector","month","global_total","units"
1851,"CO2","AGR",1,0,"kt"
1851,"CO2","AGR",2,0,"kt"
1851,"CO2","AGR",3,0,"kt"
1851,"CO2","AGR",4,0,"kt"
1851,"CO2","AGR",5,0,"kt"
1851,"CO2","AGR",6,0,"kt"
1851,"CO2","AGR",7,0,"kt"
1851,"CO2","AGR",8,0,"kt"
1851,"CO2","AGR",9,0,"kt"
1851,"CO2","AGR",10,0,"kt"
1851,"CO2","AGR",11,0,"kt"
1851,"CO2","AGR",12,0,"kt"
1851,"CO2","ENE",1,2182.11727414403,"kt"
1851,"CO2","ENE",2,1842.54747227782,"kt"
1851,"CO2","ENE",3,1822.21770171582,"kt"
1851,"CO2","ENE",4,1606.30190822058,"kt"
1851,"CO2","ENE",5,1355.4493441723,"kt"
1851,"CO2","ENE",6,1219.9885043717,"kt"
1851,"CO2","ENE",7,1256.53732646202,"kt"
1851,"CO2","ENE",8,1182.39229775148,"kt"
1851,"CO2","ENE",9,1236.56683225191,"kt"
1851,"CO2","ENE",10,1432.65506652281,"kt"
1851,"CO2","ENE",11,1568.33535727344,"kt"
1851,"CO2","ENE",12,1984.61661019381,"kt"
1851,"CO2","IND",1,9678.53232681791,"kt"
1851,"CO2","IND",2,8741.9882410614,"kt"
1851,"CO2","IND",3,8711.65138751247,"kt"
1851,"CO2","IND",4,8430.81910694767,"kt"
1851,"CO2","IND",5,7261.57375730447,"kt"
1851,"CO2","IND",6,6559.62537571146,"kt"
1851,"CO2","IND",7,6294.7903294991,"kt"
1851,"CO2","IND",8,6778.27955490185,"kt"
1851,"CO2","IND",9,6559.43664377586,"kt"
1851,"CO2","IND",10,7745.06298270722,"kt"
1851,"CO2","IND",11,8430.72474097987,"kt"
1851,"CO2","IND",12,9678.62983831797,"kt"
1851,"CO2","TRA",1,208.272987968856,"kt"
1851,"CO2","TRA",2,188.117537520257,"kt"
1851,"CO2","TRA",3,208.272987968856,"kt"
1851,"CO2","TRA",4,201.55450448599,"kt"
1851,"CO2","TRA",5,208.272987968856,"kt"
1851,"CO2","TRA",6,201.55450448599,"kt"
1851,"CO2","TRA",7,208.272987968856,"kt"
1851,"CO2","TRA",8,208.272987968856,"kt"
1851,"CO2","TRA",9,201.55450448599,"kt"
1851,"CO2","TRA",10,208.272987968856,"kt"
1851,"CO2","TRA",11,201.55450448599,"kt"
1851,"CO2","TRA",12,208.272987968856,"kt"
1851,"CO2","SLV",1,0,"kt"
1851,"CO2","SLV",2,0,"kt"
1851,"CO2","SLV",3,0,"kt"
1851,"CO2","SLV",4,0,"kt"
1851,"CO2","SLV",5,0,"kt"
1851,"CO2","SLV",6,0,"kt"
1851,"CO2","SLV",7,0,"kt"
1851,"CO2","SLV",8,0,"kt"
1851,"CO2","SLV",9,0,"kt"
1851,"CO2","SLV",10,0,"kt"
1851,"CO2","SLV",11,0,"kt"
1851,"CO2","SLV",12,0,"kt"
1851,"CO2","WST",1,0,"kt"
1851,"CO2","WST",2,0,"kt"
1851,"CO2","WST",3,0,"kt"
1851,"CO2","WST",4,0,"kt"
1851,"CO2","WST",5,0,"kt"
1851,"CO2","WST",6,0,"kt"
1851,"CO2","WST",7,0,"kt"
1851,"CO2","WST",8,0,"kt"
1851,"CO2","WST",9,0,"kt"
1851,"CO2","WST",10,0,"kt"
1851,"CO2","WST",11,0,"kt"
1851,"CO2","WST",12,0,"kt"
1851,"CO2","SHP",1,0,"kt"
1851,"CO2","SHP",2,0,"kt"
1851,"CO2","SHP",3,0,"kt"
1851,"CO2","SHP",4,0,"kt"
1851,"CO2","SHP",5,0,"kt"
1851,"CO2","SHP",6,0,"kt"
1851,"CO2","SHP",7,0,"kt"
1851,"CO2","SHP",8,0,"kt"
1851,"CO2","SHP",9,0,"kt"
1851,"CO2","SHP",10,0,"kt"
1851,"CO2","SHP",11,0,"kt"
1851,"CO2","SHP",12,0,"kt"
1851,"CO2","RCO",1,11118.0947599078,"kt"
1851,"CO2","RCO",2,9113.37705394148,"kt"
1851,"CO2","RCO",3,7927.19226879316,"kt"
1851,"CO2","RCO",4,5941.10280195313,"kt"
1851,"CO2","RCO",5,3628.62891210695,"kt"
1851,"CO2","RCO",6,3214.50268030603,"kt"
1851,"CO2","RCO",7,3430.57293470788,"kt"
1851,"CO2","RCO",8,3430.76666364963,"kt"
1851,"CO2","RCO",9,3218.03146520645,"kt"
1851,"CO2","RCO",10,4393.94257543682,"kt"
1851,"CO2","RCO",11,6641.78837610849,"kt"
1851,"CO2","RCO",12,10876.223179899,"kt"
1852,"CO2","AGR",1,0,"kt"
1852,"CO2","AGR",2,0,"kt"
1852,"CO2","AGR",3,0,"kt"
1852,"CO2","AGR",4,0,"kt"
1852,"CO2","AGR",5,0,"kt"
1852,"CO2","AGR",6,0,"kt"
1852,"CO2","AGR",7,0,"kt"
1852,"CO2","AGR",8,0,"kt"
1852,"CO2","AGR",9,0,"kt"
1852,"CO2","AGR",10,0,"kt"
1852,"CO2","AGR",11,0,"kt"
1852,"CO2","AGR",12,0,"kt"
1852,"CO2","ENE",1,2376.62136149352,"kt"
1852,"CO2","ENE",2,2007.60466950032,"kt"
1852,"CO2","ENE",3,1976.19307185681,"kt"
1852,"CO2","ENE",4,1743.72510540558,"kt"
1852,"CO2","ENE",5,1478.50096757722,"kt"
1852,"CO2","ENE",6,1327.07760010002,"kt"
1852,"CO2","ENE",7,1367.48150195701,"kt"
1852,"CO2","ENE",8,1293.05955102984,"kt"
1852,"CO2","ENE",9,1348.57192971725,"kt"
1852,"CO2","ENE",10,1560.97218515428,"kt"
1852,"CO2","ENE",11,1710.98292026942,"kt"
1852,"CO2","ENE",12,2159.78556801306,"kt"
1852,"CO2","IND",1,10131.6791436019,"kt"
1852,"CO2","IND",2,9151.3251940671,"kt"
1852,"CO2","IND",3,9119.6641732174,"kt"
1852,"CO2","IND",4,8825.7624484058,"kt"
1852,"CO2","IND",5,7602.00466364306,"kt"
1852,"CO2","IND",6,6867.30478650218,"kt"
1852,"CO2","IND",7,6590.13487165952,"kt"
1852,"CO2","IND",8,7096.21494605225,"kt"
1852,"CO2","IND",9,6867.02379604871,"kt"
1852,"CO2","IND",10,8108.08473803579,"kt"
1852,"CO2","IND",11,8825.62195317906,"kt"
1852,"CO2","IND",12,10131.8243220029,"kt"
1852,"CO2","TRA",1,225.177191488244,"kt"
1852,"CO2","TRA",2,203.385850376478,"kt"
1852,"CO2","TRA",3,225.177191488244,"kt"
1852,"CO2","TRA",4,217.913411117655,"kt"
1852,"CO2","TRA",5,225.177191488244,"kt"
1852,"CO2","TRA",6,217.913411117655,"kt"
1852,"CO2","TRA",7,225.177191488244,"kt"
1852,"CO2","TRA",8,225.177191488244,"kt"
1852,"CO2","TRA",9,217.913411117655,"kt"
1852,"CO2","TRA",10,225.177191488244,"kt"
1852,"CO2","TRA",11,217.913411117655,"kt"
1852,"CO2","TRA",12,225.177191488244,"kt"
1852,"CO2","SLV",1,0,"kt"
1852,"CO2","SLV",2,0,"kt"
1852,"CO2","SLV",3,0,"kt"
1852,"CO2","SLV",4,0,"kt"
1852,"CO2","SLV",5,0,"kt"
1852,"CO2","SLV",6,0,"kt"
1852,"CO2","SLV",7,0,"kt"
1852,"CO2","SLV",8,0,"kt"
1852,"CO2","SLV",9,0,"kt"
1852,"CO2","SLV",10,0,"kt"
1852,"CO2","SLV",11,0,"kt"
1852,"CO2","SLV",12,0,"kt"
1852,"CO2","WST",1,0,"kt"
1852,"CO2","WST",2,0,"kt"
1852,"CO2","WST",3,0,"kt"
1852,"CO2","WST",4,0,"kt"
1852,"CO2","WST",5,0,"kt"
1852,"CO2","WST",6,0,"kt"
1852,"CO2","WST",7,0,"kt"
1852,"CO2","WST",8,0,"kt"
1852,"CO2","WST",9,0,"kt"
1852,"CO2","WST",10,0,"kt"
1852,"CO2","WST",11,0,"kt"
1852,"CO2","WST",12,0,"kt"
1852,"CO2","SHP",1,0,"kt"
1852,"CO2","SHP",2,0,"kt"
1852,"CO2","SHP",3,0,"kt"
1852,"CO2","SHP",4,0,"kt"
1852,"CO2","SHP",5,0,"kt"
1852,"CO2","SHP",6,0,"kt"
1852,"CO2","SHP",7,0,"kt"
1852,"CO2","SHP",8,0,"kt"
1852,"CO2","SHP",9,0,"kt"
1852,"CO2","SHP",10,0,"kt"
1852,"CO2","SHP",11,0,"kt"
1852,"CO2","SHP",12,0,"kt"
1852,"CO2","RCO",1,11352.4071344496,"kt"
1852,"CO2","RCO",2,9282.07062687788,"kt"
1852,"CO2","RCO",3,8070.41378987762,"kt"
1852,"CO2","RCO",4,6010.13693928937,"kt"
1852,"CO2","RCO",5,3686.05743228839,"kt"
1852,"CO2","RCO",6,3269.27586760428,"kt"
1852,"CO2","RCO",7,3488.97010822728,"kt"
1852,"CO2","RCO",8,3489.1868930218,"kt"
1852,"CO2","RCO",9,3273.14949374391,"kt"
1852,"CO2","RCO",10,4460.14673837558,"kt"
1852,"CO2","RCO",11,6768.6358121901,"kt"
1852,"CO2","RCO",12,11100.6687429633,"kt"
1853,"CO2","AGR",1,0,"kt"
1853,"CO2","AGR",2,0,"kt"
1853,"CO2","AGR",3,0,"kt"
1853,"CO2","AGR",4,0,"kt"
1853,"CO2","AGR",5,0,"kt"
1853,"CO2","AGR",6,0,"kt"
1853,"CO2","AGR",7,0,"kt"
1853,"CO2","AGR",8,0,"kt"
1853,"CO2","AGR",9,0,"kt"
1853,"CO2","AGR",10,0,"kt"
1853,"CO2","AGR",11,0,"kt"
1853,"CO2","AGR",12,0,"kt"
1853,"CO2","ENE",1,2631.16304110167,"kt"
1853,"CO2","ENE",2,2220.35854024221,"kt"
1853,"CO2","ENE",3,2161.71369487136,"kt"
1853,"CO2","ENE",4,1907.49528064611,"kt"
1853,"CO2","ENE",5,1622.04553888862,"kt"
1853,"CO2","ENE",6,1440.77051516721,"kt"
1853,"CO2","ENE",7,1485.8970161112,"kt"
1853,"CO2","ENE",8,1412.31859596392,"kt"
1853,"CO2","ENE",9,1466.69735233208,"kt"
1853,"CO2","ENE",10,1702.02096938269,"kt"
1853,"CO2","ENE",11,1883.15104397687,"kt"
1853,"CO2","ENE",12,2385.35182395234,"kt"
1853,"CO2","IND",1,10557.8834289806,"kt"
1853,"CO2","IND",2,9536.31920821953,"kt"
1853,"CO2","IND",3,9503.4347872169,"kt"
1853,"CO2","IND",4,9197.22901827546,"kt"
1853,"CO2","IND",5,7922.22248915602,"kt"
1853,"CO2","IND",6,7156.7173229274,"kt"
1853,"CO2","IND",7,6867.95811322619,"kt"
1853,"CO2","IND",8,7395.27456702498,"kt"
1853,"CO2","IND",9,7156.36067937797,"kt"
1853,"CO2","IND",10,8449.53894295481,"kt"
1853,"CO2","IND",11,9197.05069650075,"kt"
1853,"CO2","IND",12,10558.0676948145,"kt"
1853,"CO2","TRA",1,249.734975147947,"kt"
1853,"CO2","TRA",2,225.567074327178,"kt"
1853,"CO2","TRA",3,249.734975147947,"kt"
1853,"CO2","TRA",4,241.679008207691,"kt"
1853,"CO2","TRA",5,249.734975147947,"kt"
1853,"CO2","TRA",6,241.679008207691,"kt"
1853,"CO2","TRA",7,249.734975147947,"kt"
1853,"CO2","TRA",8,249.734975147947,"kt"
1853,"CO2","TRA",9,241.679008207691,"kt"
1853,"CO2","TRA",10,249.734975147947,"kt"
1853,"CO2","TRA",11,241.679008207691,"kt"
1853,"CO2","TRA",12,249.734975147947,"kt"
1853,"CO2","SLV",1,0,"kt"
1853,"CO2","SLV",2,0,"kt"
1853,"CO2","SLV",3,0,"kt"
1853,"CO2","SLV",4,0,"kt"
1853,"CO2","SLV",5,0,"kt"
1853,"CO2","SLV",6,0,"kt"
1853,"CO2","SLV",7,0,"kt"
1853,"CO2","SLV",8,0,"kt"
1853,"CO2","SLV",9,0,"kt"
1853,"CO2","SLV",10,0,"kt"
1853,"CO2","SLV",11,0,"kt"
1853,"CO2","SLV",12,0,"kt"
1853,"CO2","WST",1,0,"kt"
1853,"CO2","WST",2,0,"kt"
1853,"CO2","WST",3,0,"kt"
1853,"CO2","WST",4,0,"kt"
1853,"CO2","WST",5,0,"kt"
1853,"CO2","WST",6,0,"kt"
1853,"CO2","WST",7,0,"kt"
1853,"CO2","WST",8,0,"kt"
1853,"CO2","WST",9,0,"kt"
1853,"CO2","WST",10,0,"kt"
1853,"CO2","WST",11,0,"kt"
1853,"CO2","WST",12,0,"kt"
1853,"CO2","SHP",1,0,"kt"
1853,"CO2","SHP",2,0,"kt"
1853,"CO2","SHP",3,0,"kt"
1853,"CO2","SHP",4,0,"kt"
1853,"CO2","SHP",5,0,"kt"
1853,"CO2","SHP",6,0,"kt"
1853,"CO2","SHP",7,0,"kt"
1853,"CO2","SHP",8,0,"kt"
1853,"CO2","SHP",9,0,"kt"
1853,"CO2","SHP",10,0,"kt"
1853,"CO2","SHP",11,0,"kt"
1853,"CO2","SHP",12,0,"kt"
1853,"CO2","RCO",1,11701.1898645412,"kt"
1853,"CO2","RCO",2,9535.78237794226,"kt"
1853,"CO2","RCO",3,8282.32926994066,"kt"
1853,"CO2","RCO",4,6119.98741870726,"kt"
1853,"CO2","RCO",5,3781.74853803569,"kt"
1853,"CO2","RCO",6,3360.03011547255,"kt"
1853,"CO2","RCO",7,3585.74897480503,"kt"
1853,"CO2","RCO",8,3585.99336302739,"kt"
1853,"CO2","RCO",9,3364.26091999653,"kt"
1853,"CO2","RCO",10,4564.42649104967,"kt"
1853,"CO2","RCO",11,6959.36095080777,"kt"
1853,"CO2","RCO",12,11436.0516019037,"kt"
1854,"CO2","AGR",1,0,"kt"
1854,"CO2","AGR",2,0,"kt"
1854,"CO2","AGR",3,0,"kt"
1854,"CO2","AGR",4,0,"kt"
1854,"CO2","AGR",5,0,"kt"
1854,"CO2","AGR",6,0,"kt"
1854,"CO2","AGR",7,0,"kt"
1854,"CO2","AGR",8,0,"kt"
1854,"CO2","AGR",9,0,"kt"
1854,"CO2","AGR",10,0,"kt"
1854,"CO2","AGR",11,0,"kt"
1854,"CO2","AGR",12,0,"kt"
1854,"CO2","ENE",1,3124.1222356632,"kt"
1854,"CO2","ENE",2,2637.37880005039,"kt"
1854,"CO2","ENE",3,2582.65412244491,"kt"
1854,"CO2","ENE",4,2278.50812537507,"kt"
1854,"CO2","ENE",5,1933.25520675531,"kt"
1854,"CO2","ENE",6,1726.14996753782,"kt"
1854,"CO2","ENE",7,1778.98142943192,"kt"
1854,"CO2","ENE",8,1684.01585176168,"kt"
1854,"CO2","ENE",9,1752.30501712363,"kt"
1854,"CO2","ENE",10,2032.33622760976,"kt"
1854,"CO2","ENE",11,2240.78718019699,"kt"
1854,"CO2","ENE",12,2836.30045249495,"kt"
1854,"CO2","IND",1,12386.9985540882,"kt"
1854,"CO2","IND",2,11188.4508850971,"kt"
1854,"CO2","IND",3,11149.7967551441,"kt"
1854,"CO2","IND",4,10790.5418775731,"kt"
1854,"CO2","IND",5,9294.53137132978,"kt"
1854,"CO2","IND",6,8396.3737360827,"kt"
1854,"CO2","IND",7,8057.54449822641,"kt"
1854,"CO2","IND",8,8676.25286061879,"kt"
1854,"CO2","IND",9,8395.95775058458,"kt"
1854,"CO2","IND",10,9913.23973372216,"kt"
1854,"CO2","IND",11,10790.333884824,"kt"
1854,"CO2","IND",12,12387.2134799289,"kt"
1854,"CO2","TRA",1,293.325265844267,"kt"
1854,"CO2","TRA",2,264.938949794822,"kt"
1854,"CO2","TRA",3,293.325265844267,"kt"
1854,"CO2","TRA",4,283.863160494452,"kt"
1854,"CO2","TRA",5,293.325265844267,"kt"
1854,"CO2","TRA",6,283.863160494452,"kt"
1854,"CO2","TRA",7,293.325265844267,"kt"
1854,"CO2","TRA",8,293.325265844267,"kt"
1854,"CO2","TRA",9,283.863160494452,"kt"
1854,"CO2","TRA",10,293.325265844267,"kt"
1854,"CO2","TRA",11,283.863160494452,"kt"
1854,"CO2","TRA",12,293.325265844267,"kt"
1854,"CO2","SLV",1,0,"kt"
1854,"CO2","SLV",2,0,"kt"
1854,"CO2","SLV",3,0,"kt"
1854,"CO2","SLV",4,0,"kt"
1854,"CO2","SLV",5,0,"kt"
1854,"CO2","SLV",6,0,"kt"
1854,"CO2","SLV",7,0,"kt"
1854,"CO2","SLV",8,0,"kt"
1854,"CO2","SLV",9,0,"kt"
1854,"CO2","SLV",10,0,"kt"
1854,"CO2","SLV",11,0,"kt"
1854,"CO2","SLV",12,0,"kt"
1854,"CO2","WST",1,0,"kt"
1854,"CO2","WST",2,0,"kt"
1854,"CO2","WST",3,0,"kt"
1854,"CO2","WST",4,0,"kt"
1854,"CO2","WST",5,0,"kt"
1854,"CO2","WST",6,0,"kt"
1854,"CO2","WST",7,0,"kt"
1854,"CO2","WST",8,0,"kt"
1854,"CO2","WST",9,0,"kt"
1854,"CO2","WST",10,0,"kt"
1854,"CO2","WST",11,0,"kt"
1854,"CO2","WST",12,0,"kt"
1854,"CO2","SHP",1,0,"kt"
1854,"CO2","SHP",2,0,"kt"
1854,"CO2","SHP",3,0,"kt"
1854,"CO2","SHP",4,0,"kt"
1854,"CO2","SHP",5,0,"kt"
1854,"CO2","SHP",6,0,"kt"
1854,"CO2","SHP",7,0,"kt"
1854,"CO2","SHP",8,0,"kt"
1854,"CO2","SHP",9,0,"kt"
1854,"CO2","SHP",10,0,"kt"
1854,"CO2","SHP",11,0,"kt"
1854,"CO2","SHP",12,0,"kt"
1854,"CO2","RCO",1,13777.0949126166,"kt"
1854,"CO2","RCO",2,11245.0497978516,"kt"
1854,"CO2","RCO",3,9771.78646312683,"kt"
1854,"CO2","RCO",4,7254.03307411152,"kt"
1854,"CO2","RCO",5,4464.90214853048,"kt"
1854,"CO2","RCO",6,3965.09599787771,"kt"
1854,"CO2","RCO",7,4231.48675626988,"kt"
1854,"CO2","RCO",8,4231.75458206851,"kt"
1854,"CO2","RCO",9,3969.76444368689,"kt"
1854,"CO2","RCO",10,5395.37789047,"kt"
1854,"CO2","RCO",11,8208.73744995392,"kt"
1854,"CO2","RCO",12,13468.305410756,"kt"
1855,"CO2","AGR",1,0,"kt"
1855,"CO2","AGR",2,0,"kt"
1855,"CO2","AGR",3,0,"kt"
1855,"CO2","AGR",4,0,"kt"
1855,"CO2","AGR",5,0,"kt"
1855,"CO2","AGR",6,0,"kt"
1855,"CO2","AGR",7,0,"kt"
1855,"CO2","AGR",8,0,"kt"
1855,"CO2","AGR",9,0,"kt"
1855,"CO2","AGR",10,0,"kt"
1855,"CO2","AGR",11,0,"kt"
1855,"CO2","AGR",12,0,"kt"
1855,"CO2","ENE",1,3434.05148707688,"kt"
1855,"CO2","ENE",2,2897.94934323323,"kt"
1855,"CO2","ENE",3,2800.17243731542,"kt"
1855,"CO2","ENE",4,2473.5932117566,"kt"
1855,"CO2","ENE",5,2115.47099868841,"kt"
1855,"CO2","ENE",6,1869.49545670123,"kt"
1855,"CO2","ENE",7,1929.72109408079,"kt"
1855,"CO2","ENE",8,1844.26287892874,"kt"
1855,"CO2","ENE",9,1905.74532625072,"kt"
1855,"CO2","ENE",10,2210.67544079519,"kt"
1855,"CO2","ENE",11,2456.76507396823,"kt"
1855,"CO2","ENE",12,3108.6239691743,"kt"
1855,"CO2","IND",1,12464.6729334191,"kt"
1855,"CO2","IND",2,11258.6286073782,"kt"
1855,"CO2","IND",3,11219.8854238627,"kt"
1855,"CO2","IND",4,10858.4129465714,"kt"
1855,"CO2","IND",5,9353.29743568778,"kt"
1855,"CO2","IND",6,8449.60610961811,"kt"
1855,"CO2","IND",7,8108.74723659526,"kt"
1855,"CO2","IND",8,8731.25964660538,"kt"
1855,"CO2","IND",9,8449.1467990429,"kt"
1855,"CO2","IND",10,9975.8098456979,"kt"
1855,"CO2","IND",11,10858.1832912838,"kt"
1855,"CO2","IND",12,12464.910243883,"kt"
1855,"CO2","TRA",1,316.555469012255,"kt"
1855,"CO2","TRA",2,285.921068785262,"kt"
1855,"CO2","TRA",3,316.555469012255,"kt"
1855,"CO2","TRA",4,306.344002269924,"kt"
1855,"CO2","TRA",5,316.555469012255,"kt"
1855,"CO2","TRA",6,306.344002269924,"kt"
1855,"CO2","TRA",7,316.555469012255,"kt"
1855,"CO2","TRA",8,316.555469012255,"kt"
1855,"CO2","TRA",9,306.344002269924,"kt"
1855,"CO2","TRA",10,316.555469012255,"kt"
1855,"CO2","TRA",11,306.344002269924,"kt"
1855,"CO2","TRA",12,316.555469012255,"kt"
1855,"CO2","SLV",1,0.0209992092005939,"kt"
1855,"CO2","SLV",2,0.0189670276650526,"kt"
1855,"CO2","SLV",3,0.0209992092005939,"kt"
1855,"CO2","SLV",4,0.0203218153554134,"kt"
1855,"CO2","SLV",5,0.0209992092005939,"kt"
1855,"CO2","SLV",6,0.0203218153554134,"kt"
1855,"CO2","SLV",7,0.0209992092005939,"kt"
1855,"CO2","SLV",8,0.0209992092005939,"kt"
1855,"CO2","SLV",9,0.0203218153554134,"kt"
1855,"CO2","SLV",10,0.0209992092005939,"kt"
1855,"CO2","SLV",11,0.0203218153554134,"kt"
1855,"CO2","SLV",12,0.0209992092005939,"kt"
1855,"CO2","WST",1,0,"kt"
1855,"CO2","WST",2,0,"kt"
1855,"CO2","WST",3,0,"kt"
1855,"CO2","WST",4,0,"kt"
1855,"CO2","WST",5,0,"kt"
1855,"CO2","WST",6,0,"kt"
1855,"CO2","WST",7,0,"kt"
1855,"CO2","WST",8,0,"kt"
1855,"CO2","WST",9,0,"kt"
1855,"CO2","WST",10,0,"kt"
1855,"CO2","WST",11,0,"kt"
1855,"CO2","WST",12,0,"kt"
1855,"CO2","SHP",1,0,"kt"
1855,"CO2","SHP",2,0,"kt"
1855,"CO2","SHP",3,0,"kt"
1855,"CO2","SHP",4,0,"kt"
1855,"CO2","SHP",5,0,"kt"
1855,"CO2","SHP",6,0,"kt"
1855,"CO2","SHP",7,0,"kt"
1855,"CO2","SHP",8,0,"kt"
1855,"CO2","SHP",9,0,"kt"
1855,"CO2","SHP",10,0,"kt"
1855,"CO2","SHP",11,0,"kt"
1855,"CO2","SHP",12,0,"kt"
1855,"CO2","RCO",1,13695.6540471586,"kt"
1855,"CO2","RCO",2,11123.4772322504,"kt"
1855,"CO2","RCO",3,9656.3648878847,"kt"
1855,"CO2","RCO",4,7068.94186693572,"kt"
1855,"CO2","RCO",5,4397.06735259282,"kt"
1855,"CO2","RCO",6,3914.77043280946,"kt"
1855,"CO2","RCO",7,4177.62717605169,"kt"
1855,"CO2","RCO",8,4177.93398324726,"kt"
1855,"CO2","RCO",9,3919.9747660066,"kt"
1855,"CO2","RCO",10,5300.68352662192,"kt"
1855,"CO2","RCO",11,8130.5167745391,"kt"
1855,"CO2","RCO",12,13378.188526348,"kt"
1856,"CO2","AGR",1,0,"kt"
1856,"CO2","AGR",2,0,"kt"
1856,"CO2","AGR",3,0,"kt"
1856,"CO2","AGR",4,0,"kt"
1856,"CO2","AGR",5,0,"kt"
1856,"CO2","AGR",6,0,"kt"
1856,"CO2","AGR",7,0,"kt"
1856,"CO2","AGR",8,0,"kt"
1856,"CO2","AGR",9,0,"kt"
1856,"CO2","AGR",10,0,"kt"
1856,"CO2","AGR",11,0,"kt"
1856,"CO2","AGR",12,0,"kt"
1856,"CO2","ENE",1,3712.3332787761,"kt"
1856,"CO2","ENE",2,3133.57475017643,"kt"
1856,"CO2","ENE",3,3039.4216493301,"kt"
1856,"CO2","ENE",4,2684.42049300454,"kt"
1856,"CO2","ENE",5,2295.7067398872,"kt"
1856,"CO2","ENE",6,2037.95080593465,"kt"
1856,"CO2","ENE",7,2104.30421536565,"kt"
1856,"CO2","ENE",8,2008.760499913,"kt"
1856,"CO2","ENE",9,2076.58299202401,"kt"
1856,"CO2","ENE",10,2403.43886500552,"kt"
1856,"CO2","ENE",11,2660.73339994626,"kt"
1856,"CO2","ENE",12,3363.34135371851,"kt"
1856,"CO2","IND",1,13431.0969098602,"kt"
1856,"CO2","IND",2,12131.583744665,"kt"
1856,"CO2","IND",3,12089.8292135115,"kt"
1856,"CO2","IND",4,11700.4141657388,"kt"
1856,"CO2","IND",5,10078.6761161782,"kt"
1856,"CO2","IND",6,9104.99161579141,"kt"
1856,"CO2","IND",7,8737.70779870542,"kt"
1856,"CO2","IND",8,9408.49133631779,"kt"
1856,"CO2","IND",9,9104.41217280566,"kt"
1856,"CO2","IND",10,10749.4596537906,"kt"
1856,"CO2","IND",11,11700.1244442459,"kt"
1856,"CO2","IND",12,13431.3962887362,"kt"
1856,"CO2","TRA",1,382.662056802387,"kt"
1856,"CO2","TRA",2,345.630244853769,"kt"
1856,"CO2","TRA",3,382.662056802387,"kt"
1856,"CO2","TRA",4,370.318119486181,"kt"
1856,"CO2","TRA",5,382.662056802387,"kt"
1856,"CO2","TRA",6,370.318119486181,"kt"
1856,"CO2","TRA",7,382.662056802387,"kt"
1856,"CO2","TRA",8,382.662056802387,"kt"
1856,"CO2","TRA",9,370.318119486181,"kt"
1856,"CO2","TRA",10,382.662056802387,"kt"
1856,"CO2","TRA",11,370.318119486181,"kt"
1856,"CO2","TRA",12,382.662056802387,"kt"
1856,"CO2","SLV",1,0.0230991301206533,"kt"
1856,"CO2","SLV",2,0.0208637304315578,"kt"
1856,"CO2","SLV",3,0.0230991301206533,"kt"
1856,"CO2","SLV",4,0.0223539968909548,"kt"
1856,"CO2","SLV",5,0.0230991301206533,"kt"
1856,"CO2","SLV",6,0.0223539968909548,"kt"
1856,"CO2","SLV",7,0.0230991301206533,"kt"
1856,"CO2","SLV",8,0.0230991301206533,"kt"
1856,"CO2","SLV",9,0.0223539968909548,"kt"
1856,"CO2","SLV",10,0.0230991301206533,"kt"
1856,"CO2","SLV",11,0.0223539968909548,"kt"
1856,"CO2","SLV",12,0.0230991301206533,"kt"
1856,"CO2","WST",1,0,"kt"
1856,"CO2","WST",2,0,"kt"
1856,"CO2","WST",3,0,"kt"
1856,"CO2","WST",4,0,"kt"
1856,"CO2","WST",5,0,"kt"
1856,"CO2","WST",6,0,"kt"
1856,"CO2","WST",7,0,"kt"
1856,"CO2","WST",8,0,"kt"
1856,"CO2","WST",9,0,"kt"
1856,"CO2","WST",10,0,"kt"
1856,"CO2","WST",11,0,"kt"
1856,"CO2","WST",12,0,"kt"
1856,"CO2","SHP",1,0,"kt"
1856,"CO2","SHP",2,0,"kt"
1856,"CO2","SHP",3,0,"kt"
1856,"CO2","SHP",4,0,"kt"
1856,"CO2","SHP",5,0,"kt"
1856,"CO2","SHP",6,0,"kt"
1856,"CO2","SHP",7,0,"kt"
1856,"CO2","SHP",8,0,"kt"
1856,"CO2","SHP",9,0,"kt"
1856,"CO2","SHP",10,0,"kt"
1856,"CO2","SHP",11,0,"kt"
1856,"CO2","SHP",12,0,"kt"
1856,"CO2","RCO",1,14381.8058558922,"kt"
1856,"CO2","RCO",2,11665.4025096582,"kt"
1856,"CO2","RCO",3,10129.4955755766,"kt"
1856,"CO2","RCO",4,7371.32937351754,"kt"
1856,"CO2","RCO",5,4597.96808380799,"kt"
1856,"CO2","RCO",6,4096.91865345917,"kt"
1856,"CO2","RCO",7,4371.85518138181,"kt"
1856,"CO2","RCO",8,4372.19954188184,"kt"
1856,"CO2","RCO",9,4102.58819375079,"kt"
1856,"CO2","RCO",10,5541.53142090252,"kt"
1856,"CO2","RCO",11,8519.72371741652,"kt"
1856,"CO2","RCO",12,14047.4940733993,"kt"
1857,"CO2","AGR",1,0,"kt"
1857,"CO2","AGR",2,0,"kt"
1857,"CO2","AGR",3,0,"kt"
1857,"CO2","AGR",4,0,"kt"
1857,"CO2","AGR",5,0,"kt"
1857,"CO2","AGR",6,0,"kt"
1857,"CO2","AGR",7,0,"kt"
1857,"CO2","AGR",8,0,"kt"
1857,"CO2","AGR",9,0,"kt"
1857,"CO2","AGR",10,0,"kt"
1857,"CO2","AGR",11,0,"kt"
1857,"CO2","AGR",12,0,"kt"
1857,"CO2","ENE",1,3873.62754668538,"kt"
1857,"CO2","ENE",2,3270.99632524931,"kt"
1857,"CO2","ENE",3,3168.40019817595,"kt"
1857,"CO2","ENE",4,2800.14046612321,"kt"
1857,"CO2","ENE",5,2401.36563984866,"kt"
1857,"CO2","ENE",6,2131.48267342957,"kt"
1857,"CO2","ENE",7,2201.4067791272,"kt"
1857,"CO2","ENE",8,2107.05067501208,"kt"
1857,"CO2","ENE",9,2175.98105481673,"kt"
1857,"CO2","ENE",10,2515.44091301567,"kt"
1857,"CO2","ENE",11,2782.01072538525,"kt"
1857,"CO2","ENE",12,3508.73810803419,"kt"
1857,"CO2","IND",1,13679.2643387828,"kt"
1857,"CO2","IND",2,12355.7975991113,"kt"
1857,"CO2","IND",3,12313.3388028501,"kt"
1857,"CO2","IND",4,11916.8479718732,"kt"
1857,"CO2","IND",5,10265.3722923912,"kt"
1857,"CO2","IND",6,9273.83477466676,"kt"
1857,"CO2","IND",7,8899.81547383459,"kt"
1857,"CO2","IND",8,9582.96260048898,"kt"
1857,"CO2","IND",9,9273.12112813243,"kt"
1857,"CO2","IND",10,10948.5194190456,"kt"
1857,"CO2","IND",11,11916.491148606,"kt"
1857,"CO2","IND",12,13679.6330561589,"kt"
1857,"CO2","TRA",1,434.333575300467,"kt"
1857,"CO2","TRA",2,392.301293819777,"kt"
1857,"CO2","TRA",3,434.333575300467,"kt"
1857,"CO2","TRA",4,420.322814806904,"kt"
1857,"CO2","TRA",5,434.333575300467,"kt"
1857,"CO2","TRA",6,420.322814806904,"kt"
1857,"CO2","TRA",7,434.333575300467,"kt"
1857,"CO2","TRA",8,434.333575300467,"kt"
1857,"CO2","TRA",9,420.322814806904,"kt"
1857,"CO2","TRA",10,434.333575300467,"kt"
1857,"CO2","TRA",11,420.322814806904,"kt"
1857,"CO2","TRA",12,434.333575300467,"kt"
1857,"CO2","SLV",1,0.0292064136119491,"kt"
1857,"CO2","SLV",2,0.0263799864882121,"kt"
1857,"CO2","SLV",3,0.0292064136119491,"kt"
1857,"CO2","SLV",4,0.0282642712373701,"kt"
1857,"CO2","SLV",5,0.0292064136119491,"kt"
1857,"CO2","SLV",6,0.0282642712373701,"kt"
1857,"CO2","SLV",7,0.0292064136119491,"kt"
1857,"CO2","SLV",8,0.0292064136119491,"kt"
1857,"CO2","SLV",9,0.0282642712373701,"kt"
1857,"CO2","SLV",10,0.0292064136119491,"kt"
1857,"CO2","SLV",11,0.0282642712373701,"kt"
1857,"CO2","SLV",12,0.0292064136119491,"kt"
1857,"CO2","WST",1,0,"kt"
1857,"CO2","WST",2,0,"kt"
1857,"CO2","WST",3,0,"kt"
1857,"CO2","WST",4,0,"kt"
1857,"CO2","WST",5,0,"kt"
1857,"CO2","WST",6,0,"kt"
1857,"CO2","WST",7,0,"kt"
1857,"CO2","WST",8,0,"kt"
1857,"CO2","WST",9,0,"kt"
1857,"CO2","WST",10,0,"kt"
1857,"CO2","WST",11,0,"kt"
1857,"CO2","WST",12,0,"kt"
1857,"CO2","SHP",1,0,"kt"
1857,"CO2","SHP",2,0,"kt"
1857,"CO2","SHP",3,0,"kt"
1857,"CO2","SHP",4,0,"kt"
1857,"CO2","SHP",5,0,"kt"
1857,"CO2","SHP",6,0,"kt"
1857,"CO2","SHP",7,0,"kt"
1857,"CO2","SHP",8,0,"kt"
1857,"CO2","SHP",9,0,"kt"
1857,"CO2","SHP",10,0,"kt"
1857,"CO2","SHP",11,0,"kt"
1857,"CO2","SHP",12,0,"kt"
1857,"CO2","RCO",1,14153.0405300339,"kt"
1857,"CO2","RCO",2,11441.1240132467,"kt"
1857,"CO2","RCO",3,9932.78102022413,"kt"
1857,"CO2","RCO",4,7144.02743434478,"kt"
1857,"CO2","RCO",5,4487.00975274882,"kt"
1857,"CO2","RCO",6,4004.79772299307,"kt"
1857,"CO2","RCO",7,4273.39073147512,"kt"
1857,"CO2","RCO",8,4273.76493236403,"kt"
1857,"CO2","RCO",9,4010.95499364912,"kt"
1857,"CO2","RCO",10,5403.19648089368,"kt"
1857,"CO2","RCO",11,8353.23276195915,"kt"
1857,"CO2","RCO",12,13818.2636989194,"kt"
1858,"CO2","AGR",1,0,"kt"
1858,"CO2","AGR",2,0,"kt"
1858,"CO2","AGR",3,0,"kt"
1858,"CO2","AGR",4,0,"kt"
1858,"CO2","AGR",5,0,"kt"
1858,"CO2","AGR",6,0,"kt"
1858,"CO2","AGR",7,0,"kt"
1858,"CO2","AGR",8,0,"kt"
1858,"CO2","AGR",9,0,"kt"
1858,"CO2","AGR",10,0,"kt"
1858,"CO2","AGR",11,0,"kt"
1858,"CO2","AGR",12,0,"kt"
1858,"CO2","ENE",1,4089.57769742487,"kt"
1858,"CO2","ENE",2,3457.16592470523,"kt"
1858,"CO2","ENE",3,3351.45252829225,"kt"
1858,"CO2","ENE",4,2967.00439416234,"kt"
1858,"CO2","ENE",5,2553.12043738477,"kt"
1858,"CO2","ENE",6,2267.5887527438,"kt"
1858,"CO2","ENE",7,2340.68870509558,"kt"
1858,"CO2","ENE",8,2250.59843031985,"kt"
1858,"CO2","ENE",9,2328.12001445716,"kt"
1858,"CO2","ENE",10,2687.8784182997,"kt"
1858,"CO2","ENE",11,2957.99099374955,"kt"
1858,"CO2","ENE",12,3706.40888092441,"kt"
1858,"CO2","IND",1,13982.9054044467,"kt"
1858,"CO2","IND",2,12630.123118415,"kt"
1858,"CO2","IND",3,12587.4520739961,"kt"
1858,"CO2","IND",4,12182.266892786,"kt"
1858,"CO2","IND",5,10495.3850556737,"kt"
1858,"CO2","IND",6,9482.25113889725,"kt"
1858,"CO2","IND",7,9100.37691616454,"kt"
1858,"CO2","IND",8,9798.3261768605,"kt"
1858,"CO2","IND",9,9481.38947901074,"kt"
1858,"CO2","IND",10,11193.3343163697,"kt"
1858,"CO2","IND",11,12181.8360628427,"kt"
1858,"CO2","IND",12,13983.350595388,"kt"
1858,"CO2","TRA",1,496.975058979684,"kt"
1858,"CO2","TRA",2,448.880698433263,"kt"
1858,"CO2","TRA",3,496.975058979684,"kt"
1858,"CO2","TRA",4,480.94360546421,"kt"
1858,"CO2","TRA",5,496.975058979684,"kt"
1858,"CO2","TRA",6,480.94360546421,"kt"
1858,"CO2","TRA",7,496.975058979684,"kt"
1858,"CO2","TRA",8,496.975058979684,"kt"
1858,"CO2","TRA",9,480.94360546421,"kt"
1858,"CO2","TRA",10,496.975058979684,"kt"
1858,"CO2","TRA",11,480.94360546421,"kt"
1858,"CO2","TRA",12,496.975058979684,"kt"
1858,"CO2","SLV",1,0.0351157417947128,"kt"
1858,"CO2","SLV",2,0.0317174442016761,"kt"
1858,"CO2","SLV",3,0.0351157417947128,"kt"
1858,"CO2","SLV",4,0.0339829759303672,"kt"
1858,"CO2","SLV",5,0.0351157417947128,"kt"
1858,"CO2","SLV",6,0.0339829759303672,"kt"
1858,"CO2","SLV",7,0.0351157417947128,"kt"
1858,"CO2","SLV",8,0.0351157417947128,"kt"
1858,"CO2","SLV",9,0.0339829759303672,"kt"
1858,"CO2","SLV",10,0.0351157417947128,"kt"
1858,"CO2","SLV",11,0.0339829759303672,"kt"
1858,"CO2","SLV",12,0.0351157417947128,"kt"
1858,"CO2","WST",1,0,"kt"
1858,"CO2","WST",2,0,"kt"
1858,"CO2","WST",3,0,"kt"
1858,"CO2","WST",4,0,"kt"
1858,"CO2","WST",5,0,"kt"
1858,"CO2","WST",6,0,"kt"
1858,"CO2","WST",7,0,"kt"
1858,"CO2","WST",8,0,"kt"
1858,"CO2","WST",9,0,"kt"
1858,"CO2","WST",10,0,"kt"
1858,"CO2","WST",11,0,"kt"
1858,"CO2","WST",12,0,"kt"
1858,"CO2","SHP",1,0,"kt"
1858,"CO2","SHP",2,0,"kt"
1858,"CO2","SHP",3,0,"kt"
1858,"CO2","SHP",4,0,"kt"
1858,"CO2","SHP",5,0,"kt"
1858,"CO2","SHP",6,0,"kt"
1858,"CO2","SHP",7,0,"kt"
1858,"CO2","SHP",8,0,"kt"
1858,"CO2","SHP",9,0,"kt"
1858,"CO2","SHP",10,0,"kt"
1858,"CO2","SHP",11,0,"kt"
1858,"CO2","SHP",12,0,"kt"
1858,"CO2","RCO",1,13978.5887000852,"kt"
1858,"CO2","RCO",2,11257.3704695457,"kt"
1858,"CO2","RCO",3,9775.212955826,"kt"
1858,"CO2","RCO",4,6936.96678181565,"kt"
1858,"CO2","RCO",5,4385.56631660415,"kt"
1858,"CO2","RCO",6,3920.16678414514,"kt"
1858,"CO2","RCO",7,4182.58369358391,"kt"
1858,"CO2","RCO",8,4183.06651761499,"kt"
1858,"CO2","RCO",9,3928.1368843709,"kt"
1858,"CO2","RCO",10,5283.68063037007,"kt"
1858,"CO2","RCO",11,8226.87206320884,"kt"
1858,"CO2","RCO",12,13641.0501388854,"kt"
1859,"CO2","AGR",1,0,"kt"
1859,"CO2","AGR",2,0,"kt"
1859,"CO2","AGR",3,0,"kt"
1859,"CO2","AGR",4,0,"kt"
1859,"CO2","AGR",5,0,"kt"
1859,"CO2","AGR",6,0,"kt"
1859,"CO2","AGR",7,0,"kt"
1859,"CO2","AGR",8,0,"kt"
1859,"CO2","AGR",9,0,"kt"
1859,"CO2","AGR",10,0,"kt"
1859,"CO2","AGR",11,0,"kt"
1859,"CO2","AGR",12,0,"kt"
1859,"CO2","ENE",1,4280.40834341819,"kt"
1859,"CO2","ENE",2,3613.27105670061,"kt"
1859,"CO2","ENE",3,3541.33775244845,"kt"
1859,"CO2","ENE",4,3132.54730151473,"kt"
1859,"CO2","ENE",5,2698.65584128113,"kt"
1859,"CO2","ENE",6,2427.9277722412,"kt"
1859,"CO2","ENE",7,2510.37551243464,"kt"
1859,"CO2","ENE",8,2396.31521859905,"kt"
1859,"CO2","ENE",9,2469.32611999779,"kt"
1859,"CO2","ENE",10,2837.64871616397,"kt"
1859,"CO2","ENE",11,3104.22019853654,"kt"
1859,"CO2","ENE",12,3895.59709693144,"kt"
1859,"CO2","IND",1,14991.4021659841,"kt"
1859,"CO2","IND",2,13541.0987916994,"kt"
1859,"CO2","IND",3,13495.7235011108,"kt"
1859,"CO2","IND",4,13061.4007541944,"kt"
1859,"CO2","IND",5,11253.5271015801,"kt"
1859,"CO2","IND",6,10167.5619946558,"kt"
1859,"CO2","IND",7,9758.37707581855,"kt"
1859,"CO2","IND",8,10506.480727811,"kt"
1859,"CO2","IND",9,10166.5388221816,"kt"
1859,"CO2","IND",10,12001.6307535726,"kt"
1859,"CO2","IND",11,13060.8891679573,"kt"
1859,"CO2","IND",12,14991.9308050958,"kt"
1859,"CO2","TRA",1,557.965065351919,"kt"
1859,"CO2","TRA",2,503.968446124314,"kt"
1859,"CO2","TRA",3,557.965065351919,"kt"
1859,"CO2","TRA",4,539.966192276051,"kt"
1859,"CO2","TRA",5,557.965065351919,"kt"
1859,"CO2","TRA",6,539.966192276051,"kt"
1859,"CO2","TRA",7,557.965065351919,"kt"
1859,"CO2","TRA",8,557.965065351919,"kt"
1859,"CO2","TRA",9,539.966192276051,"kt"
1859,"CO2","TRA",10,557.965065351919,"kt"
1859,"CO2","TRA",11,539.966192276051,"kt"
1859,"CO2","TRA",12,557.965065351919,"kt"
1859,"CO2","SLV",1,0.0311083792234764,"kt"
1859,"CO2","SLV",2,0.028097890911527,"kt"
1859,"CO2","SLV",3,0.0311083792234764,"kt"
1859,"CO2","SLV",4,0.0301048831194932,"kt"
1859,"CO2","SLV",5,0.0311083792234764,"kt"
1859,"CO2","SLV",6,0.0301048831194932,"kt"
1859,"CO2","SLV",7,0.0311083792234764,"kt"
1859,"CO2","SLV",8,0.0311083792234764,"kt"
1859,"CO2","SLV",9,0.0301048831194932,"kt"
1859,"CO2","SLV",10,0.0311083792234764,"kt"
1859,"CO2","SLV",11,0.0301048831194932,"kt"
1859,"CO2","SLV",12,0.0311083792234764,"kt"
1859,"CO2","WST",1,0,"kt"
1859,"CO2","WST",2,0,"kt"
1859,"CO2","WST",3,0,"kt"
1859,"CO2","WST",4,0,"kt"
1859,"CO2","WST",5,0,"kt"
1859,"CO2","WST",6,0,"kt"
1859,"CO2","WST",7,0,"kt"
1859,"CO2","WST",8,0,"kt"
1859,"CO2","WST",9,0,"kt"
1859,"CO2","WST",10,0,"kt"
1859,"CO2","WST",11,0,"kt"
1859,"CO2","WST",12,0,"kt"
1859,"CO2","SHP",1,0,"kt"
1859,"CO2","SHP",2,0,"kt"
1859,"CO2","SHP",3,0,"kt"
1859,"CO2","SHP",4,0,"kt"
1859,"CO2","SHP",5,0,"kt"
1859,"CO2","SHP",6,0,"kt"
1859,"CO2","SHP",7,0,"kt"
1859,"CO2","SHP",8,0,"kt"
1859,"CO2","SHP",9,0,"kt"
1859,"CO2","SHP",10,0,"kt"
1859,"CO2","SHP",11,0,"kt"
1859,"CO2","SHP",12,0,"kt"
1859,"CO2","RCO",1,14771.3788383886,"kt"
1859,"CO2","RCO",2,11903.9089937551,"kt"
1859,"CO2","RCO",3,10340.9147458209,"kt"
1859,"CO2","RCO",4,7324.49024146437,"kt"
1859,"CO2","RCO",5,4638.21294046004,"kt"
1859,"CO2","RCO",6,4147.31306274282,"kt"
1859,"CO2","RCO",7,4424.92833943393,"kt"
1859,"CO2","RCO",8,4425.3794630856,"kt"
1859,"CO2","RCO",9,4154.95378835601,"kt"
1859,"CO2","RCO",10,5585.00005579742,"kt"
1859,"CO2","RCO",11,8672.47162442315,"kt"
1859,"CO2","RCO",12,14421.7659189844,"kt"
1860,"CO2","AGR",1,0,"kt"
1860,"CO2","AGR",2,0,"kt"
1860,"CO2","AGR",3,0,"kt"
1860,"CO2","AGR",4,0,"kt"
1860,"CO2","AGR",5,0,"kt"
1860,"CO2","AGR",6,0,"kt"
1860,"CO2","AGR",7,0,"kt"
1860,"CO2","AGR",8,0,"kt"
1860,"CO2","AGR",9,0,"kt"
1860,"CO2","AGR",10,0,"kt"
1860,"CO2","AGR",11,0,"kt"
1860,"CO2","AGR",12,0,"kt"
1860,"CO2","ENE",1,4759.05819862542,"kt"
1860,"CO2","ENE",2,4017.51095229985,"kt"
1860,"CO2","ENE",3,3950.81473236107,"kt"
1860,"CO2","ENE",4,3493.72116549605,"kt"
1860,"CO2","ENE",5,3001.69340635848,"kt"
1860,"CO2","ENE",6,2706.57039426295,"kt"
1860,"CO2","ENE",7,2796.51420294548,"kt"
1860,"CO2","ENE",8,2662.27319027213,"kt"
1860,"CO2","ENE",9,2749.39204979297,"kt"
1860,"CO2","ENE",10,3161.9763078532,"kt"
1860,"CO2","ENE",11,3453.41446870333,"kt"
1860,"CO2","ENE",12,4333.88686675971,"kt"
1860,"CO2","IND",1,16706.9437663405,"kt"
1860,"CO2","IND",2,15090.7959460863,"kt"
1860,"CO2","IND",3,15042.1478443199,"kt"
1860,"CO2","IND",4,14558.3169602501,"kt"
1860,"CO2","IND",5,12546.7618962122,"kt"
1860,"CO2","IND",6,11337.5309962798,"kt"
1860,"CO2","IND",7,10882.6891481608,"kt"
1860,"CO2","IND",8,11715.4486961558,"kt"
1860,"CO2","IND",9,11336.1313047263,"kt"
1860,"CO2","IND",10,13379.5214442071,"kt"
1860,"CO2","IND",11,14557.6171144734,"kt"
1860,"CO2","IND",12,16707.6669403098,"kt"
1860,"CO2","TRA",1,655.717102281579,"kt"
1860,"CO2","TRA",2,592.260608512394,"kt"
1860,"CO2","TRA",3,655.717102281579,"kt"
1860,"CO2","TRA",4,634.56493769185,"kt"
1860,"CO2","TRA",5,655.717102281579,"kt"
1860,"CO2","TRA",6,634.56493769185,"kt"
1860,"CO2","TRA",7,655.717102281579,"kt"
1860,"CO2","TRA",8,655.717102281579,"kt"
1860,"CO2","TRA",9,634.56493769185,"kt"
1860,"CO2","TRA",10,655.717102281579,"kt"
1860,"CO2","TRA",11,634.56493769185,"kt"
1860,"CO2","TRA",12,655.717102281579,"kt"
1860,"CO2","SLV",1,0.153420991359271,"kt"
1860,"CO2","SLV",2,0.138573798647084,"kt"
1860,"CO2","SLV",3,0.153420991359271,"kt"
1860,"CO2","SLV",4,0.148471927121875,"kt"
1860,"CO2","SLV",5,0.153420991359271,"kt"
1860,"CO2","SLV",6,0.148471927121875,"kt"
1860,"CO2","SLV",7,0.153420991359271,"kt"
1860,"CO2","SLV",8,0.153420991359271,"kt"
1860,"CO2","SLV",9,0.148471927121875,"kt"
1860,"CO2","SLV",10,0.153420991359271,"kt"
1860,"CO2","SLV",11,0.148471927121875,"kt"
1860,"CO2","SLV",12,0.153420991359271,"kt"
1860,"CO2","WST",1,0,"kt"
1860,"CO2","WST",2,0,"kt"
1860,"CO2","WST",3,0,"kt"
1860,"CO2","WST",4,0,"kt"
1860,"CO2","WST",5,0,"kt"
1860,"CO2","WST",6,0,"kt"
1860,"CO2","WST",7,0,"kt"
1860,"CO2","WST",8,0,"kt"
1860,"CO2","WST",9,0,"kt"
1860,"CO2","WST",10,0,"kt"
1860,"CO2","WST",11,0,"kt"
1860,"CO2","WST",12,0,"kt"
1860,"CO2","SHP",1,0,"kt"
1860,"CO2","SHP",2,0,"kt"
1860,"CO2","SHP",3,0,"kt"
1860,"CO2","SHP",4,0,"kt"
1860,"CO2","SHP",5,0,"kt"
1860,"CO2","SHP",6,0,"kt"
1860,"CO2","SHP",7,0,"kt"
1860,"CO2","SHP",8,0,"kt"
1860,"CO2","SHP",9,0,"kt"
1860,"CO2","SHP",10,0,"kt"
1860,"CO2","SHP",11,0,"kt"
1860,"CO2","SHP",12,0,"kt"
1860,"CO2","RCO",1,15875.703673185,"kt"
1860,"CO2","RCO",2,12785.4322677547,"kt"
1860,"CO2","RCO",3,11105.8402507425,"kt"
1860,"CO2","RCO",4,7840.83667152013,"kt"
1860,"CO2","RCO",5,4969.79607799619,"kt"
1860,"CO2","RCO",6,4446.37595422319,"kt"
1860,"CO2","RCO",7,4744.25131538508,"kt"
1860,"CO2","RCO",8,4744.708321465,"kt"
1860,"CO2","RCO",9,4454.18558176328,"kt"
1860,"CO2","RCO",10,5985.33573937704,"kt"
1860,"CO2","RCO",11,9307.69872839964,"kt"
1860,"CO2","RCO",12,15499.6287745531,"kt"
1861,"CO2","AGR",1,0,"kt"
1861,"CO2","AGR",2,0,"kt"
1861,"CO2","AGR",3,0,"kt"
1861,"CO2","AGR",4,0,"kt"
1861,"CO2","AGR",5,0,"kt"
1861,"CO2","AGR",6,0,"kt"
1861,"CO2","AGR",7,0,"kt"
1861,"CO2","AGR",8,0,"kt"
1861,"CO2","AGR",9,0,"kt"
1861,"CO2","AGR",10,0,"kt"
1861,"CO2","AGR",11,0,"kt"
1861,"CO2","AGR",12,0,"kt"
1861,"CO2","ENE",1,5173.74119599916,"kt"
1861,"CO2","ENE",2,4372.67798216588,"kt"
1861,"CO2","ENE",3,4289.69627345884,"kt"
1861,"CO2","ENE",4,3796.61770706137,"kt"
1861,"CO2","ENE",5,3254.19777139135,"kt"
1861,"CO2","ENE",6,2922.29082300516,"kt"
1861,"CO2","ENE",7,3013.56553694318,"kt"
1861,"CO2","ENE",8,2870.87508328841,"kt"
1861,"CO2","ENE",9,2976.91259027644,"kt"
1861,"CO2","ENE",10,3435.07895511403,"kt"
1861,"CO2","ENE",11,3756.59221546559,"kt"
1861,"CO2","ENE",12,4704.65278606521,"kt"
1861,"CO2","IND",1,17657.0781373337,"kt"
1861,"CO2","IND",2,15949.4730904524,"kt"
1861,"CO2","IND",3,15897.7872981703,"kt"
1861,"CO2","IND",4,15387.4078432993,"kt"
1861,"CO2","IND",5,13262.0187143073,"kt"
1861,"CO2","IND",6,11984.7811932144,"kt"
1861,"CO2","IND",7,11503.9949450968,"kt"
1861,"CO2","IND",8,12384.2738996549,"kt"
1861,"CO2","IND",9,11982.3287997573,"kt"
1861,"CO2","IND",10,14142.2976688654,"kt"
1861,"CO2","IND",11,15386.1816465708,"kt"
1861,"CO2","IND",12,17658.3452072865,"kt"
1861,"CO2","TRA",1,752.948704479341,"kt"
1861,"CO2","TRA",2,680.082700820049,"kt"
1861,"CO2","TRA",3,752.948704479341,"kt"
1861,"CO2","TRA",4,728.66003659291,"kt"
1861,"CO2","TRA",5,752.948704479341,"kt"
1861,"CO2","TRA",6,728.66003659291,"kt"
1861,"CO2","TRA",7,752.948704479341,"kt"
1861,"CO2","TRA",8,752.948704479341,"kt"
1861,"CO2","TRA",9,728.66003659291,"kt"
1861,"CO2","TRA",10,752.948704479341,"kt"
1861,"CO2","TRA",11,728.66003659291,"kt"
1861,"CO2","TRA",12,752.948704479341,"kt"
1861,"CO2","SLV",1,0.524593336323167,"kt"
1861,"CO2","SLV",2,0.473826239259635,"kt"
1861,"CO2","SLV",3,0.524593336323167,"kt"
1861,"CO2","SLV",4,0.507670970635323,"kt"
1861,"CO2","SLV",5,0.524593336323167,"kt"
1861,"CO2","SLV",6,0.507670970635323,"kt"
1861,"CO2","SLV",7,0.524593336323167,"kt"
1861,"CO2","SLV",8,0.524593336323167,"kt"
1861,"CO2","SLV",9,0.507670970635323,"kt"
1861,"CO2","SLV",10,0.524593336323167,"kt"
1861,"CO2","SLV",11,0.507670970635323,"kt"
1861,"CO2","SLV",12,0.524593336323167,"kt"
1861,"CO2","WST",1,0,"kt"
1861,"CO2","WST",2,0,"kt"
1861,"CO2","WST",3,0,"kt"
1861,"CO2","WST",4,0,"kt"
1861,"CO2","WST",5,0,"kt"
1861,"CO2","WST",6,0,"kt"
1861,"CO2","WST",7,0,"kt"
1861,"CO2","WST",8,0,"kt"
1861,"CO2","WST",9,0,"kt"
1861,"CO2","WST",10,0,"kt"
1861,"CO2","WST",11,0,"kt"
1861,"CO2","WST",12,0,"kt"
1861,"CO2","SHP",1,0,"kt"
1861,"CO2","SHP",2,0,"kt"
1861,"CO2","SHP",3,0,"kt"
1861,"CO2","SHP",4,0,"kt"
1861,"CO2","SHP",5,0,"kt"
1861,"CO2","SHP",6,0,"kt"
1861,"CO2","SHP",7,0,"kt"
1861,"CO2","SHP",8,0,"kt"
1861,"CO2","SHP",9,0,"kt"
1861,"CO2","SHP",10,0,"kt"
1861,"CO2","SHP",11,0,"kt"
1861,"CO2","SHP",12,0,"kt"
1861,"CO2","RCO",1,16363.1499586271,"kt"
1861,"CO2","RCO",2,13160.8192671681,"kt"
1861,"CO2","RCO",3,11435.0399368575,"kt"
1861,"CO2","RCO",4,8053.36226038052,"kt"
1861,"CO2","RCO",5,5113.10632944769,"kt"
1861,"CO2","RCO",6,4576.76756248092,"kt"
1861,"CO2","RCO",7,4883.15273506828,"kt"
1861,"CO2","RCO",8,4883.65673847058,"kt"
1861,"CO2","RCO",9,4585.43414840807,"kt"
1861,"CO2","RCO",10,6158.88155140028,"kt"
1861,"CO2","RCO",11,9594.36446245757,"kt"
1861,"CO2","RCO",12,15960.7360337998,"kt"
1862,"CO2","AGR",1,0,"kt"
1862,"CO2","AGR",2,0,"kt"
1862,"CO2","AGR",3,0,"kt"
1862,"CO2","AGR",4,0,"kt"
1862,"CO2","AGR",5,0,"kt"
1862,"CO2","AGR",6,0,"kt"
1862,"CO2","AGR",7,0,"kt"
1862,"CO2","AGR",8,0,"kt"
1862,"CO2","AGR",9,0,"kt"
1862,"CO2","AGR",10,0,"kt"
1862,"CO2","AGR",11,0,"kt"
1862,"CO2","AGR",12,0,"kt"
1862,"CO2","ENE",1,5449.34254629831,"kt"
1862,"CO2","ENE",2,4607.81768574218,"kt"
1862,"CO2","ENE",3,4499.23798620721,"kt"
1862,"CO2","ENE",4,3986.5246217788,"kt"
1862,"CO2","ENE",5,3430.7888209099,"kt"
1862,"CO2","ENE",6,3072.42417018349,"kt"
1862,"CO2","ENE",7,3169.73133211828,"kt"
1862,"CO2","ENE",8,3031.64322245784,"kt"
1862,"CO2","ENE",9,3135.14736051605,"kt"
1862,"CO2","ENE",10,3616.04567507545,"kt"
1862,"CO2","ENE",11,3961.1590912376,"kt"
1862,"CO2","ENE",12,4949.7360477915,"kt"
1862,"CO2","IND",1,17980.6806323874,"kt"
1862,"CO2","IND",2,16241.4275731265,"kt"
1862,"CO2","IND",3,16188.4321398484,"kt"
1862,"CO2","IND",4,15667.9663837293,"kt"
1862,"CO2","IND",5,13502.3091385465,"kt"
1862,"CO2","IND",6,12200.840065917,"kt"
1862,"CO2","IND",7,11710.9605410101,"kt"
1862,"CO2","IND",8,12607.5347347809,"kt"
1862,"CO2","IND",9,12199.0983336539,"kt"
1862,"CO2","IND",10,14398.8833323173,"kt"
1862,"CO2","IND",11,15667.0955175978,"kt"
1862,"CO2","IND",12,17981.58052739,"kt"
1862,"CO2","TRA",1,811.130236740952,"kt"
1862,"CO2","TRA",2,732.633762217634,"kt"
1862,"CO2","TRA",3,811.130236740952,"kt"
1862,"CO2","TRA",4,784.964745233179,"kt"
1862,"CO2","TRA",5,811.130236740952,"kt"
1862,"CO2","TRA",6,784.964745233179,"kt"
1862,"CO2","TRA",7,811.130236740952,"kt"
1862,"CO2","TRA",8,811.130236740952,"kt"
1862,"CO2","TRA",9,784.964745233179,"kt"
1862,"CO2","TRA",10,811.130236740952,"kt"
1862,"CO2","TRA",11,784.964745233179,"kt"
1862,"CO2","TRA",12,811.130236740952,"kt"
1862,"CO2","SLV",1,0.777899159738684,"kt"
1862,"CO2","SLV",2,0.702618595893005,"kt"
1862,"CO2","SLV",3,0.777899159738684,"kt"
1862,"CO2","SLV",4,0.752805638456791,"kt"
1862,"CO2","SLV",5,0.777899159738684,"kt"
1862,"CO2","SLV",6,0.752805638456791,"kt"
1862,"CO2","SLV",7,0.777899159738684,"kt"
1862,"CO2","SLV",8,0.777899159738684,"kt"
1862,"CO2","SLV",9,0.752805638456791,"kt"
1862,"CO2","SLV",10,0.777899159738684,"kt"
1862,"CO2","SLV",11,0.752805638456791,"kt"
1862,"CO2","SLV",12,0.777899159738684,"kt"
1862,"CO2","WST",1,0,"kt"
1862,"CO2","WST",2,0,"kt"
1862,"CO2","WST",3,0,"kt"
1862,"CO2","WST",4,0,"kt"
1862,"CO2","WST",5,0,"kt"
1862,"CO2","WST",6,0,"kt"
1862,"CO2","WST",7,0,"kt"
1862,"CO2","WST",8,0,"kt"
1862,"CO2","WST",9,0,"kt"
1862,"CO2","WST",10,0,"kt"
1862,"CO2","WST",11,0,"kt"
1862,"CO2","WST",12,0,"kt"
1862,"CO2","SHP",1,0,"kt"
1862,"CO2","SHP",2,0,"kt"
1862,"CO2","SHP",3,0,"kt"
1862,"CO2","SHP",4,0,"kt"
1862,"CO2","SHP",5,0,"kt"
1862,"CO2","SHP",6,0,"kt"
1862,"CO2","SHP",7,0,"kt"
1862,"CO2","SHP",8,0,"kt"
1862,"CO2","SHP",9,0,"kt"
1862,"CO2","SHP",10,0,"kt"
1862,"CO2","SHP",11,0,"kt"
1862,"CO2","SHP",12,0,"kt"
1862,"CO2","RCO",1,16288.8492030166,"kt"
1862,"CO2","RCO",2,13054.4651224238,"kt"
1862,"CO2","RCO",3,11336.938845263,"kt"
1862,"CO2","RCO",4,7888.08505501144,"kt"
1862,"CO2","RCO",5,5051.39359371913,"kt"
1862,"CO2","RCO",6,4530.53880758318,"kt"
1862,"CO2","RCO",7,4833.86890540871,"kt"
1862,"CO2","RCO",8,4834.37763031243,"kt"
1862,"CO2","RCO",9,4539.23312941345,"kt"
1862,"CO2","RCO",10,6073.02116664372,"kt"
1862,"CO2","RCO",11,9513.62054342664,"kt"
1862,"CO2","RCO",12,15874.796820543,"kt"
1863,"CO2","AGR",1,0,"kt"
1863,"CO2","AGR",2,0,"kt"
1863,"CO2","AGR",3,0,"kt"
1863,"CO2","AGR",4,0,"kt"
1863,"CO2","AGR",5,0,"kt"
1863,"CO2","AGR",6,0,"kt"
1863,"CO2","AGR",7,0,"kt"
1863,"CO2","AGR",8,0,"kt"
1863,"CO2","AGR",9,0,"kt"
1863,"CO2","AGR",10,0,"kt"
1863,"CO2","AGR",11,0,"kt"
1863,"CO2","AGR",12,0,"kt"
1863,"CO2","ENE",1,5860.23991896605,"kt"
1863,"CO2","ENE",2,4952.38982539274,"kt"
1863,"CO2","ENE",3,4865.11773559598,"kt"
1863,"CO2","ENE",4,4311.80509022074,"kt"
1863,"CO2","ENE",5,3732.94090313697,"kt"
1863,"CO2","ENE",6,3377.78901455852,"kt"
1863,"CO2","ENE",7,3492.68201243326,"kt"
1863,"CO2","ENE",8,3337.57369068467,"kt"
1863,"CO2","ENE",9,3431.33949172298,"kt"
1863,"CO2","ENE",10,3931.7269994207,"kt"
1863,"CO2","ENE",11,4279.93219688771,"kt"
1863,"CO2","ENE",12,5336.62924347654,"kt"
1863,"CO2","IND",1,18948.6296082341,"kt"
1863,"CO2","IND",2,17115.7940631781,"kt"
1863,"CO2","IND",3,17060.1395157487,"kt"
1863,"CO2","IND",4,16511.7470148696,"kt"
1863,"CO2","IND",5,14229.9032098747,"kt"
1863,"CO2","IND",6,12858.5394806559,"kt"
1863,"CO2","IND",7,12342.4126505309,"kt"
1863,"CO2","IND",8,13287.1574633444,"kt"
1863,"CO2","IND",9,12856.6049003818,"kt"
1863,"CO2","IND",10,15174.6480226882,"kt"
1863,"CO2","IND",11,16510.7797247326,"kt"
1863,"CO2","IND",12,18949.6291413757,"kt"
1863,"CO2","TRA",1,886.071222588097,"kt"
1863,"CO2","TRA",2,800.3223945957,"kt"
1863,"CO2","TRA",3,886.071222588097,"kt"
1863,"CO2","TRA",4,857.488279923964,"kt"
1863,"CO2","TRA",5,886.071222588097,"kt"
1863,"CO2","TRA",6,857.488279923964,"kt"
1863,"CO2","TRA",7,886.071222588097,"kt"
1863,"CO2","TRA",8,886.071222588097,"kt"
1863,"CO2","TRA",9,857.488279923964,"kt"
1863,"CO2","TRA",10,886.071222588097,"kt"
1863,"CO2","TRA",11,857.488279923964,"kt"
1863,"CO2","TRA",12,886.071222588097,"kt"
1863,"CO2","SLV",1,0.716937425242973,"kt"
1863,"CO2","SLV",2,0.647556384090427,"kt"
1863,"CO2","SLV",3,0.716937425242973,"kt"
1863,"CO2","SLV",4,0.693810411525458,"kt"
1863,"CO2","SLV",5,0.716937425242973,"kt"
1863,"CO2","SLV",6,0.693810411525458,"kt"
1863,"CO2","SLV",7,0.716937425242973,"kt"
1863,"CO2","SLV",8,0.716937425242973,"kt"
1863,"CO2","SLV",9,0.693810411525458,"kt"
1863,"CO2","SLV",10,0.716937425242973,"kt"
1863,"CO2","SLV",11,0.693810411525458,"kt"
1863,"CO2","SLV",12,0.716937425242973,"kt"
1863,"CO2","WST",1,0,"kt"
1863,"CO2","WST",2,0,"kt"
1863,"CO2","WST",3,0,"kt"
1863,"CO2","WST",4,0,"kt"
1863,"CO2","WST",5,0,"kt"
1863,"CO2","WST",6,0,"kt"
1863,"CO2","WST",7,0,"kt"
1863,"CO2","WST",8,0,"kt"
1863,"CO2","WST",9,0,"kt"
1863,"CO2","WST",10,0,"kt"
1863,"CO2","WST",11,0,"kt"
1863,"CO2","WST",12,0,"kt"
1863,"CO2","SHP",1,0,"kt"
1863,"CO2","SHP",2,0,"kt"
1863,"CO2","SHP",3,0,"kt"
1863,"CO2","SHP",4,0,"kt"
1863,"CO2","SHP",5,0,"kt"
1863,"CO2","SHP",6,0,"kt"
1863,"CO2","SHP",7,0,"kt"
1863,"CO2","SHP",8,0,"kt"
1863,"CO2","SHP",9,0,"kt"
1863,"CO2","SHP",10,0,"kt"
1863,"CO2","SHP",11,0,"kt"
1863,"CO2","SHP",12,0,"kt"
1863,"CO2","RCO",1,17316.1168035852,"kt"
1863,"CO2","RCO",2,13864.0605337187,"kt"
1863,"CO2","RCO",3,12045.1093786953,"kt"
1863,"CO2","RCO",4,8295.77755998112,"kt"
1863,"CO2","RCO",5,5336.3669055402,"kt"
1863,"CO2","RCO",6,4791.30426955822,"kt"
1863,"CO2","RCO",7,5112.20118307735,"kt"
1863,"CO2","RCO",8,5112.68523936297,"kt"
1863,"CO2","RCO",9,4799.80953807885,"kt"
1863,"CO2","RCO",10,6413.24496989798,"kt"
1863,"CO2","RCO",11,10072.2172020217,"kt"
1863,"CO2","RCO",12,16883.8129847012,"kt"
1864,"CO2","AGR",1,0,"kt"
1864,"CO2","AGR",2,0,"kt"
1864,"CO2","AGR",3,0,"kt"
1864,"CO2","AGR",4,0,"kt"
1864,"CO2","AGR",5,0,"kt"
1864,"CO2","AGR",6,0,"kt"
1864,"CO2","AGR",7,0,"kt"
1864,"CO2","AGR",8,0,"kt"
1864,"CO2","AGR",9,0,"kt"
1864,"CO2","AGR",10,0,"kt"
1864,"CO2","AGR",11,0,"kt"
1864,"CO2","AGR",12,0,"kt"
1864,"CO2","ENE",1,6434.22227133701,"kt"
1864,"CO2","ENE",2,5440.42866538978,"kt"
1864,"CO2","ENE",3,5357.85374849345,"kt"
1864,"CO2","ENE",4,4750.87039708144,"kt"
1864,"CO2","ENE",5,4121.31806116797,"kt"
1864,"CO2","ENE",6,3745.49137736422,"kt"
1864,"CO2","ENE",7,3874.58617119102,"kt"
1864,"CO2","ENE",8,3700.8119944907,"kt"
1864,"CO2","ENE",9,3799.77866595952,"kt"
1864,"CO2","ENE",10,4343.33119958002,"kt"
1864,"CO2","ENE",11,4712.7971399014,"kt"
1864,"CO2","ENE",12,5862.60601324754,"kt"
1864,"CO2","IND",1,20298.0122810794,"kt"
1864,"CO2","IND",2,18334.3112378159,"kt"
1864,"CO2","IND",3,18273.7095405541,"kt"
1864,"CO2","IND",4,17685.5694518313,"kt"
1864,"CO2","IND",5,15238.9790460223,"kt"
1864,"CO2","IND",6,13768.8985601742,"kt"
1864,"CO2","IND",7,13215.3657519994,"kt"
1864,"CO2","IND",8,14227.8618455133,"kt"
1864,"CO2","IND",9,13767.5641475887,"kt"
1864,"CO2","IND",10,16251.4751395362,"kt"
1864,"CO2","IND",11,17684.9022455386,"kt"
1864,"CO2","IND",12,20298.7017275819,"kt"
1864,"CO2","TRA",1,989.093018982092,"kt"
1864,"CO2","TRA",2,893.374339725761,"kt"
1864,"CO2","TRA",3,989.093018982092,"kt"
1864,"CO2","TRA",4,957.186792563315,"kt"
1864,"CO2","TRA",5,989.093018982092,"kt"
1864,"CO2","TRA",6,957.186792563315,"kt"
1864,"CO2","TRA",7,989.093018982092,"kt"
1864,"CO2","TRA",8,989.093018982092,"kt"
1864,"CO2","TRA",9,957.186792563315,"kt"
1864,"CO2","TRA",10,989.093018982092,"kt"
1864,"CO2","TRA",11,957.186792563315,"kt"
1864,"CO2","TRA",12,989.093018982092,"kt"
1864,"CO2","SLV",1,0.618081262214967,"kt"
1864,"CO2","SLV",2,0.558266946516744,"kt"
1864,"CO2","SLV",3,0.618081262214967,"kt"
1864,"CO2","SLV",4,0.598143156982226,"kt"
1864,"CO2","SLV",5,0.618081262214967,"kt"
1864,"CO2","SLV",6,0.598143156982226,"kt"
1864,"CO2","SLV",7,0.618081262214967,"kt"
1864,"CO2","SLV",8,0.618081262214967,"kt"
1864,"CO2","SLV",9,0.598143156982226,"kt"
1864,"CO2","SLV",10,0.618081262214967,"kt"
1864,"CO2","SLV",11,0.598143156982226,"kt"
1864,"CO2","SLV",12,0.618081262214967,"kt"
1864,"CO2","WST",1,0,"kt"
1864,"CO2","WST",2,0,"kt"
1864,"CO2","WST",3,0,"kt"
1864,"CO2","WST",4,0,"kt"
1864,"CO2","WST",5,0,"kt"
1864,"CO2","WST",6,0,"kt"
1864,"CO2","WST",7,0,"kt"
1864,"CO2","WST",8,0,"kt"
1864,"CO2","WST",9,0,"kt"
1864,"CO2","WST",10,0,"kt"
1864,"CO2","WST",11,0,"kt"
1864,"CO2","WST",12,0,"kt"
1864,"CO2","SHP",1,0,"kt"
1864,"CO2","SHP",2,0,"kt"
1864,"CO2","SHP",3,0,"kt"
1864,"CO2","SHP",4,0,"kt"
1864,"CO2","SHP",5,0,"kt"
1864,"CO2","SHP",6,0,"kt"
1864,"CO2","SHP",7,0,"kt"
1864,"CO2","SHP",8,0,"kt"
1864,"CO2","SHP",9,0,"kt"
1864,"CO2","SHP",10,0,"kt"
1864,"CO2","SHP",11,0,"kt"
1864,"CO2","SHP",12,0,"kt"
1864,"CO2","RCO",1,18428.4854762713,"kt"
1864,"CO2","RCO",2,14744.4298520879,"kt"
1864,"CO2","RCO",3,12811.9838475431,"kt"
1864,"CO2","RCO",4,8776.5217802572,"kt"
1864,"CO2","RCO",5,5659.45584778414,"kt"
1864,"CO2","RCO",6,5084.58134820282,"kt"
1864,"CO2","RCO",7,5424.99228586192,"kt"
1864,"CO2","RCO",8,5425.50499082592,"kt"
1864,"CO2","RCO",9,5093.16182423086,"kt"
1864,"CO2","RCO",10,6800.81469986567,"kt"
1864,"CO2","RCO",11,10698.816799366,"kt"
1864,"CO2","RCO",12,17966.9274575922,"kt"
1865,"CO2","AGR",1,0,"kt"
1865,"CO2","AGR",2,0,"kt"
1865,"CO2","AGR",3,0,"kt"
1865,"CO2","AGR",4,0,"kt"
1865,"CO2","AGR",5,0,"kt"
1865,"CO2","AGR",6,0,"kt"
1865,"CO2","AGR",7,0,"kt"
1865,"CO2","AGR",8,0,"kt"
1865,"CO2","AGR",9,0,"kt"
1865,"CO2","AGR",10,0,"kt"
1865,"CO2","AGR",11,0,"kt"
1865,"CO2","AGR",12,0,"kt"
1865,"CO2","ENE",1,6954.32848240029,"kt"
1865,"CO2","ENE",2,5885.07502778242,"kt"
1865,"CO2","ENE",3,5800.11677244065,"kt"
1865,"CO2","ENE",4,5145.11670387844,"kt"
1865,"CO2","ENE",5,4458.63005403466,"kt"
1865,"CO2","ENE",6,4053.70709181696,"kt"
1865,"CO2","ENE",7,4189.07929680405,"kt"
1865,"CO2","ENE",8,4001.16027631782,"kt"
1865,"CO2","ENE",9,4117.773360309,"kt"
1865,"CO2","ENE",10,4708.43874091849,"kt"
1865,"CO2","ENE",11,5101.94648389042,"kt"
1865,"CO2","ENE",12,6334.50844720013,"kt"
1865,"CO2","IND",1,21629.3235260069,"kt"
1865,"CO2","IND",2,19537.1051928451,"kt"
1865,"CO2","IND",3,19472.6294888656,"kt"
1865,"CO2","IND",4,18846.4987392251,"kt"
1865,"CO2","IND",5,16240.1957769042,"kt"
1865,"CO2","IND",6,14674.270804436,"kt"
1865,"CO2","IND",7,14084.5446772632,"kt"
1865,"CO2","IND",8,15163.4131645838,"kt"
1865,"CO2","IND",9,14672.252215726,"kt"
1865,"CO2","IND",10,17319.0642642249,"kt"
1865,"CO2","IND",11,18845.4894448701,"kt"
1865,"CO2","IND",12,21630.366463507,"kt"
1865,"CO2","TRA",1,1081.43523877868,"kt"
1865,"CO2","TRA",2,976.780215671069,"kt"
1865,"CO2","TRA",3,1081.43523877868,"kt"
1865,"CO2","TRA",4,1046.55023107615,"kt"
1865,"CO2","TRA",5,1081.43523877868,"kt"
1865,"CO2","TRA",6,1046.55023107615,"kt"
1865,"CO2","TRA",7,1081.43523877868,"kt"
1865,"CO2","TRA",8,1081.43523877868,"kt"
1865,"CO2","TRA",9,1046.55023107615,"kt"
1865,"CO2","TRA",10,1081.43523877868,"kt"
1865,"CO2","TRA",11,1046.55023107615,"kt"
1865,"CO2","TRA",12,1081.43523877868,"kt"
1865,"CO2","SLV",1,0.750110459163226,"kt"
1865,"CO2","SLV",2,0.677519124405495,"kt"
1865,"CO2","SLV",3,0.750110459163226,"kt"
1865,"CO2","SLV",4,0.725913347577316,"kt"
1865,"CO2","SLV",5,0.750110459163226,"kt"
1865,"CO2","SLV",6,0.725913347577316,"kt"
1865,"CO2","SLV",7,0.750110459163226,"kt"
1865,"CO2","SLV",8,0.750110459163226,"kt"
1865,"CO2","SLV",9,0.725913347577316,"kt"
1865,"CO2","SLV",10,0.750110459163226,"kt"
1865,"CO2","SLV",11,0.725913347577316,"kt"
1865,"CO2","SLV",12,0.750110459163226,"kt"
1865,"CO2","WST",1,0,"kt"
1865,"CO2","WST",2,0,"kt"
1865,"CO2","WST",3,0,"kt"
1865,"CO2","WST",4,0,"kt"
1865,"CO2","WST",5,0,"kt"
1865,"CO2","WST",6,0,"kt"
1865,"CO2","WST",7,0,"kt"
1865,"CO2","WST",8,0,"kt"
1865,"CO2","WST",9,0,"kt"
1865,"CO2","WST",10,0,"kt"
1865,"CO2","WST",11,0,"kt"
1865,"CO2","WST",12,0,"kt"
1865,"CO2","SHP",1,0,"kt"
1865,"CO2","SHP",2,0,"kt"
1865,"CO2","SHP",3,0,"kt"
1865,"CO2","SHP",4,0,"kt"
1865,"CO2","SHP",5,0,"kt"
1865,"CO2","SHP",6,0,"kt"
1865,"CO2","SHP",7,0,"kt"
1865,"CO2","SHP",8,0,"kt"
1865,"CO2","SHP",9,0,"kt"
1865,"CO2","SHP",10,0,"kt"
1865,"CO2","SHP",11,0,"kt"
1865,"CO2","SHP",12,0,"kt"
1865,"CO2","RCO",1,19074.142138389,"kt"
1865,"CO2","RCO",2,15258.8748896947,"kt"
1865,"CO2","RCO",3,13270.5854926294,"kt"
1865,"CO2","RCO",4,9069.66085949811,"kt"
1865,"CO2","RCO",5,5837.33910931443,"kt"
1865,"CO2","RCO",6,5245.50038081086,"kt"
1865,"CO2","RCO",7,5596.73145990487,"kt"
1865,"CO2","RCO",8,5597.23864406951,"kt"
1865,"CO2","RCO",9,5254.34013430732,"kt"
1865,"CO2","RCO",10,7024.2501473103,"kt"
1865,"CO2","RCO",11,11080.5556959843,"kt"
1865,"CO2","RCO",12,18602.1070830491,"kt"
1866,"CO2","AGR",1,0,"kt"
1866,"CO2","AGR",2,0,"kt"
1866,"CO2","AGR",3,0,"kt"
1866,"CO2","AGR",4,0,"kt"
1866,"CO2","AGR",5,0,"kt"
1866,"CO2","AGR",6,0,"kt"
1866,"CO2","AGR",7,0,"kt"
1866,"CO2","AGR",8,0,"kt"
1866,"CO2","AGR",9,0,"kt"
1866,"CO2","AGR",10,0,"kt"
1866,"CO2","AGR",11,0,"kt"
1866,"CO2","AGR",12,0,"kt"
1866,"CO2","ENE",1,7384.43484404242,"kt"
1866,"CO2","ENE",2,6243.71172357417,"kt"
1866,"CO2","ENE",3,6145.32928550348,"kt"
1866,"CO2","ENE",4,5453.61074595463,"kt"
1866,"CO2","ENE",5,4720.04663146407,"kt"
1866,"CO2","ENE",6,4277.57672451522,"kt"
1866,"CO2","ENE",7,4415.69140371417,"kt"
1866,"CO2","ENE",8,4210.6628425198,"kt"
1866,"CO2","ENE",9,4334.08421067629,"kt"
1866,"CO2","ENE",10,4974.35521649411,"kt"
1866,"CO2","ENE",11,5411.68545695246,"kt"
1866,"CO2","ENE",12,6729.06357882564,"kt"
1866,"CO2","IND",1,22539.3410028129,"kt"
1866,"CO2","IND",2,20359.6236753406,"kt"
1866,"CO2","IND",3,20293.6815770887,"kt"
1866,"CO2","IND",4,19642.280732906,"kt"
1866,"CO2","IND",5,16929.369747145,"kt"
1866,"CO2","IND",6,15299.0771801308,"kt"
1866,"CO2","IND",7,14685.3812448779,"kt"
1866,"CO2","IND",8,15809.0464194685,"kt"
1866,"CO2","IND",9,15295.84313473,"kt"
1866,"CO2","IND",10,18053.0349217357,"kt"
1866,"CO2","IND",11,19640.6637102056,"kt"
1866,"CO2","IND",12,22541.01192627,"kt"
1866,"CO2","TRA",1,1128.84393916435,"kt"
1866,"CO2","TRA",2,1019.60097730974,"kt"
1866,"CO2","TRA",3,1128.84393916435,"kt"
1866,"CO2","TRA",4,1092.42961854615,"kt"
1866,"CO2","TRA",5,1128.84393916435,"kt"
1866,"CO2","TRA",6,1092.42961854615,"kt"
1866,"CO2","TRA",7,1128.84393916435,"kt"
1866,"CO2","TRA",8,1128.84393916435,"kt"
1866,"CO2","TRA",9,1092.42961854615,"kt"
1866,"CO2","TRA",10,1128.84393916435,"kt"
1866,"CO2","TRA",11,1092.42961854615,"kt"
1866,"CO2","TRA",12,1128.84393916435,"kt"
1866,"CO2","SLV",1,1.12363404208673,"kt"
1866,"CO2","SLV",2,1.01489526382027,"kt"
1866,"CO2","SLV",3,1.12363404208673,"kt"
1866,"CO2","SLV",4,1.08738778266458,"kt"
1866,"CO2","SLV",5,1.12363404208673,"kt"
1866,"CO2","SLV",6,1.08738778266458,"kt"
1866,"CO2","SLV",7,1.12363404208673,"kt"
1866,"CO2","SLV",8,1.12363404208673,"kt"
1866,"CO2","SLV",9,1.08738778266458,"kt"
1866,"CO2","SLV",10,1.12363404208673,"kt"
1866,"CO2","SLV",11,1.08738778266458,"kt"
1866,"CO2","SLV",12,1.12363404208673,"kt"
1866,"CO2","WST",1,0,"kt"
1866,"CO2","WST",2,0,"kt"
1866,"CO2","WST",3,0,"kt"
1866,"CO2","WST",4,0,"kt"
1866,"CO2","WST",5,0,"kt"
1866,"CO2","WST",6,0,"kt"
1866,"CO2","WST",7,0,"kt"
1866,"CO2","WST",8,0,"kt"
1866,"CO2","WST",9,0,"kt"
1866,"CO2","WST",10,0,"kt"
1866,"CO2","WST",11,0,"kt"
1866,"CO2","WST",12,0,"kt"
1866,"CO2","SHP",1,0,"kt"
1866,"CO2","SHP",2,0,"kt"
1866,"CO2","SHP",3,0,"kt"
1866,"CO2","SHP",4,0,"kt"
1866,"CO2","SHP",5,0,"kt"
1866,"CO2","SHP",6,0,"kt"
1866,"CO2","SHP",7,0,"kt"
1866,"CO2","SHP",8,0,"kt"
1866,"CO2","SHP",9,0,"kt"
1866,"CO2","SHP",10,0,"kt"
1866,"CO2","SHP",11,0,"kt"
1866,"CO2","SHP",12,0,"kt"
1866,"CO2","RCO",1,19210.0730170663,"kt"
1866,"CO2","RCO",2,15355.8280111451,"kt"
1866,"CO2","RCO",3,13360.7225279953,"kt"
1866,"CO2","RCO",4,9121.20405961606,"kt"
1866,"CO2","RCO",5,5876.73165152031,"kt"
1866,"CO2","RCO",6,5283.58110940813,"kt"
1866,"CO2","RCO",7,5637.42399880174,"kt"
1866,"CO2","RCO",8,5637.88251685947,"kt"
1866,"CO2","RCO",9,5292.45462579664,"kt"
1866,"CO2","RCO",10,7076.19318869741,"kt"
1866,"CO2","RCO",11,11176.9155328978,"kt"
1866,"CO2","RCO",12,18727.7699068187,"kt"
1867,"CO2","AGR",1,0,"kt"
1867,"CO2","AGR",2,0,"kt"
1867,"CO2","AGR",3,0,"kt"
1867,"CO2","AGR",4,0,"kt"
1867,"CO2","AGR",5,0,"kt"
1867,"CO2","AGR",6,0,"kt"
1867,"CO2","AGR",7,0,"kt"
1867,"CO2","AGR",8,0,"kt"
1867,"CO2","AGR",9,0,"kt"
1867,"CO2","AGR",10,0,"kt"
1867,"CO2","AGR",11,0,"kt"
1867,"CO2","AGR",12,0,"kt"
1867,"CO2","ENE",1,8050.88941284865,"kt"
1867,"CO2","ENE",2,6803.32817560573,"kt"
1867,"CO2","ENE",3,6717.895501717,"kt"
1867,"CO2","ENE",4,5966.50239267614,"kt"
1867,"CO2","ENE",5,5215.34194450379,"kt"
1867,"CO2","ENE",6,4765.68144541792,"kt"
1867,"CO2","ENE",7,4934.69783388662,"kt"
1867,"CO2","ENE",8,4720.61444023523,"kt"
1867,"CO2","ENE",9,4819.9804560995,"kt"
1867,"CO2","ENE",10,5490.27163384606,"kt"
1867,"CO2","ENE",11,5937.40399250397,"kt"
1867,"CO2","ENE",12,7354.4637329096,"kt"
1867,"CO2","IND",1,24018.9062410049,"kt"
1867,"CO2","IND",2,21696.4075708907,"kt"
1867,"CO2","IND",3,21623.3879087441,"kt"
1867,"CO2","IND",4,20929.9555763979,"kt"
1867,"CO2","IND",5,18035.40147727,"kt"
1867,"CO2","IND",6,16297.5647915709,"kt"
1867,"CO2","IND",7,15641.9995717761,"kt"
1867,"CO2","IND",8,16840.8169512899,"kt"
1867,"CO2","IND",9,16293.4684816996,"kt"
1867,"CO2","IND",10,19234.2188567839,"kt"
1867,"CO2","IND",11,20927.9074214622,"kt"
1867,"CO2","IND",12,24021.0226677718,"kt"
1867,"CO2","TRA",1,1201.79503669423,"kt"
1867,"CO2","TRA",2,1085.49229120769,"kt"
1867,"CO2","TRA",3,1201.79503669423,"kt"
1867,"CO2","TRA",4,1163.02745486538,"kt"
1867,"CO2","TRA",5,1201.79503669423,"kt"
1867,"CO2","TRA",6,1163.02745486538,"kt"
1867,"CO2","TRA",7,1201.79503669423,"kt"
1867,"CO2","TRA",8,1201.79503669423,"kt"
1867,"CO2","TRA",9,1163.02745486538,"kt"
1867,"CO2","TRA",10,1201.79503669423,"kt"
1867,"CO2","TRA",11,1163.02745486538,"kt"
1867,"CO2","TRA",12,1201.79503669423,"kt"
1867,"CO2","SLV",1,1.17970989295249,"kt"
1867,"CO2","SLV",2,1.06554441944096,"kt"
1867,"CO2","SLV",3,1.17970989295249,"kt"
1867,"CO2","SLV",4,1.14165473511532,"kt"
1867,"CO2","SLV",5,1.17970989295249,"kt"
1867,"CO2","SLV",6,1.14165473511532,"kt"
1867,"CO2","SLV",7,1.17970989295249,"kt"
1867,"CO2","SLV",8,1.17970989295249,"kt"
1867,"CO2","SLV",9,1.14165473511532,"kt"
1867,"CO2","SLV",10,1.17970989295249,"kt"
1867,"CO2","SLV",11,1.14165473511532,"kt"
1867,"CO2","SLV",12,1.17970989295249,"kt"
1867,"CO2","WST",1,0,"kt"
1867,"CO2","WST",2,0,"kt"
1867,"CO2","WST",3,0,"kt"
1867,"CO2","WST",4,0,"kt"
1867,"CO2","WST",5,0,"kt"
1867,"CO2","WST",6,0,"kt"
1867,"CO2","WST",7,0,"kt"
1867,"CO2","WST",8,0,"kt"
1867,"CO2","WST",9,0,"kt"
1867,"CO2","WST",10,0,"kt"
1867,"CO2","WST",11,0,"kt"
1867,"CO2","WST",12,0,"kt"
1867,"CO2","SHP",1,0,"kt"
1867,"CO2","SHP",2,0,"kt"
1867,"CO2","SHP",3,0,"kt"
1867,"CO2","SHP",4,0,"kt"
1867,"CO2","SHP",5,0,"kt"
1867,"CO2","SHP",6,0,"kt"
1867,"CO2","SHP",7,0,"kt"
1867,"CO2","SHP",8,0,"kt"
1867,"CO2","SHP",9,0,"kt"
1867,"CO2","SHP",10,0,"kt"
1867,"CO2","SHP",11,0,"kt"
1867,"CO2","SHP",12,0,"kt"
1867,"CO2","RCO",1,20425.3461245269,"kt"
1867,"CO2","RCO",2,16271.7962714645,"kt"
1867,"CO2","RCO",3,14155.4512966702,"kt"
1867,"CO2","RCO",4,9494.69415485946,"kt"
1867,"CO2","RCO",5,6177.87086578033,"kt"
1867,"CO2","RCO",6,5563.72283297592,"kt"
1867,"CO2","RCO",7,5935.93062686135,"kt"
1867,"CO2","RCO",8,5936.47966856992,"kt"
1867,"CO2","RCO",9,5573.8271146009,"kt"
1867,"CO2","RCO",10,7430.8676375033,"kt"
1867,"CO2","RCO",11,11814.5106953097,"kt"
1867,"CO2","RCO",12,19909.0484900766,"kt"
1868,"CO2","AGR",1,0,"kt"
1868,"CO2","AGR",2,0,"kt"
1868,"CO2","AGR",3,0,"kt"
1868,"CO2","AGR",4,0,"kt"
1868,"CO2","AGR",5,0,"kt"
1868,"CO2","AGR",6,0,"kt"
1868,"CO2","AGR",7,0,"kt"
1868,"CO2","AGR",8,0,"kt"
1868,"CO2","AGR",9,0,"kt"
1868,"CO2","AGR",10,0,"kt"
1868,"CO2","AGR",11,0,"kt"
1868,"CO2","AGR",12,0,"kt"
1868,"CO2","ENE",1,8451.62236459421,"kt"
1868,"CO2","ENE",2,7139.30950759249,"kt"
1868,"CO2","ENE",3,7042.24116985642,"kt"
1868,"CO2","ENE",4,6256.99003710639,"kt"
1868,"CO2","ENE",5,5504.31416450501,"kt"
1868,"CO2","ENE",6,5041.5793929774,"kt"
1868,"CO2","ENE",7,5231.99628976661,"kt"
1868,"CO2","ENE",8,5023.32813374598,"kt"
1868,"CO2","ENE",9,5100.1118060719,"kt"
1868,"CO2","ENE",10,5782.95183620765,"kt"
1868,"CO2","ENE",11,6243.66644711488,"kt"
1868,"CO2","ENE",12,7723.20530119038,"kt"
1868,"CO2","IND",1,24582.4818952066,"kt"
1868,"CO2","IND",2,22205.1048633128,"kt"
1868,"CO2","IND",3,22129.8904518175,"kt"
1868,"CO2","IND",4,21419.3933656007,"kt"
1868,"CO2","IND",5,18455.3566525295,"kt"
1868,"CO2","IND",6,16675.8125325604,"kt"
1868,"CO2","IND",7,16004.5065554587,"kt"
1868,"CO2","IND",8,17231.6729503124,"kt"
1868,"CO2","IND",9,16672.4421848476,"kt"
1868,"CO2","IND",10,19682.5230473832,"kt"
1868,"CO2","IND",11,21417.7081917443,"kt"
1868,"CO2","IND",12,24584.2232415249,"kt"
1868,"CO2","TRA",1,1245.97321671234,"kt"
1868,"CO2","TRA",2,1125.39516348211,"kt"
1868,"CO2","TRA",3,1245.97321671234,"kt"
1868,"CO2","TRA",4,1205.78053230227,"kt"
1868,"CO2","TRA",5,1245.97321671234,"kt"
1868,"CO2","TRA",6,1205.78053230227,"kt"
1868,"CO2","TRA",7,1245.97321671234,"kt"
1868,"CO2","TRA",8,1245.97321671234,"kt"
1868,"CO2","TRA",9,1205.78053230227,"kt"
1868,"CO2","TRA",10,1245.97321671234,"kt"
1868,"CO2","TRA",11,1205.78053230227,"kt"
1868,"CO2","TRA",12,1245.97321671234,"kt"
1868,"CO2","SLV",1,1.37842087041599,"kt"
1868,"CO2","SLV",2,1.24502530231121,"kt"
1868,"CO2","SLV",3,1.37842087041599,"kt"
1868,"CO2","SLV",4,1.33395568104773,"kt"
1868,"CO2","SLV",5,1.37842087041599,"kt"
1868,"CO2","SLV",6,1.33395568104773,"kt"
1868,"CO2","SLV",7,1.37842087041599,"kt"
1868,"CO2","SLV",8,1.37842087041599,"kt"
1868,"CO2","SLV",9,1.33395568104773,"kt"
1868,"CO2","SLV",10,1.37842087041599,"kt"
1868,"CO2","SLV",11,1.33395568104773,"kt"
1868,"CO2","SLV",12,1.37842087041599,"kt"
1868,"CO2","WST",1,0,"kt"
1868,"CO2","WST",2,0,"kt"
1868,"CO2","WST",3,0,"kt"
1868,"CO2","WST",4,0,"kt"
1868,"CO2","WST",5,0,"kt"
1868,"CO2","WST",6,0,"kt"
1868,"CO2","WST",7,0,"kt"
1868,"CO2","WST",8,0,"kt"
1868,"CO2","WST",9,0,"kt"
1868,"CO2","WST",10,0,"kt"
1868,"CO2","WST",11,0,"kt"
1868,"CO2","WST",12,0,"kt"
1868,"CO2","SHP",1,0,"kt"
1868,"CO2","SHP",2,0,"kt"
1868,"CO2","SHP",3,0,"kt"
1868,"CO2","SHP",4,0,"kt"
1868,"CO2","SHP",5,0,"kt"
1868,"CO2","SHP",6,0,"kt"
1868,"CO2","SHP",7,0,"kt"
1868,"CO2","SHP",8,0,"kt"
1868,"CO2","SHP",9,0,"kt"
1868,"CO2","SHP",10,0,"kt"
1868,"CO2","SHP",11,0,"kt"
1868,"CO2","SHP",12,0,"kt"
1868,"CO2","RCO",1,20740.8022045286,"kt"
1868,"CO2","RCO",2,16469.5729862663,"kt"
1868,"CO2","RCO",3,14323.0140858803,"kt"
1868,"CO2","RCO",4,9454.22306689999,"kt"
1868,"CO2","RCO",5,6212.14738572522,"kt"
1868,"CO2","RCO",6,5605.24701087384,"kt"
1868,"CO2","RCO",7,5980.01784502859,"kt"
1868,"CO2","RCO",8,5980.62569773376,"kt"
1868,"CO2","RCO",9,5616.07558962267,"kt"
1868,"CO2","RCO",10,7458.70747146726,"kt"
1868,"CO2","RCO",11,11946.9524197301,"kt"
1868,"CO2","RCO",12,20208.0468394131,"kt"
1869,"CO2","AGR",1,0,"kt"
1869,"CO2","AGR",2,0,"kt"
1869,"CO2","AGR",3,0,"kt"
1869,"CO2","AGR",4,0,"kt"
1869,"CO2","AGR",5,0,"kt"
1869,"CO2","AGR",6,0,"kt"
1869,"CO2","AGR",7,0,"kt"
1869,"CO2","AGR",8,0,"kt"
1869,"CO2","AGR",9,0,"kt"
1869,"CO2","AGR",10,0,"kt"
1869,"CO2","AGR",11,0,"kt"
1869,"CO2","AGR",12,0,"kt"
1869,"CO2","ENE",1,9102.75271444182,"kt"
1869,"CO2","ENE",2,7683.53528617084,"kt"
1869,"CO2","ENE",3,7607.65418593446,"kt"
1869,"CO2","ENE",4,6761.2771033983,"kt"
1869,"CO2","ENE",5,5977.60606327547,"kt"
1869,"CO2","ENE",6,5507.23566811924,"kt"
1869,"CO2","ENE",7,5724.3862411337,"kt"
1869,"CO2","ENE",8,5496.49992047706,"kt"
1869,"CO2","ENE",9,5555.78263202469,"kt"
1869,"CO2","ENE",10,6275.08353043435,"kt"
1869,"CO2","ENE",11,6750.23105851939,"kt"
1869,"CO2","ENE",12,8337.00130764754,"kt"
1869,"CO2","IND",1,26095.5073342321,"kt"
1869,"CO2","IND",2,23571.5153852718,"kt"
1869,"CO2","IND",3,23491.3080850977,"kt"
1869,"CO2","IND",4,22736.4805144904,"kt"
1869,"CO2","IND",5,19588.8281029075,"kt"
1869,"CO2","IND",6,17699.0514321746,"kt"
1869,"CO2","IND",7,16986.1564103776,"kt"
1869,"CO2","IND",8,18289.0198132471,"kt"
1869,"CO2","IND",9,17696.0948710046,"kt"
1869,"CO2","IND",10,20891.6915057769,"kt"
1869,"CO2","IND",11,22735.0022339054,"kt"
1869,"CO2","IND",12,26097.0348908366,"kt"
1869,"CO2","TRA",1,1328.21110085471,"kt"
1869,"CO2","TRA",2,1199.67454270748,"kt"
1869,"CO2","TRA",3,1328.21110085471,"kt"
1869,"CO2","TRA",4,1285.3655814723,"kt"
1869,"CO2","TRA",5,1328.21110085471,"kt"
1869,"CO2","TRA",6,1285.3655814723,"kt"
1869,"CO2","TRA",7,1328.21110085471,"kt"
1869,"CO2","TRA",8,1328.21110085471,"kt"
1869,"CO2","TRA",9,1285.3655814723,"kt"
1869,"CO2","TRA",10,1328.21110085471,"kt"
1869,"CO2","TRA",11,1285.3655814723,"kt"
1869,"CO2","TRA",12,1328.21110085471,"kt"
1869,"CO2","SLV",1,1.58503116034731,"kt"
1869,"CO2","SLV",2,1.43164104805564,"kt"
1869,"CO2","SLV",3,1.58503116034731,"kt"
1869,"CO2","SLV",4,1.53390112291675,"kt"
1869,"CO2","SLV",5,1.58503116034731,"kt"
1869,"CO2","SLV",6,1.53390112291675,"kt"
1869,"CO2","SLV",7,1.58503116034731,"kt"
1869,"CO2","SLV",8,1.58503116034731,"kt"
1869,"CO2","SLV",9,1.53390112291675,"kt"
1869,"CO2","SLV",10,1.58503116034731,"kt"
1869,"CO2","SLV",11,1.53390112291675,"kt"
1869,"CO2","SLV",12,1.58503116034731,"kt"
1869,"CO2","WST",1,0,"kt"
1869,"CO2","WST",2,0,"kt"
1869,"CO2","WST",3,0,"kt"
1869,"CO2","WST",4,0,"kt"
1869,"CO2","WST",5,0,"kt"
1869,"CO2","WST",6,0,"kt"
1869,"CO2","WST",7,0,"kt"
1869,"CO2","WST",8,0,"kt"
1869,"CO2","WST",9,0,"kt"
1869,"CO2","WST",10,0,"kt"
1869,"CO2","WST",11,0,"kt"
1869,"CO2","WST",12,0,"kt"
1869,"CO2","SHP",1,0,"kt"
1869,"CO2","SHP",2,0,"kt"
1869,"CO2","SHP",3,0,"kt"
1869,"CO2","SHP",4,0,"kt"
1869,"CO2","SHP",5,0,"kt"
1869,"CO2","SHP",6,0,"kt"
1869,"CO2","SHP",7,0,"kt"
1869,"CO2","SHP",8,0,"kt"
1869,"CO2","SHP",9,0,"kt"
1869,"CO2","SHP",10,0,"kt"
1869,"CO2","SHP",11,0,"kt"
1869,"CO2","SHP",12,0,"kt"
1869,"CO2","RCO",1,21781.6218524747,"kt"
1869,"CO2","RCO",2,17266.4106067801,"kt"
1869,"CO2","RCO",3,15007.7644439485,"kt"
1869,"CO2","RCO",4,9818.36343260316,"kt"
1869,"CO2","RCO",5,6488.73501763451,"kt"
1869,"CO2","RCO",6,5862.21644819926,"kt"
1869,"CO2","RCO",7,6254.35111194668,"kt"
1869,"CO2","RCO",8,6254.96575312413,"kt"
1869,"CO2","RCO",9,5873.55324661153,"kt"
1869,"CO2","RCO",10,7784.77144511934,"kt"
1869,"CO2","RCO",11,12505.9182903848,"kt"
1869,"CO2","RCO",12,21221.131167618,"kt"
1870,"CO2","AGR",1,0,"kt"
1870,"CO2","AGR",2,0,"kt"
1870,"CO2","AGR",3,0,"kt"
1870,"CO2","AGR",4,0,"kt"
1870,"CO2","AGR",5,0,"kt"
1870,"CO2","AGR",6,0,"kt"
1870,"CO2","AGR",7,0,"kt"
1870,"CO2","AGR",8,0,"kt"
1870,"CO2","AGR",9,0,"kt"
1870,"CO2","AGR",10,0,"kt"
1870,"CO2","AGR",11,0,"kt"
1870,"CO2","AGR",12,0,"kt"
1870,"CO2","ENE",1,9218.18532577584,"kt"
1870,"CO2","ENE",2,7780.02885394078,"kt"
1870,"CO2","ENE",3,7783.52079669589,"kt"
1870,"CO2","ENE",4,6922.46663999531,"kt"
1870,"CO2","ENE",5,6153.13427884243,"kt"
1870,"CO2","ENE",6,5737.19682280552,"kt"
1870,"CO2","ENE",7,5969.99868042919,"kt"
1870,"CO2","ENE",8,5723.08791625143,"kt"
1870,"CO2","ENE",9,5770.05200873061,"kt"
1870,"CO2","ENE",10,6479.71631027893,"kt"
1870,"CO2","ENE",11,6901.41401735513,"kt"
1870,"CO2","ENE",12,8479.1208878852,"kt"
1870,"CO2","IND",1,27115.1828997206,"kt"
1870,"CO2","IND",2,24492.4257609951,"kt"
1870,"CO2","IND",3,24408.8948844913,"kt"
1870,"CO2","IND",4,23624.281505637,"kt"
1870,"CO2","IND",5,20353.0412008144,"kt"
1870,"CO2","IND",6,18389.0750290645,"kt"
1870,"CO2","IND",7,17648.1845212519,"kt"
1870,"CO2","IND",8,19002.0441967,"kt"
1870,"CO2","IND",9,18386.3047019674,"kt"
1870,"CO2","IND",10,21706.9008762625,"kt"
1870,"CO2","IND",11,23622.8963420885,"kt"
1870,"CO2","IND",12,27116.6142353874,"kt"
1870,"CO2","TRA",1,1344.67721432009,"kt"
1870,"CO2","TRA",2,1214.54716132137,"kt"
1870,"CO2","TRA",3,1344.67721432009,"kt"
1870,"CO2","TRA",4,1301.30052998718,"kt"
1870,"CO2","TRA",5,1344.67721432009,"kt"
1870,"CO2","TRA",6,1301.30052998718,"kt"
1870,"CO2","TRA",7,1344.67721432009,"kt"
1870,"CO2","TRA",8,1344.67721432009,"kt"
1870,"CO2","TRA",9,1301.30052998718,"kt"
1870,"CO2","TRA",10,1344.67721432009,"kt"
1870,"CO2","TRA",11,1301.30052998718,"kt"
1870,"CO2","TRA",12,1344.67721432009,"kt"
1870,"CO2","SLV",1,1.90952583574228,"kt"
1870,"CO2","SLV",2,1.72473301292851,"kt"
1870,"CO2","SLV",3,1.90952583574228,"kt"
1870,"CO2","SLV",4,1.84792822813769,"kt"
1870,"CO2","SLV",5,1.90952583574228,"kt"
1870,"CO2","SLV",6,1.84792822813769,"kt"
1870,"CO2","SLV",7,1.90952583574228,"kt"
1870,"CO2","SLV",8,1.90952583574228,"kt"
1870,"CO2","SLV",9,1.84792822813769,"kt"
1870,"CO2","SLV",10,1.90952583574228,"kt"
1870,"CO2","SLV",11,1.84792822813769,"kt"
1870,"CO2","SLV",12,1.90952583574228,"kt"
1870,"CO2","WST",1,0,"kt"
1870,"CO2","WST",2,0,"kt"
1870,"CO2","WST",3,0,"kt"
1870,"CO2","WST",4,0,"kt"
1870,"CO2","WST",5,0,"kt"
1870,"CO2","WST",6,0,"kt"
1870,"CO2","WST",7,0,"kt"
1870,"CO2","WST",8,0,"kt"
1870,"CO2","WST",9,0,"kt"
1870,"CO2","WST",10,0,"kt"
1870,"CO2","WST",11,0,"kt"
1870,"CO2","WST",12,0,"kt"
1870,"CO2","SHP",1,0,"kt"
1870,"CO2","SHP",2,0,"kt"
1870,"CO2","SHP",3,0,"kt"
1870,"CO2","SHP",4,0,"kt"
1870,"CO2","SHP",5,0,"kt"
1870,"CO2","SHP",6,0,"kt"
1870,"CO2","SHP",7,0,"kt"
1870,"CO2","SHP",8,0,"kt"
1870,"CO2","SHP",9,0,"kt"
1870,"CO2","SHP",10,0,"kt"
1870,"CO2","SHP",11,0,"kt"
1870,"CO2","SHP",12,0,"kt"
1870,"CO2","RCO",1,21834.0340033846,"kt"
1870,"CO2","RCO",2,17293.9393123453,"kt"
1870,"CO2","RCO",3,15052.8592784996,"kt"
1870,"CO2","RCO",4,9791.56397464549,"kt"
1870,"CO2","RCO",5,6471.34783282886,"kt"
1870,"CO2","RCO",6,5846.3186589902,"kt"
1870,"CO2","RCO",7,6236.92519056656,"kt"
1870,"CO2","RCO",8,6237.62158804097,"kt"
1870,"CO2","RCO",9,5858.80905952898,"kt"
1870,"CO2","RCO",10,7780.69624270992,"kt"
1870,"CO2","RCO",11,12518.1022544552,"kt"
1870,"CO2","RCO",12,21267.1784860891,"kt"
1871,"CO2","AGR",1,0,"kt"
1871,"CO2","AGR",2,0,"kt"
1871,"CO2","AGR",3,0,"kt"
1871,"CO2","AGR",4,0,"kt"
1871,"CO2","AGR",5,0,"kt"
1871,"CO2","AGR",6,0,"kt"
1871,"CO2","AGR",7,0,"kt"
1871,"CO2","AGR",8,0,"kt"
1871,"CO2","AGR",9,0,"kt"
1871,"CO2","AGR",10,0,"kt"
1871,"CO2","AGR",11,0,"kt"
1871,"CO2","AGR",12,0,"kt"
1871,"CO2","ENE",1,10033.0410440729,"kt"
1871,"CO2","ENE",2,8474.25458633844,"kt"
1871,"CO2","ENE",3,8507.52494438618,"kt"
1871,"CO2","ENE",4,7572.54852732586,"kt"
1871,"CO2","ENE",5,6734.28619029604,"kt"
1871,"CO2","ENE",6,6294.35108883591,"kt"
1871,"CO2","ENE",7,6546.48552914513,"kt"
1871,"CO2","ENE",8,6281.87480526891,"kt"
1871,"CO2","ENE",9,6345.36949349059,"kt"
1871,"CO2","ENE",10,7119.26067295725,"kt"
1871,"CO2","ENE",11,7548.91956905838,"kt"
1871,"CO2","ENE",12,9236.9925402221,"kt"
1871,"CO2","IND",1,28826.8293402849,"kt"
1871,"CO2","IND",2,26038.6095025672,"kt"
1871,"CO2","IND",3,25949.9123511554,"kt"
1871,"CO2","IND",4,25115.9755277269,"kt"
1871,"CO2","IND",5,21638.6148184976,"kt"
1871,"CO2","IND",6,19550.9062205367,"kt"
1871,"CO2","IND",7,18763.3290097826,"kt"
1871,"CO2","IND",8,20202.6030945546,"kt"
1871,"CO2","IND",9,19547.7490971538,"kt"
1871,"CO2","IND",10,23077.8889032695,"kt"
1871,"CO2","IND",11,25114.3969660354,"kt"
1871,"CO2","IND",12,28828.4605206994,"kt"
1871,"CO2","TRA",1,1451.21837872362,"kt"
1871,"CO2","TRA",2,1310.77789046004,"kt"
1871,"CO2","TRA",3,1451.21837872362,"kt"
1871,"CO2","TRA",4,1404.40488263576,"kt"
1871,"CO2","TRA",5,1451.21837872362,"kt"
1871,"CO2","TRA",6,1404.40488263576,"kt"
1871,"CO2","TRA",7,1451.21837872362,"kt"
1871,"CO2","TRA",8,1451.21837872362,"kt"
1871,"CO2","TRA",9,1404.40488263576,"kt"
1871,"CO2","TRA",10,1451.21837872362,"kt"
1871,"CO2","TRA",11,1404.40488263576,"kt"
1871,"CO2","TRA",12,1451.21837872362,"kt"
1871,"CO2","SLV",1,2.036606767406,"kt"
1871,"CO2","SLV",2,1.8395157899151,"kt"
1871,"CO2","SLV",3,2.036606767406,"kt"
1871,"CO2","SLV",4,1.97090977490903,"kt"
1871,"CO2","SLV",5,2.036606767406,"kt"
1871,"CO2","SLV",6,1.97090977490903,"kt"
1871,"CO2","SLV",7,2.036606767406,"kt"
1871,"CO2","SLV",8,2.036606767406,"kt"
1871,"CO2","SLV",9,1.97090977490903,"kt"
1871,"CO2","SLV",10,2.036606767406,"kt"
1871,"CO2","SLV",11,1.97090977490903,"kt"
1871,"CO2","SLV",12,2.036606767406,"kt"
1871,"CO2","WST",1,0,"kt"
1871,"CO2","WST",2,0,"kt"
1871,"CO2","WST",3,0,"kt"
1871,"CO2","WST",4,0,"kt"
1871,"CO2","WST",5,0,"kt"
1871,"CO2","WST",6,0,"kt"
1871,"CO2","WST",7,0,"kt"
1871,"CO2","WST",8,0,"kt"
1871,"CO2","WST",9,0,"kt"
1871,"CO2","WST",10,0,"kt"
1871,"CO2","WST",11,0,"kt"
1871,"CO2","WST",12,0,"kt"
1871,"CO2","SHP",1,0,"kt"
1871,"CO2","SHP",2,0,"kt"
1871,"CO2","SHP",3,0,"kt"
1871,"CO2","SHP",4,0,"kt"
1871,"CO2","SHP",5,0,"kt"
1871,"CO2","SHP",6,0,"kt"
1871,"CO2","SHP",7,0,"kt"
1871,"CO2","SHP",8,0,"kt"
1871,"CO2","SHP",9,0,"kt"
1871,"CO2","SHP",10,0,"kt"
1871,"CO2","SHP",11,0,"kt"
1871,"CO2","SHP",12,0,"kt"
1871,"CO2","RCO",1,22755.8225188799,"kt"
1871,"CO2","RCO",2,18021.3534002292,"kt"
1871,"CO2","RCO",3,15709.437270354,"kt"
1871,"CO2","RCO",4,10181.4497403505,"kt"
1871,"CO2","RCO",5,6712.89419047283,"kt"
1871,"CO2","RCO",6,6062.53082345571,"kt"
1871,"CO2","RCO",7,6467.29185853229,"kt"
1871,"CO2","RCO",8,6468.11188625427,"kt"
1871,"CO2","RCO",9,6077.60021730015,"kt"
1871,"CO2","RCO",10,8099.30128463083,"kt"
1871,"CO2","RCO",11,13067.7209031388,"kt"
1871,"CO2","RCO",12,22164.3795769981,"kt"
1872,"CO2","AGR",1,0,"kt"
1872,"CO2","AGR",2,0,"kt"
1872,"CO2","AGR",3,0,"kt"
1872,"CO2","AGR",4,0,"kt"
1872,"CO2","AGR",5,0,"kt"
1872,"CO2","AGR",6,0,"kt"
1872,"CO2","AGR",7,0,"kt"
1872,"CO2","AGR",8,0,"kt"
1872,"CO2","AGR",9,0,"kt"
1872,"CO2","AGR",10,0,"kt"
1872,"CO2","AGR",11,0,"kt"
1872,"CO2","AGR",12,0,"kt"
1872,"CO2","ENE",1,11373.7255758572,"kt"
1872,"CO2","ENE",2,9588.36361555604,"kt"
1872,"CO2","ENE",3,9582.1899253292,"kt"
1872,"CO2","ENE",4,8526.03406940985,"kt"
1872,"CO2","ENE",5,7631.28617776412,"kt"
1872,"CO2","ENE",6,7127.73395307089,"kt"
1872,"CO2","ENE",7,7434.37890395372,"kt"
1872,"CO2","ENE",8,7150.22123809166,"kt"
1872,"CO2","ENE",9,7162.31612994452,"kt"
1872,"CO2","ENE",10,8011.06945443308,"kt"
1872,"CO2","ENE",11,8527.67904929073,"kt"
1872,"CO2","ENE",12,10472.5200513337,"kt"
1872,"CO2","IND",1,31505.9888860505,"kt"
1872,"CO2","IND",2,28458.5195432841,"kt"
1872,"CO2","IND",3,28361.5230627019,"kt"
1872,"CO2","IND",4,27449.8437725958,"kt"
1872,"CO2","IND",5,23648.9687055712,"kt"
1872,"CO2","IND",6,21366.9894393214,"kt"
1872,"CO2","IND",7,20506.1606333794,"kt"
1872,"CO2","IND",8,22079.2224206322,"kt"
1872,"CO2","IND",9,21363.7808886953,"kt"
1872,"CO2","IND",10,25222.0304928239,"kt"
1872,"CO2","IND",11,27448.2394972827,"kt"
1872,"CO2","IND",12,31507.6466372073,"kt"
1872,"CO2","TRA",1,1640.42813194921,"kt"
1872,"CO2","TRA",2,1481.67702240574,"kt"
1872,"CO2","TRA",3,1640.42813194921,"kt"
1872,"CO2","TRA",4,1587.51109543472,"kt"
1872,"CO2","TRA",5,1640.42813194921,"kt"
1872,"CO2","TRA",6,1587.51109543472,"kt"
1872,"CO2","TRA",7,1640.42813194921,"kt"
1872,"CO2","TRA",8,1640.42813194921,"kt"
1872,"CO2","TRA",9,1587.51109543472,"kt"
1872,"CO2","TRA",10,1640.42813194921,"kt"
1872,"CO2","TRA",11,1587.51109543472,"kt"
1872,"CO2","TRA",12,1640.42813194921,"kt"
1872,"CO2","SLV",1,2.26981198508971,"kt"
1872,"CO2","SLV",2,2.05015276072619,"kt"
1872,"CO2","SLV",3,2.26981198508971,"kt"
1872,"CO2","SLV",4,2.19659224363521,"kt"
1872,"CO2","SLV",5,2.26981198508971,"kt"
1872,"CO2","SLV",6,2.19659224363521,"kt"
1872,"CO2","SLV",7,2.26981198508971,"kt"
1872,"CO2","SLV",8,2.26981198508971,"kt"
1872,"CO2","SLV",9,2.19659224363521,"kt"
1872,"CO2","SLV",10,2.26981198508971,"kt"
1872,"CO2","SLV",11,2.19659224363521,"kt"
1872,"CO2","SLV",12,2.26981198508971,"kt"
1872,"CO2","WST",1,0,"kt"
1872,"CO2","WST",2,0,"kt"
1872,"CO2","WST",3,0,"kt"
1872,"CO2","WST",4,0,"kt"
1872,"CO2","WST",5,0,"kt"
1872,"CO2","WST",6,0,"kt"
1872,"CO2","WST",7,0,"kt"
1872,"CO2","WST",8,0,"kt"
1872,"CO2","WST",9,0,"kt"
1872,"CO2","WST",10,0,"kt"
1872,"CO2","WST",11,0,"kt"
1872,"CO2","WST",12,0,"kt"
1872,"CO2","SHP",1,0,"kt"
1872,"CO2","SHP",2,0,"kt"
1872,"CO2","SHP",3,0,"kt"
1872,"CO2","SHP",4,0,"kt"
1872,"CO2","SHP",5,0,"kt"
1872,"CO2","SHP",6,0,"kt"
1872,"CO2","SHP",7,0,"kt"
1872,"CO2","SHP",8,0,"kt"
1872,"CO2","SHP",9,0,"kt"
1872,"CO2","SHP",10,0,"kt"
1872,"CO2","SHP",11,0,"kt"
1872,"CO2","SHP",12,0,"kt"
1872,"CO2","RCO",1,25253.4164784768,"kt"
1872,"CO2","RCO",2,19939.0663078814,"kt"
1872,"CO2","RCO",3,17353.0366660359,"kt"
1872,"CO2","RCO",4,11095.4804325291,"kt"
1872,"CO2","RCO",5,7413.33648655777,"kt"
1872,"CO2","RCO",6,6709.41999700869,"kt"
1872,"CO2","RCO",7,7157.43867056625,"kt"
1872,"CO2","RCO",8,7158.30289174752,"kt"
1872,"CO2","RCO",9,6725.34343159681,"kt"
1872,"CO2","RCO",10,8904.08245627749,"kt"
1872,"CO2","RCO",11,14418.3040087472,"kt"
1872,"CO2","RCO",12,24595.1635412317,"kt"
1873,"CO2","AGR",1,0,"kt"
1873,"CO2","AGR",2,0,"kt"
1873,"CO2","AGR",3,0,"kt"
1873,"CO2","AGR",4,0,"kt"
1873,"CO2","AGR",5,0,"kt"
1873,"CO2","AGR",6,0,"kt"
1873,"CO2","AGR",7,0,"kt"
1873,"CO2","AGR",8,0,"kt"
1873,"CO2","AGR",9,0,"kt"
1873,"CO2","AGR",10,0,"kt"
1873,"CO2","AGR",11,0,"kt"
1873,"CO2","AGR",12,0,"kt"
1873,"CO2","ENE",1,12273.4484883232,"kt"
1873,"CO2","ENE",2,10342.1577012617,"kt"
1873,"CO2","ENE",3,10328.0859978669,"kt"
1873,"CO2","ENE",4,9188.37848971056,"kt"
1873,"CO2","ENE",5,8249.05145011017,"kt"
1873,"CO2","ENE",6,7714.10658470675,"kt"
1873,"CO2","ENE",7,8055.0309519555,"kt"
1873,"CO2","ENE",8,7754.17145284079,"kt"
1873,"CO2","ENE",9,7743.11885566831,"kt"
1873,"CO2","ENE",10,8642.36738998957,"kt"
1873,"CO2","ENE",11,9200.06999433631,"kt"
1873,"CO2","ENE",12,11304.0058732736,"kt"
1873,"CO2","IND",1,33358.5441750306,"kt"
1873,"CO2","IND",2,30132.1117371232,"kt"
1873,"CO2","IND",3,30029.843212904,"kt"
1873,"CO2","IND",4,29065.0252486601,"kt"
1873,"CO2","IND",5,25041.8120331033,"kt"
1873,"CO2","IND",6,22626.2648807163,"kt"
1873,"CO2","IND",7,21715.1191763324,"kt"
1873,"CO2","IND",8,23380.4737100736,"kt"
1873,"CO2","IND",9,22622.3782251891,"kt"
1873,"CO2","IND",10,26707.1665668445,"kt"
1873,"CO2","IND",11,29063.0819208965,"kt"
1873,"CO2","IND",12,33360.5522803864,"kt"
1873,"CO2","TRA",1,1792.60016387909,"kt"
1873,"CO2","TRA",2,1619.12272866498,"kt"
1873,"CO2","TRA",3,1792.60016387909,"kt"
1873,"CO2","TRA",4,1734.77435214105,"kt"
1873,"CO2","TRA",5,1792.60016387909,"kt"
1873,"CO2","TRA",6,1734.77435214105,"kt"
1873,"CO2","TRA",7,1792.60016387909,"kt"
1873,"CO2","TRA",8,1792.60016387909,"kt"
1873,"CO2","TRA",9,1734.77435214105,"kt"
1873,"CO2","TRA",10,1792.60016387909,"kt"
1873,"CO2","TRA",11,1734.77435214105,"kt"
1873,"CO2","TRA",12,1792.60016387909,"kt"
1873,"CO2","SLV",1,3.48025137006313,"kt"
1873,"CO2","SLV",2,3.1434528503796,"kt"
1873,"CO2","SLV",3,3.48025137006313,"kt"
1873,"CO2","SLV",4,3.36798519683529,"kt"
1873,"CO2","SLV",5,3.48025137006313,"kt"
1873,"CO2","SLV",6,3.36798519683529,"kt"
1873,"CO2","SLV",7,3.48025137006313,"kt"
1873,"CO2","SLV",8,3.48025137006313,"kt"
1873,"CO2","SLV",9,3.36798519683529,"kt"
1873,"CO2","SLV",10,3.48025137006313,"kt"
1873,"CO2","SLV",11,3.36798519683529,"kt"
1873,"CO2","SLV",12,3.48025137006313,"kt"
1873,"CO2","WST",1,0,"kt"
1873,"CO2","WST",2,0,"kt"
1873,"CO2","WST",3,0,"kt"
1873,"CO2","WST",4,0,"kt"
1873,"CO2","WST",5,0,"kt"
1873,"CO2","WST",6,0,"kt"
1873,"CO2","WST",7,0,"kt"
1873,"CO2","WST",8,0,"kt"
1873,"CO2","WST",9,0,"kt"
1873,"CO2","WST",10,0,"kt"
1873,"CO2","WST",11,0,"kt"
1873,"CO2","WST",12,0,"kt"
1873,"CO2","SHP",1,0,"kt"
1873,"CO2","SHP",2,0,"kt"
1873,"CO2","SHP",3,0,"kt"
1873,"CO2","SHP",4,0,"kt"
1873,"CO2","SHP",5,0,"kt"
1873,"CO2","SHP",6,0,"kt"
1873,"CO2","SHP",7,0,"kt"
1873,"CO2","SHP",8,0,"kt"
1873,"CO2","SHP",9,0,"kt"
1873,"CO2","SHP",10,0,"kt"
1873,"CO2","SHP",11,0,"kt"
1873,"CO2","SHP",12,0,"kt"
1873,"CO2","RCO",1,26523.7962305405,"kt"
1873,"CO2","RCO",2,20906.8020371658,"kt"
1873,"CO2","RCO",3,18180.1890378308,"kt"
1873,"CO2","RCO",4,11551.721865404,"kt"
1873,"CO2","RCO",5,7760.37177941645,"kt"
1873,"CO2","RCO",6,7031.67635542022,"kt"
1873,"CO2","RCO",7,7501.27956627641,"kt"
1873,"CO2","RCO",8,7502.15098875344,"kt"
1873,"CO2","RCO",9,7047.86802490628,"kt"
1873,"CO2","RCO",10,9304.62345949988,"kt"
1873,"CO2","RCO",11,15102.2188751859,"kt"
1873,"CO2","RCO",12,25830.402430913,"kt"
1874,"CO2","AGR",1,0,"kt"
1874,"CO2","AGR",2,0,"kt"
1874,"CO2","AGR",3,0,"kt"
1874,"CO2","AGR",4,0,"kt"
1874,"CO2","AGR",5,0,"kt"
1874,"CO2","AGR",6,0,"kt"
1874,"CO2","AGR",7,0,"kt"
1874,"CO2","AGR",8,0,"kt"
1874,"CO2","AGR",9,0,"kt"
1874,"CO2","AGR",10,0,"kt"
1874,"CO2","AGR",11,0,"kt"
1874,"CO2","AGR",12,0,"kt"
1874,"CO2","ENE",1,11429.4095680082,"kt"
1874,"CO2","ENE",2,9601.10795732437,"kt"
1874,"CO2","ENE",3,9647.45286606855,"kt"
1874,"CO2","ENE",4,8571.59342791526,"kt"
1874,"CO2","ENE",5,7685.95250689351,"kt"
1874,"CO2","ENE",6,7214.39479425013,"kt"
1874,"CO2","ENE",7,7538.86232130545,"kt"
1874,"CO2","ENE",8,7220.26554897858,"kt"
1874,"CO2","ENE",9,7188.78875908092,"kt"
1874,"CO2","ENE",10,8027.49827803082,"kt"
1874,"CO2","ENE",11,8552.17904274684,"kt"
1874,"CO2","ENE",12,10564.3810795094,"kt"
1874,"CO2","IND",1,31786.1864363383,"kt"
1874,"CO2","IND",2,28711.9540248612,"kt"
1874,"CO2","IND",3,28614.7924008327,"kt"
1874,"CO2","IND",4,27695.6991819044,"kt"
1874,"CO2","IND",5,23862.8222898267,"kt"
1874,"CO2","IND",6,21561.4817781535,"kt"
1874,"CO2","IND",7,20693.476631222,"kt"
1874,"CO2","IND",8,22280.1978374252,"kt"
1874,"CO2","IND",9,21557.5171777001,"kt"
1874,"CO2","IND",10,25449.5434960299,"kt"
1874,"CO2","IND",11,27693.7168816777,"kt"
1874,"CO2","IND",12,31788.2348132392,"kt"
1874,"CO2","TRA",1,1723.21375009635,"kt"
1874,"CO2","TRA",2,1556.45112911929,"kt"
1874,"CO2","TRA",3,1723.21375009635,"kt"
1874,"CO2","TRA",4,1667.62620977066,"kt"
1874,"CO2","TRA",5,1723.21375009635,"kt"
1874,"CO2","TRA",6,1667.62620977066,"kt"
1874,"CO2","TRA",7,1723.21375009635,"kt"
1874,"CO2","TRA",8,1723.21375009635,"kt"
1874,"CO2","TRA",9,1667.62620977066,"kt"
1874,"CO2","TRA",10,1723.21375009635,"kt"
1874,"CO2","TRA",11,1667.62620977066,"kt"
1874,"CO2","TRA",12,1723.21375009635,"kt"
1874,"CO2","SLV",1,4.00434915401975,"kt"
1874,"CO2","SLV",2,3.61683149395332,"kt"
1874,"CO2","SLV",3,4.00434915401975,"kt"
1874,"CO2","SLV",4,3.87517660066427,"kt"
1874,"CO2","SLV",5,4.00434915401975,"kt"
1874,"CO2","SLV",6,3.87517660066427,"kt"
1874,"CO2","SLV",7,4.00434915401975,"kt"
1874,"CO2","SLV",8,4.00434915401975,"kt"
1874,"CO2","SLV",9,3.87517660066427,"kt"
1874,"CO2","SLV",10,4.00434915401975,"kt"
1874,"CO2","SLV",11,3.87517660066427,"kt"
1874,"CO2","SLV",12,4.00434915401975,"kt"
1874,"CO2","WST",1,0,"kt"
1874,"CO2","WST",2,0,"kt"
1874,"CO2","WST",3,0,"kt"
1874,"CO2","WST",4,0,"kt"
1874,"CO2","WST",5,0,"kt"
1874,"CO2","WST",6,0,"kt"
1874,"CO2","WST",7,0,"kt"
1874,"CO2","WST",8,0,"kt"
1874,"CO2","WST",9,0,"kt"
1874,"CO2","WST",10,0,"kt"
1874,"CO2","WST",11,0,"kt"
1874,"CO2","WST",12,0,"kt"
1874,"CO2","SHP",1,0,"kt"
1874,"CO2","SHP",2,0,"kt"
1874,"CO2","SHP",3,0,"kt"
1874,"CO2","SHP",4,0,"kt"
1874,"CO2","SHP",5,0,"kt"
1874,"CO2","SHP",6,0,"kt"
1874,"CO2","SHP",7,0,"kt"
1874,"CO2","SHP",8,0,"kt"
1874,"CO2","SHP",9,0,"kt"
1874,"CO2","SHP",10,0,"kt"
1874,"CO2","SHP",11,0,"kt"
1874,"CO2","SHP",12,0,"kt"
1874,"CO2","RCO",1,24959.2035897382,"kt"
1874,"CO2","RCO",2,19687.4344082656,"kt"
1874,"CO2","RCO",3,17151.3397578014,"kt"
1874,"CO2","RCO",4,10892.7425698046,"kt"
1874,"CO2","RCO",5,7315.81753485057,"kt"
1874,"CO2","RCO",6,6625.82819779706,"kt"
1874,"CO2","RCO",7,7067.80845115403,"kt"
1874,"CO2","RCO",8,7068.66697846026,"kt"
1874,"CO2","RCO",9,6641.68389552499,"kt"
1874,"CO2","RCO",10,8780.3891508544,"kt"
1874,"CO2","RCO",11,14226.4786746853,"kt"
1874,"CO2","RCO",12,24307.6881283119,"kt"
1875,"CO2","AGR",1,0,"kt"
1875,"CO2","AGR",2,0,"kt"
1875,"CO2","AGR",3,0,"kt"
1875,"CO2","AGR",4,0,"kt"
1875,"CO2","AGR",5,0,"kt"
1875,"CO2","AGR",6,0,"kt"
1875,"CO2","AGR",7,0,"kt"
1875,"CO2","AGR",8,0,"kt"
1875,"CO2","AGR",9,0,"kt"
1875,"CO2","AGR",10,0,"kt"
1875,"CO2","AGR",11,0,"kt"
1875,"CO2","AGR",12,0,"kt"
1875,"CO2","ENE",1,12839.1096545696,"kt"
1875,"CO2","ENE",2,10821.8355266252,"kt"
1875,"CO2","ENE",3,10855.8810185081,"kt"
1875,"CO2","ENE",4,9665.86489289165,"kt"
1875,"CO2","ENE",5,8670.6291990332,"kt"
1875,"CO2","ENE",6,8134.81028364805,"kt"
1875,"CO2","ENE",7,8486.59380108853,"kt"
1875,"CO2","ENE",8,8151.2261557956,"kt"
1875,"CO2","ENE",9,8151.28786376683,"kt"
1875,"CO2","ENE",10,9099.87251625817,"kt"
1875,"CO2","ENE",11,9659.98193401573,"kt"
1875,"CO2","ENE",12,11842.1360795038,"kt"
1875,"CO2","IND",1,34243.0880297042,"kt"
1875,"CO2","IND",2,30930.9603956003,"kt"
1875,"CO2","IND",3,30825.6978709394,"kt"
1875,"CO2","IND",4,29835.0053657866,"kt"
1875,"CO2","IND",5,25704.3722249257,"kt"
1875,"CO2","IND",6,23224.3866782162,"kt"
1875,"CO2","IND",7,22288.8859030143,"kt"
1875,"CO2","IND",8,23998.5329008234,"kt"
1875,"CO2","IND",9,23220.7018326936,"kt"
1875,"CO2","IND",10,27414.0192227347,"kt"
1875,"CO2","IND",11,29833.1629430253,"kt"
1875,"CO2","IND",12,34244.9918665575,"kt"
1875,"CO2","TRA",1,1851.22907635199,"kt"
1875,"CO2","TRA",2,1672.0778754147,"kt"
1875,"CO2","TRA",3,1851.22907635199,"kt"
1875,"CO2","TRA",4,1791.5120093729,"kt"
1875,"CO2","TRA",5,1851.22907635199,"kt"
1875,"CO2","TRA",6,1791.5120093729,"kt"
1875,"CO2","TRA",7,1851.22907635199,"kt"
1875,"CO2","TRA",8,1851.22907635199,"kt"
1875,"CO2","TRA",9,1791.5120093729,"kt"
1875,"CO2","TRA",10,1851.22907635199,"kt"
1875,"CO2","TRA",11,1791.5120093729,"kt"
1875,"CO2","TRA",12,1851.22907635199,"kt"
1875,"CO2","SLV",1,3.9316903085314,"kt"
1875,"CO2","SLV",2,3.55120414964126,"kt"
1875,"CO2","SLV",3,3.9316903085314,"kt"
1875,"CO2","SLV",4,3.80486158890135,"kt"
1875,"CO2","SLV",5,3.9316903085314,"kt"
1875,"CO2","SLV",6,3.80486158890135,"kt"
1875,"CO2","SLV",7,3.9316903085314,"kt"
1875,"CO2","SLV",8,3.9316903085314,"kt"
1875,"CO2","SLV",9,3.80486158890135,"kt"
1875,"CO2","SLV",10,3.9316903085314,"kt"
1875,"CO2","SLV",11,3.80486158890135,"kt"
1875,"CO2","SLV",12,3.9316903085314,"kt"
1875,"CO2","WST",1,0,"kt"
1875,"CO2","WST",2,0,"kt"
1875,"CO2","WST",3,0,"kt"
1875,"CO2","WST",4,0,"kt"
1875,"CO2","WST",5,0,"kt"
1875,"CO2","WST",6,0,"kt"
1875,"CO2","WST",7,0,"kt"
1875,"CO2","WST",8,0,"kt"
1875,"CO2","WST",9,0,"kt"
1875,"CO2","WST",10,0,"kt"
1875,"CO2","WST",11,0,"kt"
1875,"CO2","WST",12,0,"kt"
1875,"CO2","SHP",1,0,"kt"
1875,"CO2","SHP",2,0,"kt"
1875,"CO2","SHP",3,0,"kt"
1875,"CO2","SHP",4,0,"kt"
1875,"CO2","SHP",5,0,"kt"
1875,"CO2","SHP",6,0,"kt"
1875,"CO2","SHP",7,0,"kt"
1875,"CO2","SHP",8,0,"kt"
1875,"CO2","SHP",9,0,"kt"
1875,"CO2","SHP",10,0,"kt"
1875,"CO2","SHP",11,0,"kt"
1875,"CO2","SHP",12,0,"kt"
1875,"CO2","RCO",1,25959.5789926605,"kt"
1875,"CO2","RCO",2,20466.4733504561,"kt"
1875,"CO2","RCO",3,17838.6136060309,"kt"
1875,"CO2","RCO",4,11335.9536766861,"kt"
1875,"CO2","RCO",5,7596.5043792841,"kt"
1875,"CO2","RCO",6,6880.94754813982,"kt"
1875,"CO2","RCO",7,7339.68436027108,"kt"
1875,"CO2","RCO",8,7340.58652988899,"kt"
1875,"CO2","RCO",9,6897.47888002644,"kt"
1875,"CO2","RCO",10,9137.63237700789,"kt"
1875,"CO2","RCO",11,14823.1551797431,"kt"
1875,"CO2","RCO",12,25273.345454796,"kt"
1876,"CO2","AGR",1,0,"kt"
1876,"CO2","AGR",2,0,"kt"
1876,"CO2","AGR",3,0,"kt"
1876,"CO2","AGR",4,0,"kt"
1876,"CO2","AGR",5,0,"kt"
1876,"CO2","AGR",6,0,"kt"
1876,"CO2","AGR",7,0,"kt"
1876,"CO2","AGR",8,0,"kt"
1876,"CO2","AGR",9,0,"kt"
1876,"CO2","AGR",10,0,"kt"
1876,"CO2","AGR",11,0,"kt"
1876,"CO2","AGR",12,0,"kt"
1876,"CO2","ENE",1,13370.6910870499,"kt"
1876,"CO2","ENE",2,11274.3686971306,"kt"
1876,"CO2","ENE",3,11307.9578454728,"kt"
1876,"CO2","ENE",4,10082.2846005723,"kt"
1876,"CO2","ENE",5,9034.40139797225,"kt"
1876,"CO2","ENE",6,8460.52038934473,"kt"
1876,"CO2","ENE",7,8810.47428358392,"kt"
1876,"CO2","ENE",8,8467.62317081093,"kt"
1876,"CO2","ENE",9,8489.85236806245,"kt"
1876,"CO2","ENE",10,9505.37460244471,"kt"
1876,"CO2","ENE",11,10088.7768290539,"kt"
1876,"CO2","ENE",12,12328.4895837876,"kt"
1876,"CO2","IND",1,34666.338711699,"kt"
1876,"CO2","IND",2,31313.4462407817,"kt"
1876,"CO2","IND",3,31207.1467848448,"kt"
1876,"CO2","IND",4,30204.5671330289,"kt"
1876,"CO2","IND",5,26023.6579603364,"kt"
1876,"CO2","IND",6,23513.4594545546,"kt"
1876,"CO2","IND",7,22566.5856597914,"kt"
1876,"CO2","IND",8,24297.2414363731,"kt"
1876,"CO2","IND",9,23509.3569520206,"kt"
1876,"CO2","IND",10,27754.3137369182,"kt"
1876,"CO2","IND",11,30202.5158817619,"kt"
1876,"CO2","IND",12,34668.4583380083,"kt"
1876,"CO2","TRA",1,1904.02875557366,"kt"
1876,"CO2","TRA",2,1719.76790826008,"kt"
1876,"CO2","TRA",3,1904.02875557366,"kt"
1876,"CO2","TRA",4,1842.6084731358,"kt"
1876,"CO2","TRA",5,1904.02875557366,"kt"
1876,"CO2","TRA",6,1842.6084731358,"kt"
1876,"CO2","TRA",7,1904.02875557366,"kt"
1876,"CO2","TRA",8,1904.02875557366,"kt"
1876,"CO2","TRA",9,1842.6084731358,"kt"
1876,"CO2","TRA",10,1904.02875557366,"kt"
1876,"CO2","TRA",11,1842.6084731358,"kt"
1876,"CO2","TRA",12,1904.02875557366,"kt"
1876,"CO2","SLV",1,4.48641950393961,"kt"
1876,"CO2","SLV",2,4.0522498745261,"kt"
1876,"CO2","SLV",3,4.48641950393961,"kt"
1876,"CO2","SLV",4,4.3416962941351,"kt"
1876,"CO2","SLV",5,4.48641950393961,"kt"
1876,"CO2","SLV",6,4.3416962941351,"kt"
1876,"CO2","SLV",7,4.48641950393961,"kt"
1876,"CO2","SLV",8,4.48641950393961,"kt"
1876,"CO2","SLV",9,4.3416962941351,"kt"
1876,"CO2","SLV",10,4.48641950393961,"kt"
1876,"CO2","SLV",11,4.3416962941351,"kt"
1876,"CO2","SLV",12,4.48641950393961,"kt"
1876,"CO2","WST",1,0,"kt"
1876,"CO2","WST",2,0,"kt"
1876,"CO2","WST",3,0,"kt"
1876,"CO2","WST",4,0,"kt"
1876,"CO2","WST",5,0,"kt"
1876,"CO2","WST",6,0,"kt"
1876,"CO2","WST",7,0,"kt"
1876,"CO2","WST",8,0,"kt"
1876,"CO2","WST",9,0,"kt"
1876,"CO2","WST",10,0,"kt"
1876,"CO2","WST",11,0,"kt"
1876,"CO2","WST",12,0,"kt"
1876,"CO2","SHP",1,0,"kt"
1876,"CO2","SHP",2,0,"kt"
1876,"CO2","SHP",3,0,"kt"
1876,"CO2","SHP",4,0,"kt"
1876,"CO2","SHP",5,0,"kt"
1876,"CO2","SHP",6,0,"kt"
1876,"CO2","SHP",7,0,"kt"
1876,"CO2","SHP",8,0,"kt"
1876,"CO2","SHP",9,0,"kt"
1876,"CO2","SHP",10,0,"kt"
1876,"CO2","SHP",11,0,"kt"
1876,"CO2","SHP",12,0,"kt"
1876,"CO2","RCO",1,25998.4676046408,"kt"
1876,"CO2","RCO",2,20478.8220870454,"kt"
1876,"CO2","RCO",3,17896.5870225582,"kt"
1876,"CO2","RCO",4,11351.5926086957,"kt"
1876,"CO2","RCO",5,7581.48641694349,"kt"
1876,"CO2","RCO",6,6868.33307313838,"kt"
1876,"CO2","RCO",7,7326.41203300989,"kt"
1876,"CO2","RCO",8,7327.30088770645,"kt"
1876,"CO2","RCO",9,6886.00090857797,"kt"
1876,"CO2","RCO",10,9154.99949132229,"kt"
1876,"CO2","RCO",11,14906.7274123735,"kt"
1876,"CO2","RCO",12,25292.9659531222,"kt"
1877,"CO2","AGR",1,0,"kt"
1877,"CO2","AGR",2,0,"kt"
1877,"CO2","AGR",3,0,"kt"
1877,"CO2","AGR",4,0,"kt"
1877,"CO2","AGR",5,0,"kt"
1877,"CO2","AGR",6,0,"kt"
1877,"CO2","AGR",7,0,"kt"
1877,"CO2","AGR",8,0,"kt"
1877,"CO2","AGR",9,0,"kt"
1877,"CO2","AGR",10,0,"kt"
1877,"CO2","AGR",11,0,"kt"
1877,"CO2","AGR",12,0,"kt"
1877,"CO2","ENE",1,13750.239846698,"kt"
1877,"CO2","ENE",2,11580.2209570673,"kt"
1877,"CO2","ENE",3,11672.2818416045,"kt"
1877,"CO2","ENE",4,10403.211959904,"kt"
1877,"CO2","ENE",5,9376.09413258638,"kt"
1877,"CO2","ENE",6,8848.14860042467,"kt"
1877,"CO2","ENE",7,9237.68629078129,"kt"
1877,"CO2","ENE",8,8873.18812139629,"kt"
1877,"CO2","ENE",9,8840.77296419597,"kt"
1877,"CO2","ENE",10,9840.67866584086,"kt"
1877,"CO2","ENE",11,10401.4768712931,"kt"
1877,"CO2","ENE",12,12711.7127147101,"kt"
1877,"CO2","IND",1,35178.0495625282,"kt"
1877,"CO2","IND",2,31775.8938432406,"kt"
1877,"CO2","IND",3,31668.6326319627,"kt"
1877,"CO2","IND",4,30651.7173896645,"kt"
1877,"CO2","IND",5,26410.5180744778,"kt"
1877,"CO2","IND",6,23863.9510763352,"kt"
1877,"CO2","IND",7,22903.5054792576,"kt"
1877,"CO2","IND",8,24659.416112213,"kt"
1877,"CO2","IND",9,23859.297524054,"kt"
1877,"CO2","IND",10,28166.4287074332,"kt"
1877,"CO2","IND",11,30649.3906135239,"kt"
1877,"CO2","IND",12,35180.4538978735,"kt"
1877,"CO2","TRA",1,2004.13331564499,"kt"
1877,"CO2","TRA",2,1810.18493025999,"kt"
1877,"CO2","TRA",3,2004.13331564499,"kt"
1877,"CO2","TRA",4,1939.48385384999,"kt"
1877,"CO2","TRA",5,2004.13331564499,"kt"
1877,"CO2","TRA",6,1939.48385384999,"kt"
1877,"CO2","TRA",7,2004.13331564499,"kt"
1877,"CO2","TRA",8,2004.13331564499,"kt"
1877,"CO2","TRA",9,1939.48385384999,"kt"
1877,"CO2","TRA",10,2004.13331564499,"kt"
1877,"CO2","TRA",11,1939.48385384999,"kt"
1877,"CO2","TRA",12,2004.13331564499,"kt"
1877,"CO2","SLV",1,5.96217005124296,"kt"
1877,"CO2","SLV",2,5.38518585273558,"kt"
1877,"CO2","SLV",3,5.96217005124296,"kt"
1877,"CO2","SLV",4,5.76984198507383,"kt"
1877,"CO2","SLV",5,5.96217005124296,"kt"
1877,"CO2","SLV",6,5.76984198507383,"kt"
1877,"CO2","SLV",7,5.96217005124296,"kt"
1877,"CO2","SLV",8,5.96217005124296,"kt"
1877,"CO2","SLV",9,5.76984198507383,"kt"
1877,"CO2","SLV",10,5.96217005124296,"kt"
1877,"CO2","SLV",11,5.76984198507383,"kt"
1877,"CO2","SLV",12,5.96217005124296,"kt"
1877,"CO2","WST",1,0,"kt"
1877,"CO2","WST",2,0,"kt"
1877,"CO2","WST",3,0,"kt"
1877,"CO2","WST",4,0,"kt"
1877,"CO2","WST",5,0,"kt"
1877,"CO2","WST",6,0,"kt"
1877,"CO2","WST",7,0,"kt"
1877,"CO2","WST",8,0,"kt"
1877,"CO2","WST",9,0,"kt"
1877,"CO2","WST",10,0,"kt"
1877,"CO2","WST",11,0,"kt"
1877,"CO2","WST",12,0,"kt"
1877,"CO2","SHP",1,0,"kt"
1877,"CO2","SHP",2,0,"kt"
1877,"CO2","SHP",3,0,"kt"
1877,"CO2","SHP",4,0,"kt"
1877,"CO2","SHP",5,0,"kt"
1877,"CO2","SHP",6,0,"kt"
1877,"CO2","SHP",7,0,"kt"
1877,"CO2","SHP",8,0,"kt"
1877,"CO2","SHP",9,0,"kt"
1877,"CO2","SHP",10,0,"kt"
1877,"CO2","SHP",11,0,"kt"
1877,"CO2","SHP",12,0,"kt"
1877,"CO2","RCO",1,26599.3489284548,"kt"
1877,"CO2","RCO",2,20954.9717245677,"kt"
1877,"CO2","RCO",3,18313.474862291,"kt"
1877,"CO2","RCO",4,11582.3441207089,"kt"
1877,"CO2","RCO",5,7756.75429389347,"kt"
1877,"CO2","RCO",6,7027.51484313112,"kt"
1877,"CO2","RCO",7,7495.45499490957,"kt"
1877,"CO2","RCO",8,7496.40322521902,"kt"
1877,"CO2","RCO",9,7045.31379303025,"kt"
1877,"CO2","RCO",10,9360.67096476804,"kt"
1877,"CO2","RCO",11,15225.2835380151,"kt"
1877,"CO2","RCO",12,25890.8388945953,"kt"
1878,"CO2","AGR",1,0,"kt"
1878,"CO2","AGR",2,0,"kt"
1878,"CO2","AGR",3,0,"kt"
1878,"CO2","AGR",4,0,"kt"
1878,"CO2","AGR",5,0,"kt"
1878,"CO2","AGR",6,0,"kt"
1878,"CO2","AGR",7,0,"kt"
1878,"CO2","AGR",8,0,"kt"
1878,"CO2","AGR",9,0,"kt"
1878,"CO2","AGR",10,0,"kt"
1878,"CO2","AGR",11,0,"kt"
1878,"CO2","AGR",12,0,"kt"
1878,"CO2","ENE",1,14228.9863755945,"kt"
1878,"CO2","ENE",2,11992.6983789811,"kt"
1878,"CO2","ENE",3,12061.740496119,"kt"
1878,"CO2","ENE",4,10762.7035138618,"kt"
1878,"CO2","ENE",5,9695.28376595015,"kt"
1878,"CO2","ENE",6,9118.92759630122,"kt"
1878,"CO2","ENE",7,9506.84913222291,"kt"
1878,"CO2","ENE",8,9142.35173824811,"kt"
1878,"CO2","ENE",9,9128.85628120402,"kt"
1878,"CO2","ENE",10,10188.1121095601,"kt"
1878,"CO2","ENE",11,10783.0531739726,"kt"
1878,"CO2","ENE",12,13146.8551077755,"kt"
1878,"CO2","IND",1,35192.9879182467,"kt"
1878,"CO2","IND",2,31789.547712305,"kt"
1878,"CO2","IND",3,31691.0527483179,"kt"
1878,"CO2","IND",4,30673.7596207602,"kt"
1878,"CO2","IND",5,26444.6069015093,"kt"
1878,"CO2","IND",6,23900.8194787699,"kt"
1878,"CO2","IND",7,22945.2544948143,"kt"
1878,"CO2","IND",8,24697.5134613956,"kt"
1878,"CO2","IND",9,23895.8205821884,"kt"
1878,"CO2","IND",10,28196.8658680906,"kt"
1878,"CO2","IND",11,30671.2601724694,"kt"
1878,"CO2","IND",12,35195.5706814805,"kt"
1878,"CO2","TRA",1,2070.36369273473,"kt"
1878,"CO2","TRA",2,1870.00591601847,"kt"
1878,"CO2","TRA",3,2070.36369273473,"kt"
1878,"CO2","TRA",4,2003.57776716264,"kt"
1878,"CO2","TRA",5,2070.36369273473,"kt"
1878,"CO2","TRA",6,2003.57776716264,"kt"
1878,"CO2","TRA",7,2070.36369273473,"kt"
1878,"CO2","TRA",8,2070.36369273473,"kt"
1878,"CO2","TRA",9,2003.57776716264,"kt"
1878,"CO2","TRA",10,2070.36369273473,"kt"
1878,"CO2","TRA",11,2003.57776716264,"kt"
1878,"CO2","TRA",12,2070.36369273473,"kt"
1878,"CO2","SLV",1,6.7201194577962,"kt"
1878,"CO2","SLV",2,6.06978531671915,"kt"
1878,"CO2","SLV",3,6.7201194577962,"kt"
1878,"CO2","SLV",4,6.50334141077052,"kt"
1878,"CO2","SLV",5,6.7201194577962,"kt"
1878,"CO2","SLV",6,6.50334141077052,"kt"
1878,"CO2","SLV",7,6.7201194577962,"kt"
1878,"CO2","SLV",8,6.7201194577962,"kt"
1878,"CO2","SLV",9,6.50334141077052,"kt"
1878,"CO2","SLV",10,6.7201194577962,"kt"
1878,"CO2","SLV",11,6.50334141077052,"kt"
1878,"CO2","SLV",12,6.7201194577962,"kt"
1878,"CO2","WST",1,0,"kt"
1878,"CO2","WST",2,0,"kt"
1878,"CO2","WST",3,0,"kt"
1878,"CO2","WST",4,0,"kt"
1878,"CO2","WST",5,0,"kt"
1878,"CO2","WST",6,0,"kt"
1878,"CO2","WST",7,0,"kt"
1878,"CO2","WST",8,0,"kt"
1878,"CO2","WST",9,0,"kt"
1878,"CO2","WST",10,0,"kt"
1878,"CO2","WST",11,0,"kt"
1878,"CO2","WST",12,0,"kt"
1878,"CO2","SHP",1,0,"kt"
1878,"CO2","SHP",2,0,"kt"
1878,"CO2","SHP",3,0,"kt"
1878,"CO2","SHP",4,0,"kt"
1878,"CO2","SHP",5,0,"kt"
1878,"CO2","SHP",6,0,"kt"
1878,"CO2","SHP",7,0,"kt"
1878,"CO2","SHP",8,0,"kt"
1878,"CO2","SHP",9,0,"kt"
1878,"CO2","SHP",10,0,"kt"
1878,"CO2","SHP",11,0,"kt"
1878,"CO2","SHP",12,0,"kt"
1878,"CO2","RCO",1,26290.00836466,"kt"
1878,"CO2","RCO",2,20693.4076464396,"kt"
1878,"CO2","RCO",3,18106.0728121397,"kt"
1878,"CO2","RCO",4,11456.1406172683,"kt"
1878,"CO2","RCO",5,7662.84977372555,"kt"
1878,"CO2","RCO",6,6948.61243876325,"kt"
1878,"CO2","RCO",7,7412.95046811434,"kt"
1878,"CO2","RCO",8,7412.82504601498,"kt"
1878,"CO2","RCO",9,6964.60410451849,"kt"
1878,"CO2","RCO",10,9268.387201656,"kt"
1878,"CO2","RCO",11,15096.9804571643,"kt"
1878,"CO2","RCO",12,25575.8192550629,"kt"
1879,"CO2","AGR",1,0,"kt"
1879,"CO2","AGR",2,0,"kt"
1879,"CO2","AGR",3,0,"kt"
1879,"CO2","AGR",4,0,"kt"
1879,"CO2","AGR",5,0,"kt"
1879,"CO2","AGR",6,0,"kt"
1879,"CO2","AGR",7,0,"kt"
1879,"CO2","AGR",8,0,"kt"
1879,"CO2","AGR",9,0,"kt"
1879,"CO2","AGR",10,0,"kt"
1879,"CO2","AGR",11,0,"kt"
1879,"CO2","AGR",12,0,"kt"
1879,"CO2","ENE",1,15473.8135046773,"kt"
1879,"CO2","ENE",2,13023.4397737604,"kt"
1879,"CO2","ENE",3,13113.8018868407,"kt"
1879,"CO2","ENE",4,11705.0164592223,"kt"
1879,"CO2","ENE",5,10666.8568564619,"kt"
1879,"CO2","ENE",6,10099.2086827067,"kt"
1879,"CO2","ENE",7,10570.9673838532,"kt"
1879,"CO2","ENE",8,10200.6586954353,"kt"
1879,"CO2","ENE",9,10080.5311291377,"kt"
1879,"CO2","ENE",10,11157.215946131,"kt"
1879,"CO2","ENE",11,11767.6157496742,"kt"
1879,"CO2","ENE",12,14330.4732585507,"kt"
1879,"CO2","IND",1,37049.9403509395,"kt"
1879,"CO2","IND",2,33467.9628964889,"kt"
1879,"CO2","IND",3,33364.9162668712,"kt"
1879,"CO2","IND",4,32296.130025418,"kt"
1879,"CO2","IND",5,27847.0694233448,"kt"
1879,"CO2","IND",6,25171.3267266351,"kt"
1879,"CO2","IND",7,24165.9210523069,"kt"
1879,"CO2","IND",8,26010.3709508562,"kt"
1879,"CO2","IND",9,25163.8253465762,"kt"
1879,"CO2","IND",10,29691.5193218941,"kt"
1879,"CO2","IND",11,32292.3793353886,"kt"
1879,"CO2","IND",12,37053.8160639699,"kt"
1879,"CO2","TRA",1,2273.97931620617,"kt"
1879,"CO2","TRA",2,2053.9168017346,"kt"
1879,"CO2","TRA",3,2273.97931620617,"kt"
1879,"CO2","TRA",4,2200.62514471565,"kt"
1879,"CO2","TRA",5,2273.97931620617,"kt"
1879,"CO2","TRA",6,2200.62514471565,"kt"
1879,"CO2","TRA",7,2273.97931620617,"kt"
1879,"CO2","TRA",8,2273.97931620617,"kt"
1879,"CO2","TRA",9,2200.62514471565,"kt"
1879,"CO2","TRA",10,2273.97931620617,"kt"
1879,"CO2","TRA",11,2200.62514471565,"kt"
1879,"CO2","TRA",12,2273.97931620617,"kt"
1879,"CO2","SLV",1,8.43738592343583,"kt"
1879,"CO2","SLV",2,7.62086470503882,"kt"
1879,"CO2","SLV",3,8.43738592343583,"kt"
1879,"CO2","SLV",4,8.16521218397016,"kt"
1879,"CO2","SLV",5,8.43738592343583,"kt"
1879,"CO2","SLV",6,8.16521218397016,"kt"
1879,"CO2","SLV",7,8.43738592343583,"kt"
1879,"CO2","SLV",8,8.43738592343583,"kt"
1879,"CO2","SLV",9,8.16521218397016,"kt"
1879,"CO2","SLV",10,8.43738592343583,"kt"
1879,"CO2","SLV",11,8.16521218397016,"kt"
1879,"CO2","SLV",12,8.43738592343583,"kt"
1879,"CO2","WST",1,0,"kt"
1879,"CO2","WST",2,0,"kt"
1879,"CO2","WST",3,0,"kt"
1879,"CO2","WST",4,0,"kt"
1879,"CO2","WST",5,0,"kt"
1879,"CO2","WST",6,0,"kt"
1879,"CO2","WST",7,0,"kt"
1879,"CO2","WST",8,0,"kt"
1879,"CO2","WST",9,0,"kt"
1879,"CO2","WST",10,0,"kt"
1879,"CO2","WST",11,0,"kt"
1879,"CO2","WST",12,0,"kt"
1879,"CO2","SHP",1,0,"kt"
1879,"CO2","SHP",2,0,"kt"
1879,"CO2","SHP",3,0,"kt"
1879,"CO2","SHP",4,0,"kt"
1879,"CO2","SHP",5,0,"kt"
1879,"CO2","SHP",6,0,"kt"
1879,"CO2","SHP",7,0,"kt"
1879,"CO2","SHP",8,0,"kt"
1879,"CO2","SHP",9,0,"kt"
1879,"CO2","SHP",10,0,"kt"
1879,"CO2","SHP",11,0,"kt"
1879,"CO2","SHP",12,0,"kt"
1879,"CO2","RCO",1,28389.879981974,"kt"
1879,"CO2","RCO",2,22291.3042803512,"kt"
1879,"CO2","RCO",3,19491.1522471064,"kt"
1879,"CO2","RCO",4,12154.3040061622,"kt"
1879,"CO2","RCO",5,8218.20103452383,"kt"
1879,"CO2","RCO",6,7464.62280793158,"kt"
1879,"CO2","RCO",7,7963.20082122835,"kt"
1879,"CO2","RCO",8,7963.05769423917,"kt"
1879,"CO2","RCO",9,7481.81159722262,"kt"
1879,"CO2","RCO",10,9915.12930569345,"kt"
1879,"CO2","RCO",11,16217.5870374373,"kt"
1879,"CO2","RCO",12,27621.0084975681,"kt"
1880,"CO2","AGR",1,0,"kt"
1880,"CO2","AGR",2,0,"kt"
1880,"CO2","AGR",3,0,"kt"
1880,"CO2","AGR",4,0,"kt"
1880,"CO2","AGR",5,0,"kt"
1880,"CO2","AGR",6,0,"kt"
1880,"CO2","AGR",7,0,"kt"
1880,"CO2","AGR",8,0,"kt"
1880,"CO2","AGR",9,0,"kt"
1880,"CO2","AGR",10,0,"kt"
1880,"CO2","AGR",11,0,"kt"
1880,"CO2","AGR",12,0,"kt"
1880,"CO2","ENE",1,17891.1932512656,"kt"
1880,"CO2","ENE",2,15060.6563614468,"kt"
1880,"CO2","ENE",3,15117.8613228169,"kt"
1880,"CO2","ENE",4,13491.8978875838,"kt"
1880,"CO2","ENE",5,12292.9367959679,"kt"
1880,"CO2","ENE",6,11590.2767939084,"kt"
1880,"CO2","ENE",7,12132.9312059634,"kt"
1880,"CO2","ENE",8,11751.3625499887,"kt"
1880,"CO2","ENE",9,11634.3119516701,"kt"
1880,"CO2","ENE",10,12888.3239930533,"kt"
1880,"CO2","ENE",11,13598.5826502705,"kt"
1880,"CO2","ENE",12,16551.9793041362,"kt"
1880,"CO2","IND",1,41877.9321978743,"kt"
1880,"CO2","IND",2,37830.4284367279,"kt"
1880,"CO2","IND",3,37715.2177893556,"kt"
1880,"CO2","IND",4,36509.7393351887,"kt"
1880,"CO2","IND",5,31485.5372478351,"kt"
1880,"CO2","IND",6,28464.0142125777,"kt"
1880,"CO2","IND",7,27328.5792678195,"kt"
1880,"CO2","IND",8,29412.8146863303,"kt"
1880,"CO2","IND",9,28452.8727380558,"kt"
1880,"CO2","IND",10,33569.772666346,"kt"
1880,"CO2","IND",11,36504.1685979277,"kt"
1880,"CO2","IND",12,41883.6886263773,"kt"
1880,"CO2","TRA",1,2775.84872932567,"kt"
1880,"CO2","TRA",2,2507.21820713286,"kt"
1880,"CO2","TRA",3,2775.84872932567,"kt"
1880,"CO2","TRA",4,2686.30522192807,"kt"
1880,"CO2","TRA",5,2775.84872932567,"kt"
1880,"CO2","TRA",6,2686.30522192807,"kt"
1880,"CO2","TRA",7,2775.84872932567,"kt"
1880,"CO2","TRA",8,2775.84872932567,"kt"
1880,"CO2","TRA",9,2686.30522192807,"kt"
1880,"CO2","TRA",10,2775.84872932567,"kt"
1880,"CO2","TRA",11,2686.30522192807,"kt"
1880,"CO2","TRA",12,2775.84872932567,"kt"
1880,"CO2","SLV",1,10.055527673366,"kt"
1880,"CO2","SLV",2,9.08241209207252,"kt"
1880,"CO2","SLV",3,10.055527673366,"kt"
1880,"CO2","SLV",4,9.73115581293484,"kt"
1880,"CO2","SLV",5,10.055527673366,"kt"
1880,"CO2","SLV",6,9.73115581293484,"kt"
1880,"CO2","SLV",7,10.055527673366,"kt"
1880,"CO2","SLV",8,10.055527673366,"kt"
1880,"CO2","SLV",9,9.73115581293484,"kt"
1880,"CO2","SLV",10,10.055527673366,"kt"
1880,"CO2","SLV",11,9.73115581293484,"kt"
1880,"CO2","SLV",12,10.055527673366,"kt"
1880,"CO2","WST",1,0,"kt"
1880,"CO2","WST",2,0,"kt"
1880,"CO2","WST",3,0,"kt"
1880,"CO2","WST",4,0,"kt"
1880,"CO2","WST",5,0,"kt"
1880,"CO2","WST",6,0,"kt"
1880,"CO2","WST",7,0,"kt"
1880,"CO2","WST",8,0,"kt"
1880,"CO2","WST",9,0,"kt"
1880,"CO2","WST",10,0,"kt"
1880,"CO2","WST",11,0,"kt"
1880,"CO2","WST",12,0,"kt"
1880,"CO2","SHP",1,0,"kt"
1880,"CO2","SHP",2,0,"kt"
1880,"CO2","SHP",3,0,"kt"
1880,"CO2","SHP",4,0,"kt"
1880,"CO2","SHP",5,0,"kt"
1880,"CO2","SHP",6,0,"kt"
1880,"CO2","SHP",7,0,"kt"
1880,"CO2","SHP",8,0,"kt"
1880,"CO2","SHP",9,0,"kt"
1880,"CO2","SHP",10,0,"kt"
1880,"CO2","SHP",11,0,"kt"
1880,"CO2","SHP",12,0,"kt"
1880,"CO2","RCO",1,31793.7740696756,"kt"
1880,"CO2","RCO",2,24924.6814546779,"kt"
1880,"CO2","RCO",3,21793.532619896,"kt"
1880,"CO2","RCO",4,13549.0786653176,"kt"
1880,"CO2","RCO",5,9165.04824893817,"kt"
1880,"CO2","RCO",6,8317.82703967701,"kt"
1880,"CO2","RCO",7,8871.35768899955,"kt"
1880,"CO2","RCO",8,8871.90676177169,"kt"
1880,"CO2","RCO",9,8344.67067210668,"kt"
1880,"CO2","RCO",10,11077.8802286283,"kt"
1880,"CO2","RCO",11,18189.2335766637,"kt"
1880,"CO2","RCO",12,30927.7314580905,"kt"
1881,"CO2","AGR",1,0,"kt"
1881,"CO2","AGR",2,0,"kt"
1881,"CO2","AGR",3,0,"kt"
1881,"CO2","AGR",4,0,"kt"
1881,"CO2","AGR",5,0,"kt"
1881,"CO2","AGR",6,0,"kt"
1881,"CO2","AGR",7,0,"kt"
1881,"CO2","AGR",8,0,"kt"
1881,"CO2","AGR",9,0,"kt"
1881,"CO2","AGR",10,0,"kt"
1881,"CO2","AGR",11,0,"kt"
1881,"CO2","AGR",12,0,"kt"
1881,"CO2","ENE",1,18589.8211174687,"kt"
1881,"CO2","ENE",2,15641.4388629519,"kt"
1881,"CO2","ENE",3,15770.6933187484,"kt"
1881,"CO2","ENE",4,14076.0274040994,"kt"
1881,"CO2","ENE",5,12879.818588462,"kt"
1881,"CO2","ENE",6,12239.8729613665,"kt"
1881,"CO2","ENE",7,12834.8594757457,"kt"
1881,"CO2","ENE",8,12393.1607953827,"kt"
1881,"CO2","ENE",9,12202.4404233125,"kt"
1881,"CO2","ENE",10,13454.7791537616,"kt"
1881,"CO2","ENE",11,14157.0261930176,"kt"
1881,"CO2","ENE",12,17231.0776378389,"kt"
1881,"CO2","IND",1,42661.5626727465,"kt"
1881,"CO2","IND",2,38537.4772487952,"kt"
1881,"CO2","IND",3,38418.4650240006,"kt"
1881,"CO2","IND",4,37188.7016275408,"kt"
1881,"CO2","IND",5,32066.1435397879,"kt"
1881,"CO2","IND",6,28985.7964923471,"kt"
1881,"CO2","IND",7,27827.9758866045,"kt"
1881,"CO2","IND",8,29951.9897087586,"kt"
1881,"CO2","IND",9,28976.254565452,"kt"
1881,"CO2","IND",10,34190.1573619421,"kt"
1881,"CO2","IND",11,37183.9306640933,"kt"
1881,"CO2","IND",12,42666.492668309,"kt"
1881,"CO2","TRA",1,2919.57688168979,"kt"
1881,"CO2","TRA",2,2637.03718346175,"kt"
1881,"CO2","TRA",3,2919.57688168979,"kt"
1881,"CO2","TRA",4,2825.39698228044,"kt"
1881,"CO2","TRA",5,2919.57688168979,"kt"
1881,"CO2","TRA",6,2825.39698228044,"kt"
1881,"CO2","TRA",7,2919.57688168979,"kt"
1881,"CO2","TRA",8,2919.57688168979,"kt"
1881,"CO2","TRA",9,2825.39698228044,"kt"
1881,"CO2","TRA",10,2919.57688168979,"kt"
1881,"CO2","TRA",11,2825.39698228044,"kt"
1881,"CO2","TRA",12,2919.57688168979,"kt"
1881,"CO2","SLV",1,11.6606950440942,"kt"
1881,"CO2","SLV",2,10.5322406849883,"kt"
1881,"CO2","SLV",3,11.6606950440942,"kt"
1881,"CO2","SLV",4,11.2845435910589,"kt"
1881,"CO2","SLV",5,11.6606950440942,"kt"
1881,"CO2","SLV",6,11.2845435910589,"kt"
1881,"CO2","SLV",7,11.6606950440942,"kt"
1881,"CO2","SLV",8,11.6606950440942,"kt"
1881,"CO2","SLV",9,11.2845435910589,"kt"
1881,"CO2","SLV",10,11.6606950440942,"kt"
1881,"CO2","SLV",11,11.2845435910589,"kt"
1881,"CO2","SLV",12,11.6606950440942,"kt"
1881,"CO2","WST",1,0,"kt"
1881,"CO2","WST",2,0,"kt"
1881,"CO2","WST",3,0,"kt"
1881,"CO2","WST",4,0,"kt"
1881,"CO2","WST",5,0,"kt"
1881,"CO2","WST",6,0,"kt"
1881,"CO2","WST",7,0,"kt"
1881,"CO2","WST",8,0,"kt"
1881,"CO2","WST",9,0,"kt"
1881,"CO2","WST",10,0,"kt"
1881,"CO2","WST",11,0,"kt"
1881,"CO2","WST",12,0,"kt"
1881,"CO2","SHP",1,0,"kt"
1881,"CO2","SHP",2,0,"kt"
1881,"CO2","SHP",3,0,"kt"
1881,"CO2","SHP",4,0,"kt"
1881,"CO2","SHP",5,0,"kt"
1881,"CO2","SHP",6,0,"kt"
1881,"CO2","SHP",7,0,"kt"
1881,"CO2","SHP",8,0,"kt"
1881,"CO2","SHP",9,0,"kt"
1881,"CO2","SHP",10,0,"kt"
1881,"CO2","SHP",11,0,"kt"
1881,"CO2","SHP",12,0,"kt"
1881,"CO2","RCO",1,32482.9298214017,"kt"
1881,"CO2","RCO",2,25503.6060867794,"kt"
1881,"CO2","RCO",3,22295.9858662648,"kt"
1881,"CO2","RCO",4,13925.7038839942,"kt"
1881,"CO2","RCO",5,9421.25754087643,"kt"
1881,"CO2","RCO",6,8557.71118432303,"kt"
1881,"CO2","RCO",7,9128.77456112279,"kt"
1881,"CO2","RCO",8,9128.79133938914,"kt"
1881,"CO2","RCO",9,8577.59349641611,"kt"
1881,"CO2","RCO",10,11364.1698802494,"kt"
1881,"CO2","RCO",11,18571.8491120286,"kt"
1881,"CO2","RCO",12,31607.8230659604,"kt"
1882,"CO2","AGR",1,0,"kt"
1882,"CO2","AGR",2,0,"kt"
1882,"CO2","AGR",3,0,"kt"
1882,"CO2","AGR",4,0,"kt"
1882,"CO2","AGR",5,0,"kt"
1882,"CO2","AGR",6,0,"kt"
1882,"CO2","AGR",7,0,"kt"
1882,"CO2","AGR",8,0,"kt"
1882,"CO2","AGR",9,0,"kt"
1882,"CO2","AGR",10,0,"kt"
1882,"CO2","AGR",11,0,"kt"
1882,"CO2","AGR",12,0,"kt"
1882,"CO2","ENE",1,19886.6228615834,"kt"
1882,"CO2","ENE",2,16716.9623122049,"kt"
1882,"CO2","ENE",3,16848.1207589402,"kt"
1882,"CO2","ENE",4,15039.5444893852,"kt"
1882,"CO2","ENE",5,13853.0739510811,"kt"
1882,"CO2","ENE",6,13201.9669647798,"kt"
1882,"CO2","ENE",7,13873.1625445247,"kt"
1882,"CO2","ENE",8,13421.7985763114,"kt"
1882,"CO2","ENE",9,13136.699980448,"kt"
1882,"CO2","ENE",10,14422.7422244361,"kt"
1882,"CO2","ENE",11,15162.7289748335,"kt"
1882,"CO2","ENE",12,18453.8894665203,"kt"
1882,"CO2","IND",1,44312.7338991689,"kt"
1882,"CO2","IND",2,40029.4389878215,"kt"
1882,"CO2","IND",3,39907.980036499,"kt"
1882,"CO2","IND",4,38631.4133610637,"kt"
1882,"CO2","IND",5,33314.7831215777,"kt"
1882,"CO2","IND",6,30116.8708235737,"kt"
1882,"CO2","IND",7,28915.6028105412,"kt"
1882,"CO2","IND",8,31120.7665176929,"kt"
1882,"CO2","IND",9,30106.0833042833,"kt"
1882,"CO2","IND",10,35519.9468287294,"kt"
1882,"CO2","IND",11,38626.0196014185,"kt"
1882,"CO2","IND",12,44318.3074508023,"kt"
1882,"CO2","TRA",1,3209.45090483483,"kt"
1882,"CO2","TRA",2,2898.8588817863,"kt"
1882,"CO2","TRA",3,3209.45090483483,"kt"
1882,"CO2","TRA",4,3105.92023048532,"kt"
1882,"CO2","TRA",5,3209.45090483483,"kt"
1882,"CO2","TRA",6,3105.92023048532,"kt"
1882,"CO2","TRA",7,3209.45090483483,"kt"
1882,"CO2","TRA",8,3209.45090483483,"kt"
1882,"CO2","TRA",9,3105.92023048532,"kt"
1882,"CO2","TRA",10,3209.45090483483,"kt"
1882,"CO2","TRA",11,3105.92023048532,"kt"
1882,"CO2","TRA",12,3209.45090483483,"kt"
1882,"CO2","SLV",1,12.9687697226908,"kt"
1882,"CO2","SLV",2,11.7137274914627,"kt"
1882,"CO2","SLV",3,12.9687697226908,"kt"
1882,"CO2","SLV",4,12.5504223122814,"kt"
1882,"CO2","SLV",5,12.9687697226908,"kt"
1882,"CO2","SLV",6,12.5504223122814,"kt"
1882,"CO2","SLV",7,12.9687697226908,"kt"
1882,"CO2","SLV",8,12.9687697226908,"kt"
1882,"CO2","SLV",9,12.5504223122814,"kt"
1882,"CO2","SLV",10,12.9687697226908,"kt"
1882,"CO2","SLV",11,12.5504223122814,"kt"
1882,"CO2","SLV",12,12.9687697226908,"kt"
1882,"CO2","WST",1,0,"kt"
1882,"CO2","WST",2,0,"kt"
1882,"CO2","WST",3,0,"kt"
1882,"CO2","WST",4,0,"kt"
1882,"CO2","WST",5,0,"kt"
1882,"CO2","WST",6,0,"kt"
1882,"CO2","WST",7,0,"kt"
1882,"CO2","WST",8,0,"kt"
1882,"CO2","WST",9,0,"kt"
1882,"CO2","WST",10,0,"kt"
1882,"CO2","WST",11,0,"kt"
1882,"CO2","WST",12,0,"kt"
1882,"CO2","SHP",1,0,"kt"
1882,"CO2","SHP",2,0,"kt"
1882,"CO2","SHP",3,0,"kt"
1882,"CO2","SHP",4,0,"kt"
1882,"CO2","SHP",5,0,"kt"
1882,"CO2","SHP",6,0,"kt"
1882,"CO2","SHP",7,0,"kt"
1882,"CO2","SHP",8,0,"kt"
1882,"CO2","SHP",9,0,"kt"
1882,"CO2","SHP",10,0,"kt"
1882,"CO2","SHP",11,0,"kt"
1882,"CO2","SHP",12,0,"kt"
1882,"CO2","RCO",1,34284.3903590499,"kt"
1882,"CO2","RCO",2,26879.1421170878,"kt"
1882,"CO2","RCO",3,23490.6967941189,"kt"
1882,"CO2","RCO",4,14561.0184026385,"kt"
1882,"CO2","RCO",5,9915.83919338589,"kt"
1882,"CO2","RCO",6,9015.03165473513,"kt"
1882,"CO2","RCO",7,9616.29673896144,"kt"
1882,"CO2","RCO",8,9616.28189204533,"kt"
1882,"CO2","RCO",9,9036.13179821216,"kt"
1882,"CO2","RCO",10,11942.0069148315,"kt"
1882,"CO2","RCO",11,19556.7977973063,"kt"
1882,"CO2","RCO",12,33362.2422179795,"kt"
1883,"CO2","AGR",1,0,"kt"
1883,"CO2","AGR",2,0,"kt"
1883,"CO2","AGR",3,0,"kt"
1883,"CO2","AGR",4,0,"kt"
1883,"CO2","AGR",5,0,"kt"
1883,"CO2","AGR",6,0,"kt"
1883,"CO2","AGR",7,0,"kt"
1883,"CO2","AGR",8,0,"kt"
1883,"CO2","AGR",9,0,"kt"
1883,"CO2","AGR",10,0,"kt"
1883,"CO2","AGR",11,0,"kt"
1883,"CO2","AGR",12,0,"kt"
1883,"CO2","ENE",1,21426.2174543224,"kt"
1883,"CO2","ENE",2,18003.2587064112,"kt"
1883,"CO2","ENE",3,18158.4280314745,"kt"
1883,"CO2","ENE",4,16213.8892356322,"kt"
1883,"CO2","ENE",5,14977.6356067429,"kt"
1883,"CO2","ENE",6,14295.8303896142,"kt"
1883,"CO2","ENE",7,15033.1521956093,"kt"
1883,"CO2","ENE",8,14554.0793983336,"kt"
1883,"CO2","ENE",9,14213.2755074335,"kt"
1883,"CO2","ENE",10,15580.1480659965,"kt"
1883,"CO2","ENE",11,16364.2225267751,"kt"
1883,"CO2","ENE",12,19901.8092072057,"kt"
1883,"CO2","IND",1,46403.4518904169,"kt"
1883,"CO2","IND",2,41918.7354695476,"kt"
1883,"CO2","IND",3,41792.8863732509,"kt"
1883,"CO2","IND",4,40457.4577776371,"kt"
1883,"CO2","IND",5,34893.4797603862,"kt"
1883,"CO2","IND",6,31546.5116124521,"kt"
1883,"CO2","IND",7,30289.490908374,"kt"
1883,"CO2","IND",8,32598.0619995338,"kt"
1883,"CO2","IND",9,31533.7825831223,"kt"
1883,"CO2","IND",10,37202.050851546,"kt"
1883,"CO2","IND",11,40451.0932629722,"kt"
1883,"CO2","IND",12,46410.0285555705,"kt"
1883,"CO2","TRA",1,3456.37804310179,"kt"
1883,"CO2","TRA",2,3121.88984538226,"kt"
1883,"CO2","TRA",3,3456.37804310179,"kt"
1883,"CO2","TRA",4,3344.88197719528,"kt"
1883,"CO2","TRA",5,3456.37804310179,"kt"
1883,"CO2","TRA",6,3344.88197719528,"kt"
1883,"CO2","TRA",7,3456.37804310179,"kt"
1883,"CO2","TRA",8,3456.37804310179,"kt"
1883,"CO2","TRA",9,3344.88197719528,"kt"
1883,"CO2","TRA",10,3456.37804310179,"kt"
1883,"CO2","TRA",11,3344.88197719528,"kt"
1883,"CO2","TRA",12,3456.37804310179,"kt"
1883,"CO2","SLV",1,11.7261573158205,"kt"
1883,"CO2","SLV",2,10.5913678981604,"kt"
1883,"CO2","SLV",3,11.7261573158205,"kt"
1883,"CO2","SLV",4,11.3478941766005,"kt"
1883,"CO2","SLV",5,11.7261573158205,"kt"
1883,"CO2","SLV",6,11.3478941766005,"kt"
1883,"CO2","SLV",7,11.7261573158205,"kt"
1883,"CO2","SLV",8,11.7261573158205,"kt"
1883,"CO2","SLV",9,11.3478941766005,"kt"
1883,"CO2","SLV",10,11.7261573158205,"kt"
1883,"CO2","SLV",11,11.3478941766005,"kt"
1883,"CO2","SLV",12,11.7261573158205,"kt"
1883,"CO2","WST",1,0,"kt"
1883,"CO2","WST",2,0,"kt"
1883,"CO2","WST",3,0,"kt"
1883,"CO2","WST",4,0,"kt"
1883,"CO2","WST",5,0,"kt"
1883,"CO2","WST",6,0,"kt"
1883,"CO2","WST",7,0,"kt"
1883,"CO2","WST",8,0,"kt"
1883,"CO2","WST",9,0,"kt"
1883,"CO2","WST",10,0,"kt"
1883,"CO2","WST",11,0,"kt"
1883,"CO2","WST",12,0,"kt"
1883,"CO2","SHP",1,0,"kt"
1883,"CO2","SHP",2,0,"kt"
1883,"CO2","SHP",3,0,"kt"
1883,"CO2","SHP",4,0,"kt"
1883,"CO2","SHP",5,0,"kt"
1883,"CO2","SHP",6,0,"kt"
1883,"CO2","SHP",7,0,"kt"
1883,"CO2","SHP",8,0,"kt"
1883,"CO2","SHP",9,0,"kt"
1883,"CO2","SHP",10,0,"kt"
1883,"CO2","SHP",11,0,"kt"
1883,"CO2","SHP",12,0,"kt"
1883,"CO2","RCO",1,36418.5301503937,"kt"
1883,"CO2","RCO",2,28533.1299924922,"kt"
1883,"CO2","RCO",3,24950.0158215184,"kt"
1883,"CO2","RCO",4,15403.7331476687,"kt"
1883,"CO2","RCO",5,10508.8580267497,"kt"
1883,"CO2","RCO",6,9557.5372794592,"kt"
1883,"CO2","RCO",7,10194.8370813755,"kt"
1883,"CO2","RCO",8,10194.8037614259,"kt"
1883,"CO2","RCO",9,9580.65152505742,"kt"
1883,"CO2","RCO",10,12663.8328136881,"kt"
1883,"CO2","RCO",11,20774.5388298889,"kt"
1883,"CO2","RCO",12,35435.3763328528,"kt"
1884,"CO2","AGR",1,0,"kt"
1884,"CO2","AGR",2,0,"kt"
1884,"CO2","AGR",3,0,"kt"
1884,"CO2","AGR",4,0,"kt"
1884,"CO2","AGR",5,0,"kt"
1884,"CO2","AGR",6,0,"kt"
1884,"CO2","AGR",7,0,"kt"
1884,"CO2","AGR",8,0,"kt"
1884,"CO2","AGR",9,0,"kt"
1884,"CO2","AGR",10,0,"kt"
1884,"CO2","AGR",11,0,"kt"
1884,"CO2","AGR",12,0,"kt"
1884,"CO2","ENE",1,21780.3566414209,"kt"
1884,"CO2","ENE",2,18290.8087098338,"kt"
1884,"CO2","ENE",3,18488.398254683,"kt"
1884,"CO2","ENE",4,16514.2876235,"kt"
1884,"CO2","ENE",5,15352.4976952513,"kt"
1884,"CO2","ENE",6,14725.0681353822,"kt"
1884,"CO2","ENE",7,15513.76729405,"kt"
1884,"CO2","ENE",8,15038.0863624214,"kt"
1884,"CO2","ENE",9,14612.78341325,"kt"
1884,"CO2","ENE",10,15941.5703437837,"kt"
1884,"CO2","ENE",11,16689.8968595891,"kt"
1884,"CO2","ENE",12,20264.9335150363,"kt"
1884,"CO2","IND",1,46376.6294544438,"kt"
1884,"CO2","IND",2,41894.9888541205,"kt"
1884,"CO2","IND",3,41771.5161768859,"kt"
1884,"CO2","IND",4,40437.8057301645,"kt"
1884,"CO2","IND",5,34881.6167742375,"kt"
1884,"CO2","IND",6,31538.4410745209,"kt"
1884,"CO2","IND",7,30283.6117021551,"kt"
1884,"CO2","IND",8,32589.7224436716,"kt"
1884,"CO2","IND",9,31524.6832574719,"kt"
1884,"CO2","IND",10,37187.7275157541,"kt"
1884,"CO2","IND",11,40430.9268216399,"kt"
1884,"CO2","IND",12,46383.7376599191,"kt"
1884,"CO2","TRA",1,3623.05076584783,"kt"
1884,"CO2","TRA",2,3272.43294979804,"kt"
1884,"CO2","TRA",3,3623.05076584783,"kt"
1884,"CO2","TRA",4,3506.1781604979,"kt"
1884,"CO2","TRA",5,3623.05076584783,"kt"
1884,"CO2","TRA",6,3506.1781604979,"kt"
1884,"CO2","TRA",7,3623.05076584783,"kt"
1884,"CO2","TRA",8,3623.05076584783,"kt"
1884,"CO2","TRA",9,3506.1781604979,"kt"
1884,"CO2","TRA",10,3623.05076584783,"kt"
1884,"CO2","TRA",11,3506.1781604979,"kt"
1884,"CO2","TRA",12,3623.05076584783,"kt"
1884,"CO2","SLV",1,13.7788634385651,"kt"
1884,"CO2","SLV",2,12.4454250412846,"kt"
1884,"CO2","SLV",3,13.7788634385651,"kt"
1884,"CO2","SLV",4,13.334383972805,"kt"
1884,"CO2","SLV",5,13.7788634385651,"kt"
1884,"CO2","SLV",6,13.334383972805,"kt"
1884,"CO2","SLV",7,13.7788634385651,"kt"
1884,"CO2","SLV",8,13.7788634385651,"kt"
1884,"CO2","SLV",9,13.334383972805,"kt"
1884,"CO2","SLV",10,13.7788634385651,"kt"
1884,"CO2","SLV",11,13.334383972805,"kt"
1884,"CO2","SLV",12,13.7788634385651,"kt"
1884,"CO2","WST",1,0,"kt"
1884,"CO2","WST",2,0,"kt"
1884,"CO2","WST",3,0,"kt"
1884,"CO2","WST",4,0,"kt"
1884,"CO2","WST",5,0,"kt"
1884,"CO2","WST",6,0,"kt"
1884,"CO2","WST",7,0,"kt"
1884,"CO2","WST",8,0,"kt"
1884,"CO2","WST",9,0,"kt"
1884,"CO2","WST",10,0,"kt"
1884,"CO2","WST",11,0,"kt"
1884,"CO2","WST",12,0,"kt"
1884,"CO2","SHP",1,0,"kt"
1884,"CO2","SHP",2,0,"kt"
1884,"CO2","SHP",3,0,"kt"
1884,"CO2","SHP",4,0,"kt"
1884,"CO2","SHP",5,0,"kt"
1884,"CO2","SHP",6,0,"kt"
1884,"CO2","SHP",7,0,"kt"
1884,"CO2","SHP",8,0,"kt"
1884,"CO2","SHP",9,0,"kt"
1884,"CO2","SHP",10,0,"kt"
1884,"CO2","SHP",11,0,"kt"
1884,"CO2","SHP",12,0,"kt"
1884,"CO2","RCO",1,36610.0092870463,"kt"
1884,"CO2","RCO",2,28659.3253353011,"kt"
1884,"CO2","RCO",3,25073.7314665383,"kt"
1884,"CO2","RCO",4,15385.5274370018,"kt"
1884,"CO2","RCO",5,10534.3813824903,"kt"
1884,"CO2","RCO",6,9586.36136423339,"kt"
1884,"CO2","RCO",7,10225.4556636225,"kt"
1884,"CO2","RCO",8,10225.2333291106,"kt"
1884,"CO2","RCO",9,9609.10703856159,"kt"
1884,"CO2","RCO",10,12690.3222249568,"kt"
1884,"CO2","RCO",11,20857.7175336754,"kt"
1884,"CO2","RCO",12,35617.7304780433,"kt"
1885,"CO2","AGR",1,0,"kt"
1885,"CO2","AGR",2,0,"kt"
1885,"CO2","AGR",3,0,"kt"
1885,"CO2","AGR",4,0,"kt"
1885,"CO2","AGR",5,0,"kt"
1885,"CO2","AGR",6,0,"kt"
1885,"CO2","AGR",7,0,"kt"
1885,"CO2","AGR",8,0,"kt"
1885,"CO2","AGR",9,0,"kt"
1885,"CO2","AGR",10,0,"kt"
1885,"CO2","AGR",11,0,"kt"
1885,"CO2","AGR",12,0,"kt"
1885,"CO2","ENE",1,22120.2315860098,"kt"
1885,"CO2","ENE",2,18576.0688482269,"kt"
1885,"CO2","ENE",3,18810.1370499099,"kt"
1885,"CO2","ENE",4,16809.1390951606,"kt"
1885,"CO2","ENE",5,15662.2545489767,"kt"
1885,"CO2","ENE",6,15055.0121245123,"kt"
1885,"CO2","ENE",7,15867.5603885824,"kt"
1885,"CO2","ENE",8,15388.5127306414,"kt"
1885,"CO2","ENE",9,14936.0286452426,"kt"
1885,"CO2","ENE",10,16269.1415575086,"kt"
1885,"CO2","ENE",11,16996.7767198415,"kt"
1885,"CO2","ENE",12,20600.9228812863,"kt"
1885,"CO2","IND",1,46487.4050799946,"kt"
1885,"CO2","IND",2,41995.8282650862,"kt"
1885,"CO2","IND",3,41872.0011234574,"kt"
1885,"CO2","IND",4,40536.729242366,"kt"
1885,"CO2","IND",5,34968.8357223859,"kt"
1885,"CO2","IND",6,31619.127159056,"kt"
1885,"CO2","IND",7,30361.4079793424,"kt"
1885,"CO2","IND",8,32673.0980643579,"kt"
1885,"CO2","IND",9,31603.6893264875,"kt"
1885,"CO2","IND",10,37280.5258074013,"kt"
1885,"CO2","IND",11,40529.0103260817,"kt"
1885,"CO2","IND",12,46495.3812934883,"kt"
1885,"CO2","TRA",1,3754.695382454,"kt"
1885,"CO2","TRA",2,3391.33776479716,"kt"
1885,"CO2","TRA",3,3754.695382454,"kt"
1885,"CO2","TRA",4,3633.57617656839,"kt"
1885,"CO2","TRA",5,3754.695382454,"kt"
1885,"CO2","TRA",6,3633.57617656839,"kt"
1885,"CO2","TRA",7,3754.695382454,"kt"
1885,"CO2","TRA",8,3754.695382454,"kt"
1885,"CO2","TRA",9,3633.57617656839,"kt"
1885,"CO2","TRA",10,3754.695382454,"kt"
1885,"CO2","TRA",11,3633.57617656839,"kt"
1885,"CO2","TRA",12,3754.695382454,"kt"
1885,"CO2","SLV",1,14.8144900438804,"kt"
1885,"CO2","SLV",2,13.3808297170533,"kt"
1885,"CO2","SLV",3,14.8144900438804,"kt"
1885,"CO2","SLV",4,14.3366032682714,"kt"
1885,"CO2","SLV",5,14.8144900438804,"kt"
1885,"CO2","SLV",6,14.3366032682714,"kt"
1885,"CO2","SLV",7,14.8144900438804,"kt"
1885,"CO2","SLV",8,14.8144900438804,"kt"
1885,"CO2","SLV",9,14.3366032682714,"kt"
1885,"CO2","SLV",10,14.8144900438804,"kt"
1885,"CO2","SLV",11,14.3366032682714,"kt"
1885,"CO2","SLV",12,14.8144900438804,"kt"
1885,"CO2","WST",1,0,"kt"
1885,"CO2","WST",2,0,"kt"
1885,"CO2","WST",3,0,"kt"
1885,"CO2","WST",4,0,"kt"
1885,"CO2","WST",5,0,"kt"
1885,"CO2","WST",6,0,"kt"
1885,"CO2","WST",7,0,"kt"
1885,"CO2","WST",8,0,"kt"
1885,"CO2","WST",9,0,"kt"
1885,"CO2","WST",10,0,"kt"
1885,"CO2","WST",11,0,"kt"
1885,"CO2","WST",12,0,"kt"
1885,"CO2","SHP",1,0,"kt"
1885,"CO2","SHP",2,0,"kt"
1885,"CO2","SHP",3,0,"kt"
1885,"CO2","SHP",4,0,"kt"
1885,"CO2","SHP",5,0,"kt"
1885,"CO2","SHP",6,0,"kt"
1885,"CO2","SHP",7,0,"kt"
1885,"CO2","SHP",8,0,"kt"
1885,"CO2","SHP",9,0,"kt"
1885,"CO2","SHP",10,0,"kt"
1885,"CO2","SHP",11,0,"kt"
1885,"CO2","SHP",12,0,"kt"
1885,"CO2","RCO",1,36507.1194600919,"kt"
1885,"CO2","RCO",2,28571.0681026068,"kt"
1885,"CO2","RCO",3,25025.1748188569,"kt"
1885,"CO2","RCO",4,15316.6737567267,"kt"
1885,"CO2","RCO",5,10483.4455064021,"kt"
1885,"CO2","RCO",6,9539.64229394355,"kt"
1885,"CO2","RCO",7,10174.9315299469,"kt"
1885,"CO2","RCO",8,10174.7350973336,"kt"
1885,"CO2","RCO",9,9563.48479418517,"kt"
1885,"CO2","RCO",10,12650.0647257839,"kt"
1885,"CO2","RCO",11,20820.5202590663,"kt"
1885,"CO2","RCO",12,35506.8376484525,"kt"
1886,"CO2","AGR",1,0,"kt"
1886,"CO2","AGR",2,0,"kt"
1886,"CO2","AGR",3,0,"kt"
1886,"CO2","AGR",4,0,"kt"
1886,"CO2","AGR",5,0,"kt"
1886,"CO2","AGR",6,0,"kt"
1886,"CO2","AGR",7,0,"kt"
1886,"CO2","AGR",8,0,"kt"
1886,"CO2","AGR",9,0,"kt"
1886,"CO2","AGR",10,0,"kt"
1886,"CO2","AGR",11,0,"kt"
1886,"CO2","AGR",12,0,"kt"
1886,"CO2","ENE",1,22678.3607400526,"kt"
1886,"CO2","ENE",2,19032.0963014389,"kt"
1886,"CO2","ENE",3,19298.5953223487,"kt"
1886,"CO2","ENE",4,17249.3950932,"kt"
1886,"CO2","ENE",5,16142.710241285,"kt"
1886,"CO2","ENE",6,15565.2852169118,"kt"
1886,"CO2","ENE",7,16427.662941367,"kt"
1886,"CO2","ENE",8,15942.3437325444,"kt"
1886,"CO2","ENE",9,15415.7358007421,"kt"
1886,"CO2","ENE",10,16739.1722237045,"kt"
1886,"CO2","ENE",11,17457.4848029401,"kt"
1886,"CO2","ENE",12,21147.1174780975,"kt"
1886,"CO2","IND",1,46958.581628548,"kt"
1886,"CO2","IND",2,42421.4579743941,"kt"
1886,"CO2","IND",3,42297.0736667983,"kt"
1886,"CO2","IND",4,40948.198820879,"kt"
1886,"CO2","IND",5,35324.8931176447,"kt"
1886,"CO2","IND",6,31941.4722317926,"kt"
1886,"CO2","IND",7,30671.4177132833,"kt"
1886,"CO2","IND",8,33006.1879728523,"kt"
1886,"CO2","IND",9,31925.9253465248,"kt"
1886,"CO2","IND",10,37659.6633772137,"kt"
1886,"CO2","IND",11,40940.4253782452,"kt"
1886,"CO2","IND",12,46966.6141859364,"kt"
1886,"CO2","TRA",1,4086.32842490851,"kt"
1886,"CO2","TRA",2,3690.87728701414,"kt"
1886,"CO2","TRA",3,4086.32842490851,"kt"
1886,"CO2","TRA",4,3954.51137894372,"kt"
1886,"CO2","TRA",5,4086.32842490851,"kt"
1886,"CO2","TRA",6,3954.51137894372,"kt"
1886,"CO2","TRA",7,4086.32842490851,"kt"
1886,"CO2","TRA",8,4086.32842490851,"kt"
1886,"CO2","TRA",9,3954.51137894372,"kt"
1886,"CO2","TRA",10,4086.32842490851,"kt"
1886,"CO2","TRA",11,3954.51137894372,"kt"
1886,"CO2","TRA",12,4086.32842490851,"kt"
1886,"CO2","SLV",1,16.2909502435487,"kt"
1886,"CO2","SLV",2,14.7144066715924,"kt"
1886,"CO2","SLV",3,16.2909502435487,"kt"
1886,"CO2","SLV",4,15.7654357195633,"kt"
1886,"CO2","SLV",5,16.2909502435487,"kt"
1886,"CO2","SLV",6,15.7654357195633,"kt"
1886,"CO2","SLV",7,16.2909502435487,"kt"
1886,"CO2","SLV",8,16.2909502435487,"kt"
1886,"CO2","SLV",9,15.7654357195633,"kt"
1886,"CO2","SLV",10,16.2909502435487,"kt"
1886,"CO2","SLV",11,15.7654357195633,"kt"
1886,"CO2","SLV",12,16.2909502435487,"kt"
1886,"CO2","WST",1,0,"kt"
1886,"CO2","WST",2,0,"kt"
1886,"CO2","WST",3,0,"kt"
1886,"CO2","WST",4,0,"kt"
1886,"CO2","WST",5,0,"kt"
1886,"CO2","WST",6,0,"kt"
1886,"CO2","WST",7,0,"kt"
1886,"CO2","WST",8,0,"kt"
1886,"CO2","WST",9,0,"kt"
1886,"CO2","WST",10,0,"kt"
1886,"CO2","WST",11,0,"kt"
1886,"CO2","WST",12,0,"kt"
1886,"CO2","SHP",1,0,"kt"
1886,"CO2","SHP",2,0,"kt"
1886,"CO2","SHP",3,0,"kt"
1886,"CO2","SHP",4,0,"kt"
1886,"CO2","SHP",5,0,"kt"
1886,"CO2","SHP",6,0,"kt"
1886,"CO2","SHP",7,0,"kt"
1886,"CO2","SHP",8,0,"kt"
1886,"CO2","SHP",9,0,"kt"
1886,"CO2","SHP",10,0,"kt"
1886,"CO2","SHP",11,0,"kt"
1886,"CO2","SHP",12,0,"kt"
1886,"CO2","RCO",1,36458.351444469,"kt"
1886,"CO2","RCO",2,28526.8952295411,"kt"
1886,"CO2","RCO",3,25005.1383938917,"kt"
1886,"CO2","RCO",4,15264.01015342,"kt"
1886,"CO2","RCO",5,10456.6668071883,"kt"
1886,"CO2","RCO",6,9518.3678114862,"kt"
1886,"CO2","RCO",7,10152.2213517259,"kt"
1886,"CO2","RCO",8,10151.9264440579,"kt"
1886,"CO2","RCO",9,9541.85487894509,"kt"
1886,"CO2","RCO",10,12624.8193472815,"kt"
1886,"CO2","RCO",11,20803.0321566767,"kt"
1886,"CO2","RCO",12,35457.9547838645,"kt"
1887,"CO2","AGR",1,0,"kt"
1887,"CO2","AGR",2,0,"kt"
1887,"CO2","AGR",3,0,"kt"
1887,"CO2","AGR",4,0,"kt"
1887,"CO2","AGR",5,0,"kt"
1887,"CO2","AGR",6,0,"kt"
1887,"CO2","AGR",7,0,"kt"
1887,"CO2","AGR",8,0,"kt"
1887,"CO2","AGR",9,0,"kt"
1887,"CO2","AGR",10,0,"kt"
1887,"CO2","AGR",11,0,"kt"
1887,"CO2","AGR",12,0,"kt"
1887,"CO2","ENE",1,24053.1306597842,"kt"
1887,"CO2","ENE",2,20181.6796521034,"kt"
1887,"CO2","ENE",3,20467.0352249184,"kt"
1887,"CO2","ENE",4,18296.7850915281,"kt"
1887,"CO2","ENE",5,17174.5684269716,"kt"
1887,"CO2","ENE",6,16580.8204587322,"kt"
1887,"CO2","ENE",7,17514.7642697678,"kt"
1887,"CO2","ENE",8,17009.7985320074,"kt"
1887,"CO2","ENE",9,16407.7717516993,"kt"
1887,"CO2","ENE",10,17780.8293510807,"kt"
1887,"CO2","ENE",11,18532.2379036166,"kt"
1887,"CO2","ENE",12,22443.1310331454,"kt"
1887,"CO2","IND",1,49052.1724836201,"kt"
1887,"CO2","IND",2,44314.4465723609,"kt"
1887,"CO2","IND",3,44186.8053771596,"kt"
1887,"CO2","IND",4,42781.264249912,"kt"
1887,"CO2","IND",5,36914.380985489,"kt"
1887,"CO2","IND",6,33384.2643803911,"kt"
1887,"CO2","IND",7,32059.2643862365,"kt"
1887,"CO2","IND",8,34497.0731930708,"kt"
1887,"CO2","IND",9,33364.4246890207,"kt"
1887,"CO2","IND",10,39352.1897923233,"kt"
1887,"CO2","IND",11,42771.3444042267,"kt"
1887,"CO2","IND",12,49062.4229908281,"kt"
1887,"CO2","TRA",1,4531.68144894378,"kt"
1887,"CO2","TRA",2,4093.13163130406,"kt"
1887,"CO2","TRA",3,4531.68144894378,"kt"
1887,"CO2","TRA",4,4385.4981763972,"kt"
1887,"CO2","TRA",5,4531.68144894378,"kt"
1887,"CO2","TRA",6,4385.4981763972,"kt"
1887,"CO2","TRA",7,4531.68144894378,"kt"
1887,"CO2","TRA",8,4531.68144894378,"kt"
1887,"CO2","TRA",9,4385.4981763972,"kt"
1887,"CO2","TRA",10,4531.68144894378,"kt"
1887,"CO2","TRA",11,4385.4981763972,"kt"
1887,"CO2","TRA",12,4531.68144894378,"kt"
1887,"CO2","SLV",1,18.1667761861978,"kt"
1887,"CO2","SLV",2,16.4087010714045,"kt"
1887,"CO2","SLV",3,18.1667761861978,"kt"
1887,"CO2","SLV",4,17.5807511479334,"kt"
1887,"CO2","SLV",5,18.1667761861978,"kt"
1887,"CO2","SLV",6,17.5807511479334,"kt"
1887,"CO2","SLV",7,18.1667761861978,"kt"
1887,"CO2","SLV",8,18.1667761861978,"kt"
1887,"CO2","SLV",9,17.5807511479334,"kt"
1887,"CO2","SLV",10,18.1667761861978,"kt"
1887,"CO2","SLV",11,17.5807511479334,"kt"
1887,"CO2","SLV",12,18.1667761861978,"kt"
1887,"CO2","WST",1,0,"kt"
1887,"CO2","WST",2,0,"kt"
1887,"CO2","WST",3,0,"kt"
1887,"CO2","WST",4,0,"kt"
1887,"CO2","WST",5,0,"kt"
1887,"CO2","WST",6,0,"kt"
1887,"CO2","WST",7,0,"kt"
1887,"CO2","WST",8,0,"kt"
1887,"CO2","WST",9,0,"kt"
1887,"CO2","WST",10,0,"kt"
1887,"CO2","WST",11,0,"kt"
1887,"CO2","WST",12,0,"kt"
1887,"CO2","SHP",1,0,"kt"
1887,"CO2","SHP",2,0,"kt"
1887,"CO2","SHP",3,0,"kt"
1887,"CO2","SHP",4,0,"kt"
1887,"CO2","SHP",5,0,"kt"
1887,"CO2","SHP",6,0,"kt"
1887,"CO2","SHP",7,0,"kt"
1887,"CO2","SHP",8,0,"kt"
1887,"CO2","SHP",9,0,"kt"
1887,"CO2","SHP",10,0,"kt"
1887,"CO2","SHP",11,0,"kt"
1887,"CO2","SHP",12,0,"kt"
1887,"CO2","RCO",1,37609.9958091599,"kt"
1887,"CO2","RCO",2,29415.8006730027,"kt"
1887,"CO2","RCO",3,25783.7655359273,"kt"
1887,"CO2","RCO",4,15727.8487240382,"kt"
1887,"CO2","RCO",5,10786.8246105325,"kt"
1887,"CO2","RCO",6,9821.12652409913,"kt"
1887,"CO2","RCO",7,10475.1724646354,"kt"
1887,"CO2","RCO",8,10474.741798081,"kt"
1887,"CO2","RCO",9,9845.48671412229,"kt"
1887,"CO2","RCO",10,13017.7347154981,"kt"
1887,"CO2","RCO",11,21458.4404705695,"kt"
1887,"CO2","RCO",12,36568.1604356092,"kt"
1888,"CO2","AGR",1,0,"kt"
1888,"CO2","AGR",2,0,"kt"
1888,"CO2","AGR",3,0,"kt"
1888,"CO2","AGR",4,0,"kt"
1888,"CO2","AGR",5,0,"kt"
1888,"CO2","AGR",6,0,"kt"
1888,"CO2","AGR",7,0,"kt"
1888,"CO2","AGR",8,0,"kt"
1888,"CO2","AGR",9,0,"kt"
1888,"CO2","AGR",10,0,"kt"
1888,"CO2","AGR",11,0,"kt"
1888,"CO2","AGR",12,0,"kt"
1888,"CO2","ENE",1,26830.3233271495,"kt"
1888,"CO2","ENE",2,22471.0631340933,"kt"
1888,"CO2","ENE",3,22855.1426155932,"kt"
1888,"CO2","ENE",4,20433.144996948,"kt"
1888,"CO2","ENE",5,19415.5258006537,"kt"
1888,"CO2","ENE",6,18898.5200446319,"kt"
1888,"CO2","ENE",7,20042.3497313273,"kt"
1888,"CO2","ENE",8,19505.4215515265,"kt"
1888,"CO2","ENE",9,18620.3535036188,"kt"
1888,"CO2","ENE",10,19997.5723522428,"kt"
1888,"CO2","ENE",11,20752.8446971598,"kt"
1888,"CO2","ENE",12,25112.7431952955,"kt"
1888,"CO2","IND",1,53356.0925484632,"kt"
1888,"CO2","IND",2,48202.6950666362,"kt"
1888,"CO2","IND",3,48063.5480462544,"kt"
1888,"CO2","IND",4,46534.7438955977,"kt"
1888,"CO2","IND",5,40152.6737669369,"kt"
1888,"CO2","IND",6,36312.742258287,"kt"
1888,"CO2","IND",7,34871.3062543264,"kt"
1888,"CO2","IND",8,37523.1670002299,"kt"
1888,"CO2","IND",9,36291.1093751936,"kt"
1888,"CO2","IND",10,42804.5345128404,"kt"
1888,"CO2","IND",11,46523.927454051,"kt"
1888,"CO2","IND",12,53367.2695380615,"kt"
1888,"CO2","TRA",1,5329.10397754588,"kt"
1888,"CO2","TRA",2,4813.38423778338,"kt"
1888,"CO2","TRA",3,5329.10397754588,"kt"
1888,"CO2","TRA",4,5157.19739762505,"kt"
1888,"CO2","TRA",5,5329.10397754588,"kt"
1888,"CO2","TRA",6,5157.19739762505,"kt"
1888,"CO2","TRA",7,5329.10397754588,"kt"
1888,"CO2","TRA",8,5329.10397754588,"kt"
1888,"CO2","TRA",9,5157.19739762505,"kt"
1888,"CO2","TRA",10,5329.10397754588,"kt"
1888,"CO2","TRA",11,5157.19739762505,"kt"
1888,"CO2","TRA",12,5329.10397754588,"kt"
1888,"CO2","SLV",1,19.4329718548805,"kt"
1888,"CO2","SLV",2,17.5523616753759,"kt"
1888,"CO2","SLV",3,19.4329718548805,"kt"
1888,"CO2","SLV",4,18.8061017950456,"kt"
1888,"CO2","SLV",5,19.4329718548805,"kt"
1888,"CO2","SLV",6,18.8061017950456,"kt"
1888,"CO2","SLV",7,19.4329718548805,"kt"
1888,"CO2","SLV",8,19.4329718548805,"kt"
1888,"CO2","SLV",9,18.8061017950456,"kt"
1888,"CO2","SLV",10,19.4329718548805,"kt"
1888,"CO2","SLV",11,18.8061017950456,"kt"
1888,"CO2","SLV",12,19.4329718548805,"kt"
1888,"CO2","WST",1,0,"kt"
1888,"CO2","WST",2,0,"kt"
1888,"CO2","WST",3,0,"kt"
1888,"CO2","WST",4,0,"kt"
1888,"CO2","WST",5,0,"kt"
1888,"CO2","WST",6,0,"kt"
1888,"CO2","WST",7,0,"kt"
1888,"CO2","WST",8,0,"kt"
1888,"CO2","WST",9,0,"kt"
1888,"CO2","WST",10,0,"kt"
1888,"CO2","WST",11,0,"kt"
1888,"CO2","WST",12,0,"kt"
1888,"CO2","SHP",1,0,"kt"
1888,"CO2","SHP",2,0,"kt"
1888,"CO2","SHP",3,0,"kt"
1888,"CO2","SHP",4,0,"kt"
1888,"CO2","SHP",5,0,"kt"
1888,"CO2","SHP",6,0,"kt"
1888,"CO2","SHP",7,0,"kt"
1888,"CO2","SHP",8,0,"kt"
1888,"CO2","SHP",9,0,"kt"
1888,"CO2","SHP",10,0,"kt"
1888,"CO2","SHP",11,0,"kt"
1888,"CO2","SHP",12,0,"kt"
1888,"CO2","RCO",1,41404.3569071748,"kt"
1888,"CO2","RCO",2,32345.2253907103,"kt"
1888,"CO2","RCO",3,28354.5140427798,"kt"
1888,"CO2","RCO",4,17097.2124398996,"kt"
1888,"CO2","RCO",5,11817.7170618177,"kt"
1888,"CO2","RCO",6,10769.5047376061,"kt"
1888,"CO2","RCO",7,11486.2177169933,"kt"
1888,"CO2","RCO",8,11485.743362941,"kt"
1888,"CO2","RCO",9,10795.2958649542,"kt"
1888,"CO2","RCO",10,14239.3484334892,"kt"
1888,"CO2","RCO",11,23529.8945716583,"kt"
1888,"CO2","RCO",12,40268.4721618969,"kt"
1889,"CO2","AGR",1,0,"kt"
1889,"CO2","AGR",2,0,"kt"
1889,"CO2","AGR",3,0,"kt"
1889,"CO2","AGR",4,0,"kt"
1889,"CO2","AGR",5,0,"kt"
1889,"CO2","AGR",6,0,"kt"
1889,"CO2","AGR",7,0,"kt"
1889,"CO2","AGR",8,0,"kt"
1889,"CO2","AGR",9,0,"kt"
1889,"CO2","AGR",10,0,"kt"
1889,"CO2","AGR",11,0,"kt"
1889,"CO2","AGR",12,0,"kt"
1889,"CO2","ENE",1,27228.4428437362,"kt"
1889,"CO2","ENE",2,22862.83836943,"kt"
1889,"CO2","ENE",3,23205.1106712504,"kt"
1889,"CO2","ENE",4,20762.506724729,"kt"
1889,"CO2","ENE",5,19518.8390551635,"kt"
1889,"CO2","ENE",6,18862.749278773,"kt"
1889,"CO2","ENE",7,19920.259913973,"kt"
1889,"CO2","ENE",8,19362.0293805782,"kt"
1889,"CO2","ENE",9,18681.0584882055,"kt"
1889,"CO2","ENE",10,20228.4615273871,"kt"
1889,"CO2","ENE",11,21045.1244264797,"kt"
1889,"CO2","ENE",12,25414.567573135,"kt"
1889,"CO2","IND",1,53671.6183211216,"kt"
1889,"CO2","IND",2,48488.8694424988,"kt"
1889,"CO2","IND",3,48351.0907919853,"kt"
1889,"CO2","IND",4,46815.5468304508,"kt"
1889,"CO2","IND",5,40401.5173309649,"kt"
1889,"CO2","IND",6,36541.9202574262,"kt"
1889,"CO2","IND",7,35093.4769349022,"kt"
1889,"CO2","IND",8,37759.9842660071,"kt"
1889,"CO2","IND",9,36517.7516127677,"kt"
1889,"CO2","IND",10,43068.0246620698,"kt"
1889,"CO2","IND",11,46803.4625081215,"kt"
1889,"CO2","IND",12,53684.1054541951,"kt"
1889,"CO2","TRA",1,5540.75733940878,"kt"
1889,"CO2","TRA",2,5004.55501624019,"kt"
1889,"CO2","TRA",3,5540.75733940878,"kt"
1889,"CO2","TRA",4,5362.02323168591,"kt"
1889,"CO2","TRA",5,5540.75733940878,"kt"
1889,"CO2","TRA",6,5362.02323168591,"kt"
1889,"CO2","TRA",7,5540.75733940878,"kt"
1889,"CO2","TRA",8,5540.75733940878,"kt"
1889,"CO2","TRA",9,5362.02323168591,"kt"
1889,"CO2","TRA",10,5540.75733940878,"kt"
1889,"CO2","TRA",11,5362.02323168591,"kt"
1889,"CO2","TRA",12,5540.75733940878,"kt"
1889,"CO2","SLV",1,21.7577943473513,"kt"
1889,"CO2","SLV",2,19.6522013459947,"kt"
1889,"CO2","SLV",3,21.7577943473513,"kt"
1889,"CO2","SLV",4,21.0559300135657,"kt"
1889,"CO2","SLV",5,21.7577943473513,"kt"
1889,"CO2","SLV",6,21.0559300135657,"kt"
1889,"CO2","SLV",7,21.7577943473513,"kt"
1889,"CO2","SLV",8,21.7577943473513,"kt"
1889,"CO2","SLV",9,21.0559300135657,"kt"
1889,"CO2","SLV",10,21.7577943473513,"kt"
1889,"CO2","SLV",11,21.0559300135657,"kt"
1889,"CO2","SLV",12,21.7577943473513,"kt"
1889,"CO2","WST",1,0,"kt"
1889,"CO2","WST",2,0,"kt"
1889,"CO2","WST",3,0,"kt"
1889,"CO2","WST",4,0,"kt"
1889,"CO2","WST",5,0,"kt"
1889,"CO2","WST",6,0,"kt"
1889,"CO2","WST",7,0,"kt"
1889,"CO2","WST",8,0,"kt"
1889,"CO2","WST",9,0,"kt"
1889,"CO2","WST",10,0,"kt"
1889,"CO2","WST",11,0,"kt"
1889,"CO2","WST",12,0,"kt"
1889,"CO2","SHP",1,0,"kt"
1889,"CO2","SHP",2,0,"kt"
1889,"CO2","SHP",3,0,"kt"
1889,"CO2","SHP",4,0,"kt"
1889,"CO2","SHP",5,0,"kt"
1889,"CO2","SHP",6,0,"kt"
1889,"CO2","SHP",7,0,"kt"
1889,"CO2","SHP",8,0,"kt"
1889,"CO2","SHP",9,0,"kt"
1889,"CO2","SHP",10,0,"kt"
1889,"CO2","SHP",11,0,"kt"
1889,"CO2","SHP",12,0,"kt"
1889,"CO2","RCO",1,40215.6610151411,"kt"
1889,"CO2","RCO",2,31454.1785642288,"kt"
1889,"CO2","RCO",3,27638.8466812894,"kt"
1889,"CO2","RCO",4,16853.8274371304,"kt"
1889,"CO2","RCO",5,11509.2023249835,"kt"
1889,"CO2","RCO",6,10474.2916093422,"kt"
1889,"CO2","RCO",7,11170.4699132334,"kt"
1889,"CO2","RCO",8,11170.0693365223,"kt"
1889,"CO2","RCO",9,10502.3052040009,"kt"
1889,"CO2","RCO",10,13942.5077802653,"kt"
1889,"CO2","RCO",11,23031.3194881747,"kt"
1889,"CO2","RCO",12,39073.7968443066,"kt"
1890,"CO2","AGR",1,0,"kt"
1890,"CO2","AGR",2,0,"kt"
1890,"CO2","AGR",3,0,"kt"
1890,"CO2","AGR",4,0,"kt"
1890,"CO2","AGR",5,0,"kt"
1890,"CO2","AGR",6,0,"kt"
1890,"CO2","AGR",7,0,"kt"
1890,"CO2","AGR",8,0,"kt"
1890,"CO2","AGR",9,0,"kt"
1890,"CO2","AGR",10,0,"kt"
1890,"CO2","AGR",11,0,"kt"
1890,"CO2","AGR",12,0,"kt"
1890,"CO2","ENE",1,30057.7624542771,"kt"
1890,"CO2","ENE",2,25180.1347380741,"kt"
1890,"CO2","ENE",3,25553.2172673654,"kt"
1890,"CO2","ENE",4,22855.8242480752,"kt"
1890,"CO2","ENE",5,21704.234635299,"kt"
1890,"CO2","ENE",6,21072.3351842337,"kt"
1890,"CO2","ENE",7,22334.245374201,"kt"
1890,"CO2","ENE",8,21751.9838753261,"kt"
1890,"CO2","ENE",9,20783.0461564921,"kt"
1890,"CO2","ENE",10,22358.2861424801,"kt"
1890,"CO2","ENE",11,23242.8328924094,"kt"
1890,"CO2","ENE",12,28113.7805144299,"kt"
1890,"CO2","IND",1,57090.1208703996,"kt"
1890,"CO2","IND",2,51578.1884423168,"kt"
1890,"CO2","IND",3,51432.5532531686,"kt"
1890,"CO2","IND",4,49801.1200150918,"kt"
1890,"CO2","IND",5,42981.9569470216,"kt"
1890,"CO2","IND",6,38878.6705260249,"kt"
1890,"CO2","IND",7,37338.6913776704,"kt"
1890,"CO2","IND",8,40174.6262102257,"kt"
1890,"CO2","IND",9,38850.9891430318,"kt"
1890,"CO2","IND",10,45817.8917795769,"kt"
1890,"CO2","IND",11,49787.2793235952,"kt"
1890,"CO2","IND",12,57104.4229182793,"kt"
1890,"CO2","TRA",1,6560.45538034497,"kt"
1890,"CO2","TRA",2,5925.57260160191,"kt"
1890,"CO2","TRA",3,6560.45538034497,"kt"
1890,"CO2","TRA",4,6348.82778743062,"kt"
1890,"CO2","TRA",5,6560.45538034497,"kt"
1890,"CO2","TRA",6,6348.82778743062,"kt"
1890,"CO2","TRA",7,6560.45538034497,"kt"
1890,"CO2","TRA",8,6560.45538034497,"kt"
1890,"CO2","TRA",9,6348.82778743062,"kt"
1890,"CO2","TRA",10,6560.45538034497,"kt"
1890,"CO2","TRA",11,6348.82778743062,"kt"
1890,"CO2","TRA",12,6560.45538034497,"kt"
1890,"CO2","SLV",1,26.4262864734731,"kt"
1890,"CO2","SLV",2,23.8689039115241,"kt"
1890,"CO2","SLV",3,26.4262864734731,"kt"
1890,"CO2","SLV",4,25.5738256194901,"kt"
1890,"CO2","SLV",5,26.4262864734731,"kt"
1890,"CO2","SLV",6,25.5738256194901,"kt"
1890,"CO2","SLV",7,26.4262864734731,"kt"
1890,"CO2","SLV",8,26.4262864734731,"kt"
1890,"CO2","SLV",9,25.5738256194901,"kt"
1890,"CO2","SLV",10,26.4262864734731,"kt"
1890,"CO2","SLV",11,25.5738256194901,"kt"
1890,"CO2","SLV",12,26.4262864734731,"kt"
1890,"CO2","WST",1,0,"kt"
1890,"CO2","WST",2,0,"kt"
1890,"CO2","WST",3,0,"kt"
1890,"CO2","WST",4,0,"kt"
1890,"CO2","WST",5,0,"kt"
1890,"CO2","WST",6,0,"kt"
1890,"CO2","WST",7,0,"kt"
1890,"CO2","WST",8,0,"kt"
1890,"CO2","WST",9,0,"kt"
1890,"CO2","WST",10,0,"kt"
1890,"CO2","WST",11,0,"kt"
1890,"CO2","WST",12,0,"kt"
1890,"CO2","SHP",1,0,"kt"
1890,"CO2","SHP",2,0,"kt"
1890,"CO2","SHP",3,0,"kt"
1890,"CO2","SHP",4,0,"kt"
1890,"CO2","SHP",5,0,"kt"
1890,"CO2","SHP",6,0,"kt"
1890,"CO2","SHP",7,0,"kt"
1890,"CO2","SHP",8,0,"kt"
1890,"CO2","SHP",9,0,"kt"
1890,"CO2","SHP",10,0,"kt"
1890,"CO2","SHP",11,0,"kt"
1890,"CO2","SHP",12,0,"kt"
1890,"CO2","RCO",1,43772.7814252295,"kt"
1890,"CO2","RCO",2,34180.5955913745,"kt"
1890,"CO2","RCO",3,29999.7177424615,"kt"
1890,"CO2","RCO",4,18101.4393552922,"kt"
1890,"CO2","RCO",5,12489.9751319401,"kt"
1890,"CO2","RCO",6,11383.37321859,"kt"
1890,"CO2","RCO",7,12140.2173710607,"kt"
1890,"CO2","RCO",8,12139.664811962,"kt"
1890,"CO2","RCO",9,11412.8791877503,"kt"
1890,"CO2","RCO",10,15083.1986178448,"kt"
1890,"CO2","RCO",11,24960.9818355445,"kt"
1890,"CO2","RCO",12,42541.1805974013,"kt"
1891,"CO2","AGR",1,0,"kt"
1891,"CO2","AGR",2,0,"kt"
1891,"CO2","AGR",3,0,"kt"
1891,"CO2","AGR",4,0,"kt"
1891,"CO2","AGR",5,0,"kt"
1891,"CO2","AGR",6,0,"kt"
1891,"CO2","AGR",7,0,"kt"
1891,"CO2","AGR",8,0,"kt"
1891,"CO2","AGR",9,0,"kt"
1891,"CO2","AGR",10,0,"kt"
1891,"CO2","AGR",11,0,"kt"
1891,"CO2","AGR",12,0,"kt"
1891,"CO2","ENE",1,31812.353704388,"kt"
1891,"CO2","ENE",2,26644.9825033039,"kt"
1891,"CO2","ENE",3,27079.7436520261,"kt"
1891,"CO2","ENE",4,24229.2781073939,"kt"
1891,"CO2","ENE",5,23085.103286876,"kt"
1891,"CO2","ENE",6,22468.1687325169,"kt"
1891,"CO2","ENE",7,23834.636629384,"kt"
1891,"CO2","ENE",8,23235.6264524336,"kt"
1891,"CO2","ENE",9,22153.2629682257,"kt"
1891,"CO2","ENE",10,23771.3366321047,"kt"
1891,"CO2","ENE",11,24657.8345136953,"kt"
1891,"CO2","ENE",12,29783.7397559795,"kt"
1891,"CO2","IND",1,59068.5254049894,"kt"
1891,"CO2","IND",2,53364.9997821092,"kt"
1891,"CO2","IND",3,53217.6191521073,"kt"
1891,"CO2","IND",4,51528.314518561,"kt"
1891,"CO2","IND",5,44476.6420857912,"kt"
1891,"CO2","IND",6,40231.3725940204,"kt"
1891,"CO2","IND",7,38639.8887581119,"kt"
1891,"CO2","IND",8,41572.4183471544,"kt"
1891,"CO2","IND",9,40203.9798355632,"kt"
1891,"CO2","IND",10,47409.1716748337,"kt"
1891,"CO2","IND",11,51514.6181393324,"kt"
1891,"CO2","IND",12,59082.6783301923,"kt"
1891,"CO2","TRA",1,7075.32785871301,"kt"
1891,"CO2","TRA",2,6390.61871109562,"kt"
1891,"CO2","TRA",3,7075.32785871301,"kt"
1891,"CO2","TRA",4,6847.09147617388,"kt"
1891,"CO2","TRA",5,7075.32785871301,"kt"
1891,"CO2","TRA",6,6847.09147617388,"kt"
1891,"CO2","TRA",7,7075.32785871301,"kt"
1891,"CO2","TRA",8,7075.32785871301,"kt"
1891,"CO2","TRA",9,6847.09147617388,"kt"
1891,"CO2","TRA",10,7075.32785871301,"kt"
1891,"CO2","TRA",11,6847.09147617388,"kt"
1891,"CO2","TRA",12,7075.32785871301,"kt"
1891,"CO2","SLV",1,31.0257818670911,"kt"
1891,"CO2","SLV",2,28.0232868476952,"kt"
1891,"CO2","SLV",3,31.0257818670911,"kt"
1891,"CO2","SLV",4,30.0249501939591,"kt"
1891,"CO2","SLV",5,31.0257818670911,"kt"
1891,"CO2","SLV",6,30.0249501939591,"kt"
1891,"CO2","SLV",7,31.0257818670911,"kt"
1891,"CO2","SLV",8,31.0257818670911,"kt"
1891,"CO2","SLV",9,30.0249501939591,"kt"
1891,"CO2","SLV",10,31.0257818670911,"kt"
1891,"CO2","SLV",11,30.0249501939591,"kt"
1891,"CO2","SLV",12,31.0257818670911,"kt"
1891,"CO2","WST",1,0,"kt"
1891,"CO2","WST",2,0,"kt"
1891,"CO2","WST",3,0,"kt"
1891,"CO2","WST",4,0,"kt"
1891,"CO2","WST",5,0,"kt"
1891,"CO2","WST",6,0,"kt"
1891,"CO2","WST",7,0,"kt"
1891,"CO2","WST",8,0,"kt"
1891,"CO2","WST",9,0,"kt"
1891,"CO2","WST",10,0,"kt"
1891,"CO2","WST",11,0,"kt"
1891,"CO2","WST",12,0,"kt"
1891,"CO2","SHP",1,0,"kt"
1891,"CO2","SHP",2,0,"kt"
1891,"CO2","SHP",3,0,"kt"
1891,"CO2","SHP",4,0,"kt"
1891,"CO2","SHP",5,0,"kt"
1891,"CO2","SHP",6,0,"kt"
1891,"CO2","SHP",7,0,"kt"
1891,"CO2","SHP",8,0,"kt"
1891,"CO2","SHP",9,0,"kt"
1891,"CO2","SHP",10,0,"kt"
1891,"CO2","SHP",11,0,"kt"
1891,"CO2","SHP",12,0,"kt"
1891,"CO2","RCO",1,45768.453820579,"kt"
1891,"CO2","RCO",2,35735.1146494766,"kt"
1891,"CO2","RCO",3,31397.0774125641,"kt"
1891,"CO2","RCO",4,18881.7184536763,"kt"
1891,"CO2","RCO",5,13043.3476898806,"kt"
1891,"CO2","RCO",6,11888.2264638027,"kt"
1891,"CO2","RCO",7,12676.8668848735,"kt"
1891,"CO2","RCO",8,12676.4313959235,"kt"
1891,"CO2","RCO",9,11920.7436433622,"kt"
1891,"CO2","RCO",10,15763.5105093727,"kt"
1891,"CO2","RCO",11,26118.0415692856,"kt"
1891,"CO2","RCO",12,44483.0969030261,"kt"
1892,"CO2","AGR",1,0,"kt"
1892,"CO2","AGR",2,0,"kt"
1892,"CO2","AGR",3,0,"kt"
1892,"CO2","AGR",4,0,"kt"
1892,"CO2","AGR",5,0,"kt"
1892,"CO2","AGR",6,0,"kt"
1892,"CO2","AGR",7,0,"kt"
1892,"CO2","AGR",8,0,"kt"
1892,"CO2","AGR",9,0,"kt"
1892,"CO2","AGR",10,0,"kt"
1892,"CO2","AGR",11,0,"kt"
1892,"CO2","AGR",12,0,"kt"
1892,"CO2","ENE",1,32564.243548973,"kt"
1892,"CO2","ENE",2,27240.4757368386,"kt"
1892,"CO2","ENE",3,27717.6518948284,"kt"
1892,"CO2","ENE",4,24800.8275664979,"kt"
1892,"CO2","ENE",5,23762.8373202038,"kt"
1892,"CO2","ENE",6,23200.8792045978,"kt"
1892,"CO2","ENE",7,24656.1591534256,"kt"
1892,"CO2","ENE",8,24054.4446262237,"kt"
1892,"CO2","ENE",9,22818.5268406366,"kt"
1892,"CO2","ENE",10,24395.2878568657,"kt"
1892,"CO2","ENE",11,25275.2329509399,"kt"
1892,"CO2","ENE",12,30540.2276735034,"kt"
1892,"CO2","IND",1,58435.0826424301,"kt"
1892,"CO2","IND",2,52794.763553087,"kt"
1892,"CO2","IND",3,52656.1251127078,"kt"
1892,"CO2","IND",4,50989.0166637486,"kt"
1892,"CO2","IND",5,44028.3456179148,"kt"
1892,"CO2","IND",6,39835.4138060593,"kt"
1892,"CO2","IND",7,38265.6508081087,"kt"
1892,"CO2","IND",8,41163.2609329279,"kt"
1892,"CO2","IND",9,39803.9375739634,"kt"
1892,"CO2","IND",10,46925.9557427341,"kt"
1892,"CO2","IND",11,50973.2785477006,"kt"
1892,"CO2","IND",12,58451.3453623463,"kt"
1892,"CO2","TRA",1,7306.60516844157,"kt"
1892,"CO2","TRA",2,6599.51434568916,"kt"
1892,"CO2","TRA",3,7306.60516844157,"kt"
1892,"CO2","TRA",4,7070.9082275241,"kt"
1892,"CO2","TRA",5,7306.60516844157,"kt"
1892,"CO2","TRA",6,7070.9082275241,"kt"
1892,"CO2","TRA",7,7306.60516844157,"kt"
1892,"CO2","TRA",8,7306.60516844157,"kt"
1892,"CO2","TRA",9,7070.9082275241,"kt"
1892,"CO2","TRA",10,7306.60516844157,"kt"
1892,"CO2","TRA",11,7070.9082275241,"kt"
1892,"CO2","TRA",12,7306.60516844157,"kt"
1892,"CO2","SLV",1,31.1332497328771,"kt"
1892,"CO2","SLV",2,28.1203545974374,"kt"
1892,"CO2","SLV",3,31.1332497328771,"kt"
1892,"CO2","SLV",4,30.1289513543972,"kt"
1892,"CO2","SLV",5,31.1332497328771,"kt"
1892,"CO2","SLV",6,30.1289513543972,"kt"
1892,"CO2","SLV",7,31.1332497328771,"kt"
1892,"CO2","SLV",8,31.1332497328771,"kt"
1892,"CO2","SLV",9,30.1289513543972,"kt"
1892,"CO2","SLV",10,31.1332497328771,"kt"
1892,"CO2","SLV",11,30.1289513543972,"kt"
1892,"CO2","SLV",12,31.1332497328771,"kt"
1892,"CO2","WST",1,0,"kt"
1892,"CO2","WST",2,0,"kt"
1892,"CO2","WST",3,0,"kt"
1892,"CO2","WST",4,0,"kt"
1892,"CO2","WST",5,0,"kt"
1892,"CO2","WST",6,0,"kt"
1892,"CO2","WST",7,0,"kt"
1892,"CO2","WST",8,0,"kt"
1892,"CO2","WST",9,0,"kt"
1892,"CO2","WST",10,0,"kt"
1892,"CO2","WST",11,0,"kt"
1892,"CO2","WST",12,0,"kt"
1892,"CO2","SHP",1,0,"kt"
1892,"CO2","SHP",2,0,"kt"
1892,"CO2","SHP",3,0,"kt"
1892,"CO2","SHP",4,0,"kt"
1892,"CO2","SHP",5,0,"kt"
1892,"CO2","SHP",6,0,"kt"
1892,"CO2","SHP",7,0,"kt"
1892,"CO2","SHP",8,0,"kt"
1892,"CO2","SHP",9,0,"kt"
1892,"CO2","SHP",10,0,"kt"
1892,"CO2","SHP",11,0,"kt"
1892,"CO2","SHP",12,0,"kt"
1892,"CO2","RCO",1,46476.4632536884,"kt"
1892,"CO2","RCO",2,36266.095793202,"kt"
1892,"CO2","RCO",3,31853.2343710187,"kt"
1892,"CO2","RCO",4,19063.6353184128,"kt"
1892,"CO2","RCO",5,13239.9690041927,"kt"
1892,"CO2","RCO",6,12075.0618810782,"kt"
1892,"CO2","RCO",7,12875.6823045118,"kt"
1892,"CO2","RCO",8,12875.053431788,"kt"
1892,"CO2","RCO",9,12107.7340882696,"kt"
1892,"CO2","RCO",10,15979.098868662,"kt"
1892,"CO2","RCO",11,26470.4889622711,"kt"
1892,"CO2","RCO",12,45181.6190210688,"kt"
1893,"CO2","AGR",1,0,"kt"
1893,"CO2","AGR",2,0,"kt"
1893,"CO2","AGR",3,0,"kt"
1893,"CO2","AGR",4,0,"kt"
1893,"CO2","AGR",5,0,"kt"
1893,"CO2","AGR",6,0,"kt"
1893,"CO2","AGR",7,0,"kt"
1893,"CO2","AGR",8,0,"kt"
1893,"CO2","AGR",9,0,"kt"
1893,"CO2","AGR",10,0,"kt"
1893,"CO2","AGR",11,0,"kt"
1893,"CO2","AGR",12,0,"kt"
1893,"CO2","ENE",1,32971.5317373489,"kt"
1893,"CO2","ENE",2,27585.4343997313,"kt"
1893,"CO2","ENE",3,27974.774910339,"kt"
1893,"CO2","ENE",4,25063.971350661,"kt"
1893,"CO2","ENE",5,24127.8467044814,"kt"
1893,"CO2","ENE",6,23513.0401871805,"kt"
1893,"CO2","ENE",7,24998.6062421445,"kt"
1893,"CO2","ENE",8,24473.7489184044,"kt"
1893,"CO2","ENE",9,23165.2885003864,"kt"
1893,"CO2","ENE",10,24746.5496125392,"kt"
1893,"CO2","ENE",11,25655.8688287211,"kt"
1893,"CO2","ENE",12,30917.1962322869,"kt"
1893,"CO2","IND",1,56600.173399831,"kt"
1893,"CO2","IND",2,51140.9394750448,"kt"
1893,"CO2","IND",3,51015.9355559456,"kt"
1893,"CO2","IND",4,49409.2649526054,"kt"
1893,"CO2","IND",5,42689.9599089674,"kt"
1893,"CO2","IND",6,38640.0674112916,"kt"
1893,"CO2","IND",7,37125.8745126219,"kt"
1893,"CO2","IND",8,39928.0696583346,"kt"
1893,"CO2","IND",9,38601.0626741174,"kt"
1893,"CO2","IND",10,45492.1550546801,"kt"
1893,"CO2","IND",11,49389.7625840183,"kt"
1893,"CO2","IND",12,56620.325847371,"kt"
1893,"CO2","TRA",1,7338.92011556878,"kt"
1893,"CO2","TRA",2,6628.70203986858,"kt"
1893,"CO2","TRA",3,7338.92011556878,"kt"
1893,"CO2","TRA",4,7102.18075700205,"kt"
1893,"CO2","TRA",5,7338.92011556878,"kt"
1893,"CO2","TRA",6,7102.18075700205,"kt"
1893,"CO2","TRA",7,7338.92011556878,"kt"
1893,"CO2","TRA",8,7338.92011556878,"kt"
1893,"CO2","TRA",9,7102.18075700205,"kt"
1893,"CO2","TRA",10,7338.92011556878,"kt"
1893,"CO2","TRA",11,7102.18075700205,"kt"
1893,"CO2","TRA",12,7338.92011556878,"kt"
1893,"CO2","SLV",1,33.8292892871823,"kt"
1893,"CO2","SLV",2,30.5554870981001,"kt"
1893,"CO2","SLV",3,33.8292892871823,"kt"
1893,"CO2","SLV",4,32.7380218908216,"kt"
1893,"CO2","SLV",5,33.8292892871823,"kt"
1893,"CO2","SLV",6,32.7380218908216,"kt"
1893,"CO2","SLV",7,33.8292892871823,"kt"
1893,"CO2","SLV",8,33.8292892871823,"kt"
1893,"CO2","SLV",9,32.7380218908216,"kt"
1893,"CO2","SLV",10,33.8292892871823,"kt"
1893,"CO2","SLV",11,32.7380218908216,"kt"
1893,"CO2","SLV",12,33.8292892871823,"kt"
1893,"CO2","WST",1,0,"kt"
1893,"CO2","WST",2,0,"kt"
1893,"CO2","WST",3,0,"kt"
1893,"CO2","WST",4,0,"kt"
1893,"CO2","WST",5,0,"kt"
1893,"CO2","WST",6,0,"kt"
1893,"CO2","WST",7,0,"kt"
1893,"CO2","WST",8,0,"kt"
1893,"CO2","WST",9,0,"kt"
1893,"CO2","WST",10,0,"kt"
1893,"CO2","WST",11,0,"kt"
1893,"CO2","WST",12,0,"kt"
1893,"CO2","SHP",1,0,"kt"
1893,"CO2","SHP",2,0,"kt"
1893,"CO2","SHP",3,0,"kt"
1893,"CO2","SHP",4,0,"kt"
1893,"CO2","SHP",5,0,"kt"
1893,"CO2","SHP",6,0,"kt"
1893,"CO2","SHP",7,0,"kt"
1893,"CO2","SHP",8,0,"kt"
1893,"CO2","SHP",9,0,"kt"
1893,"CO2","SHP",10,0,"kt"
1893,"CO2","SHP",11,0,"kt"
1893,"CO2","SHP",12,0,"kt"
1893,"CO2","RCO",1,45697.5131516788,"kt"
1893,"CO2","RCO",2,35579.3456253167,"kt"
1893,"CO2","RCO",3,31298.924713546,"kt"
1893,"CO2","RCO",4,18504.9368658121,"kt"
1893,"CO2","RCO",5,12932.1529569041,"kt"
1893,"CO2","RCO",6,11806.5366520206,"kt"
1893,"CO2","RCO",7,12588.1328817824,"kt"
1893,"CO2","RCO",8,12586.7808022863,"kt"
1893,"CO2","RCO",9,11840.8306525356,"kt"
1893,"CO2","RCO",10,15632.9728441493,"kt"
1893,"CO2","RCO",11,26030.3189444726,"kt"
1893,"CO2","RCO",12,44401.578065482,"kt"
1894,"CO2","AGR",1,0,"kt"
1894,"CO2","AGR",2,0,"kt"
1894,"CO2","AGR",3,0,"kt"
1894,"CO2","AGR",4,0,"kt"
1894,"CO2","AGR",5,0,"kt"
1894,"CO2","AGR",6,0,"kt"
1894,"CO2","AGR",7,0,"kt"
1894,"CO2","AGR",8,0,"kt"
1894,"CO2","AGR",9,0,"kt"
1894,"CO2","AGR",10,0,"kt"
1894,"CO2","AGR",11,0,"kt"
1894,"CO2","AGR",12,0,"kt"
1894,"CO2","ENE",1,34292.2449349333,"kt"
1894,"CO2","ENE",2,28745.4971842864,"kt"
1894,"CO2","ENE",3,29187.0025093113,"kt"
1894,"CO2","ENE",4,26143.7443078454,"kt"
1894,"CO2","ENE",5,24870.7768999833,"kt"
1894,"CO2","ENE",6,24132.5599083336,"kt"
1894,"CO2","ENE",7,25563.2298213192,"kt"
1894,"CO2","ENE",8,24937.8603712002,"kt"
1894,"CO2","ENE",9,23842.9766649971,"kt"
1894,"CO2","ENE",10,25656.7093910046,"kt"
1894,"CO2","ENE",11,26635.2321192363,"kt"
1894,"CO2","ENE",12,32099.8170734652,"kt"
1894,"CO2","IND",1,59438.3916279347,"kt"
1894,"CO2","IND",2,53707.9482281049,"kt"
1894,"CO2","IND",3,53577.9414238962,"kt"
1894,"CO2","IND",4,51896.0329094674,"kt"
1894,"CO2","IND",5,44847.2151793636,"kt"
1894,"CO2","IND",6,40599.6382396059,"kt"
1894,"CO2","IND",7,39010.7445999352,"kt"
1894,"CO2","IND",8,41952.9595142594,"kt"
1894,"CO2","IND",9,40553.2260629413,"kt"
1894,"CO2","IND",10,47789.4300936878,"kt"
1894,"CO2","IND",11,51872.8268211351,"kt"
1894,"CO2","IND",12,59462.3712525447,"kt"
1894,"CO2","TRA",1,7445.85672736862,"kt"
1894,"CO2","TRA",2,6725.28994730069,"kt"
1894,"CO2","TRA",3,7445.85672736862,"kt"
1894,"CO2","TRA",4,7205.66780067931,"kt"
1894,"CO2","TRA",5,7445.85672736862,"kt"
1894,"CO2","TRA",6,7205.66780067931,"kt"
1894,"CO2","TRA",7,7445.85672736862,"kt"
1894,"CO2","TRA",8,7445.85672736862,"kt"
1894,"CO2","TRA",9,7205.66780067931,"kt"
1894,"CO2","TRA",10,7445.85672736862,"kt"
1894,"CO2","TRA",11,7205.66780067931,"kt"
1894,"CO2","TRA",12,7445.85672736862,"kt"
1894,"CO2","SLV",1,32.8058955157655,"kt"
1894,"CO2","SLV",2,29.6311314335947,"kt"
1894,"CO2","SLV",3,32.8058955157655,"kt"
1894,"CO2","SLV",4,31.7476408217086,"kt"
1894,"CO2","SLV",5,32.8058955157655,"kt"
1894,"CO2","SLV",6,31.7476408217086,"kt"
1894,"CO2","SLV",7,32.8058955157655,"kt"
1894,"CO2","SLV",8,32.8058955157655,"kt"
1894,"CO2","SLV",9,31.7476408217086,"kt"
1894,"CO2","SLV",10,32.8058955157655,"kt"
1894,"CO2","SLV",11,31.7476408217086,"kt"
1894,"CO2","SLV",12,32.8058955157655,"kt"
1894,"CO2","WST",1,0,"kt"
1894,"CO2","WST",2,0,"kt"
1894,"CO2","WST",3,0,"kt"
1894,"CO2","WST",4,0,"kt"
1894,"CO2","WST",5,0,"kt"
1894,"CO2","WST",6,0,"kt"
1894,"CO2","WST",7,0,"kt"
1894,"CO2","WST",8,0,"kt"
1894,"CO2","WST",9,0,"kt"
1894,"CO2","WST",10,0,"kt"
1894,"CO2","WST",11,0,"kt"
1894,"CO2","WST",12,0,"kt"
1894,"CO2","SHP",1,0,"kt"
1894,"CO2","SHP",2,0,"kt"
1894,"CO2","SHP",3,0,"kt"
1894,"CO2","SHP",4,0,"kt"
1894,"CO2","SHP",5,0,"kt"
1894,"CO2","SHP",6,0,"kt"
1894,"CO2","SHP",7,0,"kt"
1894,"CO2","SHP",8,0,"kt"
1894,"CO2","SHP",9,0,"kt"
1894,"CO2","SHP",10,0,"kt"
1894,"CO2","SHP",11,0,"kt"
1894,"CO2","SHP",12,0,"kt"
1894,"CO2","RCO",1,46857.1444454866,"kt"
1894,"CO2","RCO",2,36568.4303141957,"kt"
1894,"CO2","RCO",3,32188.9664496943,"kt"
1894,"CO2","RCO",4,19388.3966471584,"kt"
1894,"CO2","RCO",5,13360.6818615215,"kt"
1894,"CO2","RCO",6,12174.2502795489,"kt"
1894,"CO2","RCO",7,12980.4380351484,"kt"
1894,"CO2","RCO",8,12978.7124822232,"kt"
1894,"CO2","RCO",9,12210.9062242767,"kt"
1894,"CO2","RCO",10,16205.3352379343,"kt"
1894,"CO2","RCO",11,26842.2748965282,"kt"
1894,"CO2","RCO",12,45497.9408540819,"kt"
1895,"CO2","AGR",1,0,"kt"
1895,"CO2","AGR",2,0,"kt"
1895,"CO2","AGR",3,0,"kt"
1895,"CO2","AGR",4,0,"kt"
1895,"CO2","AGR",5,0,"kt"
1895,"CO2","AGR",6,0,"kt"
1895,"CO2","AGR",7,0,"kt"
1895,"CO2","AGR",8,0,"kt"
1895,"CO2","AGR",9,0,"kt"
1895,"CO2","AGR",10,0,"kt"
1895,"CO2","AGR",11,0,"kt"
1895,"CO2","AGR",12,0,"kt"
1895,"CO2","ENE",1,36775.7978230843,"kt"
1895,"CO2","ENE",2,30790.5417779357,"kt"
1895,"CO2","ENE",3,31326.1425485608,"kt"
1895,"CO2","ENE",4,28065.3527176684,"kt"
1895,"CO2","ENE",5,26910.828763264,"kt"
1895,"CO2","ENE",6,26238.4673257288,"kt"
1895,"CO2","ENE",7,27860.6873508085,"kt"
1895,"CO2","ENE",8,27221.5295349041,"kt"
1895,"CO2","ENE",9,25860.9723930924,"kt"
1895,"CO2","ENE",10,27673.4680094115,"kt"
1895,"CO2","ENE",11,28648.5034576855,"kt"
1895,"CO2","ENE",12,34500.4451927786,"kt"
1895,"CO2","IND",1,61759.9056716176,"kt"
1895,"CO2","IND",2,55809.4995236554,"kt"
1895,"CO2","IND",3,55684.8236952045,"kt"
1895,"CO2","IND",4,53945.0224535174,"kt"
1895,"CO2","IND",5,46645.1584473725,"kt"
1895,"CO2","IND",6,42243.2826670051,"kt"
1895,"CO2","IND",7,40599.2595576745,"kt"
1895,"CO2","IND",8,43651.3920892386,"kt"
1895,"CO2","IND",9,42186.799273363,"kt"
1895,"CO2","IND",10,49697.2909789367,"kt"
1895,"CO2","IND",11,53916.7807566964,"kt"
1895,"CO2","IND",12,61789.0887583327,"kt"
1895,"CO2","TRA",1,8196.49260848889,"kt"
1895,"CO2","TRA",2,7403.28364637706,"kt"
1895,"CO2","TRA",3,8196.49260848889,"kt"
1895,"CO2","TRA",4,7932.08962111828,"kt"
1895,"CO2","TRA",5,8196.49260848889,"kt"
1895,"CO2","TRA",6,7932.08962111828,"kt"
1895,"CO2","TRA",7,8196.49260848889,"kt"
1895,"CO2","TRA",8,8196.49260848889,"kt"
1895,"CO2","TRA",9,7932.08962111828,"kt"
1895,"CO2","TRA",10,8196.49260848889,"kt"
1895,"CO2","TRA",11,7932.08962111828,"kt"
1895,"CO2","TRA",12,8196.49260848889,"kt"
1895,"CO2","SLV",1,40.0768262906508,"kt"
1895,"CO2","SLV",2,36.1984237463943,"kt"
1895,"CO2","SLV",3,40.0768262906508,"kt"
1895,"CO2","SLV",4,38.7840254425653,"kt"
1895,"CO2","SLV",5,40.0768262906508,"kt"
1895,"CO2","SLV",6,38.7840254425653,"kt"
1895,"CO2","SLV",7,40.0768262906508,"kt"
1895,"CO2","SLV",8,40.0768262906508,"kt"
1895,"CO2","SLV",9,38.7840254425653,"kt"
1895,"CO2","SLV",10,40.0768262906508,"kt"
1895,"CO2","SLV",11,38.7840254425653,"kt"
1895,"CO2","SLV",12,40.0768262906508,"kt"
1895,"CO2","WST",1,0,"kt"
1895,"CO2","WST",2,0,"kt"
1895,"CO2","WST",3,0,"kt"
1895,"CO2","WST",4,0,"kt"
1895,"CO2","WST",5,0,"kt"
1895,"CO2","WST",6,0,"kt"
1895,"CO2","WST",7,0,"kt"
1895,"CO2","WST",8,0,"kt"
1895,"CO2","WST",9,0,"kt"
1895,"CO2","WST",10,0,"kt"
1895,"CO2","WST",11,0,"kt"
1895,"CO2","WST",12,0,"kt"
1895,"CO2","SHP",1,0,"kt"
1895,"CO2","SHP",2,0,"kt"
1895,"CO2","SHP",3,0,"kt"
1895,"CO2","SHP",4,0,"kt"
1895,"CO2","SHP",5,0,"kt"
1895,"CO2","SHP",6,0,"kt"
1895,"CO2","SHP",7,0,"kt"
1895,"CO2","SHP",8,0,"kt"
1895,"CO2","SHP",9,0,"kt"
1895,"CO2","SHP",10,0,"kt"
1895,"CO2","SHP",11,0,"kt"
1895,"CO2","SHP",12,0,"kt"
1895,"CO2","RCO",1,49785.8374206889,"kt"
1895,"CO2","RCO",2,38817.3933547534,"kt"
1895,"CO2","RCO",3,34157.5058982798,"kt"
1895,"CO2","RCO",4,20406.3469396008,"kt"
1895,"CO2","RCO",5,14156.2288531964,"kt"
1895,"CO2","RCO",6,12911.0645048706,"kt"
1895,"CO2","RCO",7,13765.4157162038,"kt"
1895,"CO2","RCO",8,13763.096378202,"kt"
1895,"CO2","RCO",9,12949.5060200106,"kt"
1895,"CO2","RCO",10,17145.7727788979,"kt"
1895,"CO2","RCO",11,28440.5052085537,"kt"
1895,"CO2","RCO",12,48354.1405338153,"kt"
1896,"CO2","AGR",1,0,"kt"
1896,"CO2","AGR",2,0,"kt"
1896,"CO2","AGR",3,0,"kt"
1896,"CO2","AGR",4,0,"kt"
1896,"CO2","AGR",5,0,"kt"
1896,"CO2","AGR",6,0,"kt"
1896,"CO2","AGR",7,0,"kt"
1896,"CO2","AGR",8,0,"kt"
1896,"CO2","AGR",9,0,"kt"
1896,"CO2","AGR",10,0,"kt"
1896,"CO2","AGR",11,0,"kt"
1896,"CO2","AGR",12,0,"kt"
1896,"CO2","ENE",1,38426.990030386,"kt"
1896,"CO2","ENE",2,32206.8180881131,"kt"
1896,"CO2","ENE",3,32730.5124844153,"kt"
1896,"CO2","ENE",4,29335.2317980086,"kt"
1896,"CO2","ENE",5,28065.1213062133,"kt"
1896,"CO2","ENE",6,27311.7126874202,"kt"
1896,"CO2","ENE",7,28968.0172040925,"kt"
1896,"CO2","ENE",8,28310.6957047206,"kt"
1896,"CO2","ENE",9,26971.4200534814,"kt"
1896,"CO2","ENE",10,28914.066468148,"kt"
1896,"CO2","ENE",11,29945.4024984189,"kt"
1896,"CO2","ENE",12,36014.1715577663,"kt"
1896,"CO2","IND",1,64006.0629862041,"kt"
1896,"CO2","IND",2,57840.7107082545,"kt"
1896,"CO2","IND",3,57715.5467342535,"kt"
1896,"CO2","IND",4,55915.4324392898,"kt"
1896,"CO2","IND",5,48359.4391725935,"kt"
1896,"CO2","IND",6,43801.9172287526,"kt"
1896,"CO2","IND",7,42100.7896471493,"kt"
1896,"CO2","IND",8,45261.9811363777,"kt"
1896,"CO2","IND",9,43740.2396935791,"kt"
1896,"CO2","IND",10,51520.6306618219,"kt"
1896,"CO2","IND",11,55884.5936717031,"kt"
1896,"CO2","IND",12,64037.9297127103,"kt"
1896,"CO2","TRA",1,8411.05692572191,"kt"
1896,"CO2","TRA",2,7597.08367484559,"kt"
1896,"CO2","TRA",3,8411.05692572191,"kt"
1896,"CO2","TRA",4,8139.73250876314,"kt"
1896,"CO2","TRA",5,8411.05692572191,"kt"
1896,"CO2","TRA",6,8139.73250876314,"kt"
1896,"CO2","TRA",7,8411.05692572191,"kt"
1896,"CO2","TRA",8,8411.05692572191,"kt"
1896,"CO2","TRA",9,8139.73250876314,"kt"
1896,"CO2","TRA",10,8411.05692572191,"kt"
1896,"CO2","TRA",11,8139.73250876314,"kt"
1896,"CO2","TRA",12,8411.05692572191,"kt"
1896,"CO2","SLV",1,43.7314452408607,"kt"
1896,"CO2","SLV",2,39.499369894971,"kt"
1896,"CO2","SLV",3,43.7314452408607,"kt"
1896,"CO2","SLV",4,42.3207534588975,"kt"
1896,"CO2","SLV",5,43.7314452408607,"kt"
1896,"CO2","SLV",6,42.3207534588975,"kt"
1896,"CO2","SLV",7,43.7314452408607,"kt"
1896,"CO2","SLV",8,43.7314452408607,"kt"
1896,"CO2","SLV",9,42.3207534588975,"kt"
1896,"CO2","SLV",10,43.7314452408607,"kt"
1896,"CO2","SLV",11,42.3207534588975,"kt"
1896,"CO2","SLV",12,43.7314452408607,"kt"
1896,"CO2","WST",1,0,"kt"
1896,"CO2","WST",2,0,"kt"
1896,"CO2","WST",3,0,"kt"
1896,"CO2","WST",4,0,"kt"
1896,"CO2","WST",5,0,"kt"
1896,"CO2","WST",6,0,"kt"
1896,"CO2","WST",7,0,"kt"
1896,"CO2","WST",8,0,"kt"
1896,"CO2","WST",9,0,"kt"
1896,"CO2","WST",10,0,"kt"
1896,"CO2","WST",11,0,"kt"
1896,"CO2","WST",12,0,"kt"
1896,"CO2","SHP",1,0,"kt"
1896,"CO2","SHP",2,0,"kt"
1896,"CO2","SHP",3,0,"kt"
1896,"CO2","SHP",4,0,"kt"
1896,"CO2","SHP",5,0,"kt"
1896,"CO2","SHP",6,0,"kt"
1896,"CO2","SHP",7,0,"kt"
1896,"CO2","SHP",8,0,"kt"
1896,"CO2","SHP",9,0,"kt"
1896,"CO2","SHP",10,0,"kt"
1896,"CO2","SHP",11,0,"kt"
1896,"CO2","SHP",12,0,"kt"
1896,"CO2","RCO",1,50329.5205158149,"kt"
1896,"CO2","RCO",2,39246.6160401627,"kt"
1896,"CO2","RCO",3,34572.6289041406,"kt"
1896,"CO2","RCO",4,20729.6712237326,"kt"
1896,"CO2","RCO",5,14319.7020527062,"kt"
1896,"CO2","RCO",6,13057.6055829729,"kt"
1896,"CO2","RCO",7,13921.4082728255,"kt"
1896,"CO2","RCO",8,13918.4129108846,"kt"
1896,"CO2","RCO",9,13096.8586881178,"kt"
1896,"CO2","RCO",10,17376.3080523583,"kt"
1896,"CO2","RCO",11,28830.9846312658,"kt"
1896,"CO2","RCO",12,48860.6368366427,"kt"
1897,"CO2","AGR",1,0,"kt"
1897,"CO2","AGR",2,0,"kt"
1897,"CO2","AGR",3,0,"kt"
1897,"CO2","AGR",4,0,"kt"
1897,"CO2","AGR",5,0,"kt"
1897,"CO2","AGR",6,0,"kt"
1897,"CO2","AGR",7,0,"kt"
1897,"CO2","AGR",8,0,"kt"
1897,"CO2","AGR",9,0,"kt"
1897,"CO2","AGR",10,0,"kt"
1897,"CO2","AGR",11,0,"kt"
1897,"CO2","AGR",12,0,"kt"
1897,"CO2","ENE",1,40952.8541129041,"kt"
1897,"CO2","ENE",2,34336.4842797552,"kt"
1897,"CO2","ENE",3,34860.7184224764,"kt"
1897,"CO2","ENE",4,31260.8053584236,"kt"
1897,"CO2","ENE",5,29905.8607639875,"kt"
1897,"CO2","ENE",6,29065.2346941385,"kt"
1897,"CO2","ENE",7,30813.8021545941,"kt"
1897,"CO2","ENE",8,30137.1892548389,"kt"
1897,"CO2","ENE",9,28733.1887296673,"kt"
1897,"CO2","ENE",10,30829.0532499871,"kt"
1897,"CO2","ENE",11,31940.8375525197,"kt"
1897,"CO2","ENE",12,38369.8057728412,"kt"
1897,"CO2","IND",1,66962.1235760325,"kt"
1897,"CO2","IND",2,60512.5517244632,"kt"
1897,"CO2","IND",3,60385.52397077,"kt"
1897,"CO2","IND",4,58503.2473907994,"kt"
1897,"CO2","IND",5,50605.4141458631,"kt"
1897,"CO2","IND",6,45839.98847712,"kt"
1897,"CO2","IND",7,44062.7303737954,"kt"
1897,"CO2","IND",8,47367.988093024,"kt"
1897,"CO2","IND",9,45774.3449290012,"kt"
1897,"CO2","IND",10,53910.6718650917,"kt"
1897,"CO2","IND",11,58470.4256167401,"kt"
1897,"CO2","IND",12,66996.0394092272,"kt"
1897,"CO2","TRA",1,8752.76715298108,"kt"
1897,"CO2","TRA",2,7905.72517043453,"kt"
1897,"CO2","TRA",3,8752.76715298108,"kt"
1897,"CO2","TRA",4,8470.41982546556,"kt"
1897,"CO2","TRA",5,8752.76715298108,"kt"
1897,"CO2","TRA",6,8470.41982546556,"kt"
1897,"CO2","TRA",7,8752.76715298108,"kt"
1897,"CO2","TRA",8,8752.76715298108,"kt"
1897,"CO2","TRA",9,8470.41982546556,"kt"
1897,"CO2","TRA",10,8752.76715298108,"kt"
1897,"CO2","TRA",11,8470.41982546556,"kt"
1897,"CO2","TRA",12,8752.76715298108,"kt"
1897,"CO2","SLV",1,46.5481330114286,"kt"
1897,"CO2","SLV",2,42.0434749780645,"kt"
1897,"CO2","SLV",3,46.5481330114286,"kt"
1897,"CO2","SLV",4,45.0465803336405,"kt"
1897,"CO2","SLV",5,46.5481330114286,"kt"
1897,"CO2","SLV",6,45.0465803336405,"kt"
1897,"CO2","SLV",7,46.5481330114286,"kt"
1897,"CO2","SLV",8,46.5481330114286,"kt"
1897,"CO2","SLV",9,45.0465803336405,"kt"
1897,"CO2","SLV",10,46.5481330114286,"kt"
1897,"CO2","SLV",11,45.0465803336405,"kt"
1897,"CO2","SLV",12,46.5481330114286,"kt"
1897,"CO2","WST",1,0,"kt"
1897,"CO2","WST",2,0,"kt"
1897,"CO2","WST",3,0,"kt"
1897,"CO2","WST",4,0,"kt"
1897,"CO2","WST",5,0,"kt"
1897,"CO2","WST",6,0,"kt"
1897,"CO2","WST",7,0,"kt"
1897,"CO2","WST",8,0,"kt"
1897,"CO2","WST",9,0,"kt"
1897,"CO2","WST",10,0,"kt"
1897,"CO2","WST",11,0,"kt"
1897,"CO2","WST",12,0,"kt"
1897,"CO2","SHP",1,0,"kt"
1897,"CO2","SHP",2,0,"kt"
1897,"CO2","SHP",3,0,"kt"
1897,"CO2","SHP",4,0,"kt"
1897,"CO2","SHP",5,0,"kt"
1897,"CO2","SHP",6,0,"kt"
1897,"CO2","SHP",7,0,"kt"
1897,"CO2","SHP",8,0,"kt"
1897,"CO2","SHP",9,0,"kt"
1897,"CO2","SHP",10,0,"kt"
1897,"CO2","SHP",11,0,"kt"
1897,"CO2","SHP",12,0,"kt"
1897,"CO2","RCO",1,51902.4302151945,"kt"
1897,"CO2","RCO",2,40467.4786394766,"kt"
1897,"CO2","RCO",3,35689.8472527064,"kt"
1897,"CO2","RCO",4,21394.561371891,"kt"
1897,"CO2","RCO",5,14762.8372304793,"kt"
1897,"CO2","RCO",6,13460.2542292358,"kt"
1897,"CO2","RCO",7,14349.6356085541,"kt"
1897,"CO2","RCO",8,14346.3401178842,"kt"
1897,"CO2","RCO",9,13503.2484474529,"kt"
1897,"CO2","RCO",10,17953.3961057524,"kt"
1897,"CO2","RCO",11,29794.1002579724,"kt"
1897,"CO2","RCO",12,50374.0783052454,"kt"
1898,"CO2","AGR",1,0,"kt"
1898,"CO2","AGR",2,0,"kt"
1898,"CO2","AGR",3,0,"kt"
1898,"CO2","AGR",4,0,"kt"
1898,"CO2","AGR",5,0,"kt"
1898,"CO2","AGR",6,0,"kt"
1898,"CO2","AGR",7,0,"kt"
1898,"CO2","AGR",8,0,"kt"
1898,"CO2","AGR",9,0,"kt"
1898,"CO2","AGR",10,0,"kt"
1898,"CO2","AGR",11,0,"kt"
1898,"CO2","AGR",12,0,"kt"
1898,"CO2","ENE",1,43827.144696068,"kt"
1898,"CO2","ENE",2,36724.7217147395,"kt"
1898,"CO2","ENE",3,37293.9446039518,"kt"
1898,"CO2","ENE",4,33459.0362987885,"kt"
1898,"CO2","ENE",5,32177.4236964482,"kt"
1898,"CO2","ENE",6,31332.8926323301,"kt"
1898,"CO2","ENE",7,33261.7642885356,"kt"
1898,"CO2","ENE",8,32579.5843601818,"kt"
1898,"CO2","ENE",9,30939.3483091147,"kt"
1898,"CO2","ENE",10,33097.9491039459,"kt"
1898,"CO2","ENE",11,34256.2045003386,"kt"
1898,"CO2","ENE",12,41112.8988441493,"kt"
1898,"CO2","IND",1,70056.7255112873,"kt"
1898,"CO2","IND",2,63313.1600598911,"kt"
1898,"CO2","IND",3,63189.1236381642,"kt"
1898,"CO2","IND",4,61228.159802411,"kt"
1898,"CO2","IND",5,52987.6893588885,"kt"
1898,"CO2","IND",6,48013.4221360376,"kt"
1898,"CO2","IND",7,46160.0748979289,"kt"
1898,"CO2","IND",8,49613.8695405722,"kt"
1898,"CO2","IND",9,47936.0271447534,"kt"
1898,"CO2","IND",10,56441.4840015318,"kt"
1898,"CO2","IND",11,61189.4623067688,"kt"
1898,"CO2","IND",12,70096.7129234509,"kt"
1898,"CO2","TRA",1,9234.48602525635,"kt"
1898,"CO2","TRA",2,8340.82608732832,"kt"
1898,"CO2","TRA",3,9234.48602525635,"kt"
1898,"CO2","TRA",4,8936.59937928034,"kt"
1898,"CO2","TRA",5,9234.48602525635,"kt"
1898,"CO2","TRA",6,8936.59937928034,"kt"
1898,"CO2","TRA",7,9234.48602525635,"kt"
1898,"CO2","TRA",8,9234.48602525635,"kt"
1898,"CO2","TRA",9,8936.59937928034,"kt"
1898,"CO2","TRA",10,9234.48602525635,"kt"
1898,"CO2","TRA",11,8936.59937928034,"kt"
1898,"CO2","TRA",12,9234.48602525635,"kt"
1898,"CO2","SLV",1,48.9976913886743,"kt"
1898,"CO2","SLV",2,44.2559793188026,"kt"
1898,"CO2","SLV",3,48.9976913886743,"kt"
1898,"CO2","SLV",4,47.4171206987171,"kt"
1898,"CO2","SLV",5,48.9976913886743,"kt"
1898,"CO2","SLV",6,47.4171206987171,"kt"
1898,"CO2","SLV",7,48.9976913886743,"kt"
1898,"CO2","SLV",8,48.9976913886743,"kt"
1898,"CO2","SLV",9,47.4171206987171,"kt"
1898,"CO2","SLV",10,48.9976913886743,"kt"
1898,"CO2","SLV",11,47.4171206987171,"kt"
1898,"CO2","SLV",12,48.9976913886743,"kt"
1898,"CO2","WST",1,0,"kt"
1898,"CO2","WST",2,0,"kt"
1898,"CO2","WST",3,0,"kt"
1898,"CO2","WST",4,0,"kt"
1898,"CO2","WST",5,0,"kt"
1898,"CO2","WST",6,0,"kt"
1898,"CO2","WST",7,0,"kt"
1898,"CO2","WST",8,0,"kt"
1898,"CO2","WST",9,0,"kt"
1898,"CO2","WST",10,0,"kt"
1898,"CO2","WST",11,0,"kt"
1898,"CO2","WST",12,0,"kt"
1898,"CO2","SHP",1,0,"kt"
1898,"CO2","SHP",2,0,"kt"
1898,"CO2","SHP",3,0,"kt"
1898,"CO2","SHP",4,0,"kt"
1898,"CO2","SHP",5,0,"kt"
1898,"CO2","SHP",6,0,"kt"
1898,"CO2","SHP",7,0,"kt"
1898,"CO2","SHP",8,0,"kt"
1898,"CO2","SHP",9,0,"kt"
1898,"CO2","SHP",10,0,"kt"
1898,"CO2","SHP",11,0,"kt"
1898,"CO2","SHP",12,0,"kt"
1898,"CO2","RCO",1,54041.8198667839,"kt"
1898,"CO2","RCO",2,42097.322226015,"kt"
1898,"CO2","RCO",3,37144.0484351712,"kt"
1898,"CO2","RCO",4,22133.1582305162,"kt"
1898,"CO2","RCO",5,15335.9196164236,"kt"
1898,"CO2","RCO",6,13991.8220984933,"kt"
1898,"CO2","RCO",7,14916.0609504242,"kt"
1898,"CO2","RCO",8,14911.743515109,"kt"
1898,"CO2","RCO",9,14037.1174590231,"kt"
1898,"CO2","RCO",10,18652.8827477342,"kt"
1898,"CO2","RCO",11,30993.6370700229,"kt"
1898,"CO2","RCO",12,52431.4675505729,"kt"
1899,"CO2","AGR",1,0,"kt"
1899,"CO2","AGR",2,0,"kt"
1899,"CO2","AGR",3,0,"kt"
1899,"CO2","AGR",4,0,"kt"
1899,"CO2","AGR",5,0,"kt"
1899,"CO2","AGR",6,0,"kt"
1899,"CO2","AGR",7,0,"kt"
1899,"CO2","AGR",8,0,"kt"
1899,"CO2","AGR",9,0,"kt"
1899,"CO2","AGR",10,0,"kt"
1899,"CO2","AGR",11,0,"kt"
1899,"CO2","AGR",12,0,"kt"
1899,"CO2","ENE",1,48548.0770686654,"kt"
1899,"CO2","ENE",2,40626.8171023726,"kt"
1899,"CO2","ENE",3,41368.690147338,"kt"
1899,"CO2","ENE",4,37112.6952088156,"kt"
1899,"CO2","ENE",5,35896.668138178,"kt"
1899,"CO2","ENE",6,35115.5209687206,"kt"
1899,"CO2","ENE",7,37349.7315070284,"kt"
1899,"CO2","ENE",8,36593.8784883566,"kt"
1899,"CO2","ENE",9,34579.0504831797,"kt"
1899,"CO2","ENE",10,36834.3127059378,"kt"
1899,"CO2","ENE",11,38029.2987769965,"kt"
1899,"CO2","ENE",12,45641.0523538166,"kt"
1899,"CO2","IND",1,76240.6775077238,"kt"
1899,"CO2","IND",2,68899.2884027516,"kt"
1899,"CO2","IND",3,68759.3033511566,"kt"
1899,"CO2","IND",4,66619.991971329,"kt"
1899,"CO2","IND",5,57638.9358903266,"kt"
1899,"CO2","IND",6,52218.6436223763,"kt"
1899,"CO2","IND",7,50198.2392433677,"kt"
1899,"CO2","IND",8,53959.2650764555,"kt"
1899,"CO2","IND",9,52139.9129586182,"kt"
1899,"CO2","IND",10,61399.9617234144,"kt"
1899,"CO2","IND",11,66580.6266394499,"kt"
1899,"CO2","IND",12,76281.3550173322,"kt"
1899,"CO2","TRA",1,10127.3262886084,"kt"
1899,"CO2","TRA",2,9147.26245422696,"kt"
1899,"CO2","TRA",3,10127.3262886084,"kt"
1899,"CO2","TRA",4,9800.63834381459,"kt"
1899,"CO2","TRA",5,10127.3262886084,"kt"
1899,"CO2","TRA",6,9800.63834381459,"kt"
1899,"CO2","TRA",7,10127.3262886084,"kt"
1899,"CO2","TRA",8,10127.3262886084,"kt"
1899,"CO2","TRA",9,9800.63834381459,"kt"
1899,"CO2","TRA",10,10127.3262886084,"kt"
1899,"CO2","TRA",11,9800.63834381459,"kt"
1899,"CO2","TRA",12,10127.3262886084,"kt"
1899,"CO2","SLV",1,51.0582690394622,"kt"
1899,"CO2","SLV",2,46.1171462291916,"kt"
1899,"CO2","SLV",3,51.0582690394622,"kt"
1899,"CO2","SLV",4,49.4112281027053,"kt"
1899,"CO2","SLV",5,51.0582690394622,"kt"
1899,"CO2","SLV",6,49.4112281027053,"kt"
1899,"CO2","SLV",7,51.0582690394622,"kt"
1899,"CO2","SLV",8,51.0582690394622,"kt"
1899,"CO2","SLV",9,49.4112281027053,"kt"
1899,"CO2","SLV",10,51.0582690394622,"kt"
1899,"CO2","SLV",11,49.4112281027053,"kt"
1899,"CO2","SLV",12,51.0582690394622,"kt"
1899,"CO2","WST",1,0,"kt"
1899,"CO2","WST",2,0,"kt"
1899,"CO2","WST",3,0,"kt"
1899,"CO2","WST",4,0,"kt"
1899,"CO2","WST",5,0,"kt"
1899,"CO2","WST",6,0,"kt"
1899,"CO2","WST",7,0,"kt"
1899,"CO2","WST",8,0,"kt"
1899,"CO2","WST",9,0,"kt"
1899,"CO2","WST",10,0,"kt"
1899,"CO2","WST",11,0,"kt"
1899,"CO2","WST",12,0,"kt"
1899,"CO2","SHP",1,0,"kt"
1899,"CO2","SHP",2,0,"kt"
1899,"CO2","SHP",3,0,"kt"
1899,"CO2","SHP",4,0,"kt"
1899,"CO2","SHP",5,0,"kt"
1899,"CO2","SHP",6,0,"kt"
1899,"CO2","SHP",7,0,"kt"
1899,"CO2","SHP",8,0,"kt"
1899,"CO2","SHP",9,0,"kt"
1899,"CO2","SHP",10,0,"kt"
1899,"CO2","SHP",11,0,"kt"
1899,"CO2","SHP",12,0,"kt"
1899,"CO2","RCO",1,58556.7100886728,"kt"
1899,"CO2","RCO",2,45629.9453541448,"kt"
1899,"CO2","RCO",3,40290.006760208,"kt"
1899,"CO2","RCO",4,23947.3527369712,"kt"
1899,"CO2","RCO",5,16619.7091334278,"kt"
1899,"CO2","RCO",6,15156.7659665744,"kt"
1899,"CO2","RCO",7,16156.5482532607,"kt"
1899,"CO2","RCO",8,16152.5295657424,"kt"
1899,"CO2","RCO",9,15209.1525988104,"kt"
1899,"CO2","RCO",10,20237.2513144285,"kt"
1899,"CO2","RCO",11,33569.1041285097,"kt"
1899,"CO2","RCO",12,56829.8769829637,"kt"
